Merchant,Grain FICO,QSB,Line Item,Driver Basis,rate
Merchant 1,Exceptional (800-850),0,Interest Revenue,Revolve Balance,0.04725017776076136
Merchant 1,Exceptional (800-850),1,Interest Revenue,Revolve Balance,0.04724967897467836
Merchant 1,Exceptional (800-850),2,Interest Revenue,Revolve Balance,0.04724958974710951
Merchant 1,Exceptional (800-850),3,Interest Revenue,Revolve Balance,0.04724968574743763
Merchant 1,Exceptional (800-850),4,Interest Revenue,Revolve Balance,0.04724972985548416
Merchant 1,Exceptional (800-850),5,Interest Revenue,Revolve Balance,0.04725056942693613
Merchant 1,Exceptional (800-850),6,Interest Revenue,Revolve Balance,0.04724972567028422
Merchant 1,Exceptional (800-850),7,Interest Revenue,Revolve Balance,0.0472499838558345
Merchant 1,Exceptional (800-850),8,Interest Revenue,Revolve Balance,0.04725035830590339
Merchant 1,Exceptional (800-850),9,Interest Revenue,Revolve Balance,0.047250371571409266
Merchant 1,Exceptional (800-850),10,Interest Revenue,Revolve Balance,0.04725017902480307
Merchant 1,Exceptional (800-850),11,Interest Revenue,Revolve Balance,0.047250321354719724
Merchant 1,Exceptional (800-850),12,Interest Revenue,Revolve Balance,0.04724870048014957
Merchant 1,Exceptional (800-850),13,Interest Revenue,Revolve Balance,0.04725152692948362
Merchant 1,Fair (580-669),0,Interest Revenue,Revolve Balance,0.0697496539186417
Merchant 1,Fair (580-669),1,Interest Revenue,Revolve Balance,0.06974981918180727
Merchant 1,Fair (580-669),2,Interest Revenue,Revolve Balance,0.069749936179895
Merchant 1,Fair (580-669),3,Interest Revenue,Revolve Balance,0.06975002044426463
Merchant 1,Fair (580-669),4,Interest Revenue,Revolve Balance,0.06975011262499219
Merchant 1,Fair (580-669),5,Interest Revenue,Revolve Balance,0.06974989502122904
Merchant 1,Fair (580-669),6,Interest Revenue,Revolve Balance,0.06975003310742837
Merchant 1,Fair (580-669),7,Interest Revenue,Revolve Balance,0.06975008368336374
Merchant 1,Fair (580-669),8,Interest Revenue,Revolve Balance,0.06975020638931279
Merchant 1,Fair (580-669),9,Interest Revenue,Revolve Balance,0.0697498315331813
Merchant 1,Fair (580-669),10,Interest Revenue,Revolve Balance,0.06974993785274322
Merchant 1,Fair (580-669),11,Interest Revenue,Revolve Balance,0.06974992668426244
Merchant 1,Fair (580-669),12,Interest Revenue,Revolve Balance,0.06974979856220503
Merchant 1,Fair (580-669),13,Interest Revenue,Revolve Balance,0.06975041996640269
Merchant 1,Good (670-739),0,Interest Revenue,Revolve Balance,0.06225005113873341
Merchant 1,Good (670-739),1,Interest Revenue,Revolve Balance,0.06224978056575399
Merchant 1,Good (670-739),2,Interest Revenue,Revolve Balance,0.06225050745696457
Merchant 1,Good (670-739),3,Interest Revenue,Revolve Balance,0.062249869743331944
Merchant 1,Good (670-739),4,Interest Revenue,Revolve Balance,0.062250099423918834
Merchant 1,Good (670-739),5,Interest Revenue,Revolve Balance,0.06225009066144906
Merchant 1,Good (670-739),6,Interest Revenue,Revolve Balance,0.06225020907804522
Merchant 1,Good (670-739),7,Interest Revenue,Revolve Balance,0.062250146746922405
Merchant 1,Good (670-739),8,Interest Revenue,Revolve Balance,0.06225019327406262
Merchant 1,Good (670-739),9,Interest Revenue,Revolve Balance,0.06224984175969058
Merchant 1,Good (670-739),10,Interest Revenue,Revolve Balance,0.06225019215987702
Merchant 1,Good (670-739),11,Interest Revenue,Revolve Balance,0.06224969858656337
Merchant 1,Good (670-739),12,Interest Revenue,Revolve Balance,0.06225019669551534
Merchant 1,Good (670-739),13,Interest Revenue,Revolve Balance,0.06225034419025706
Merchant 1,Poor (300-579),0,Interest Revenue,Revolve Balance,0.0747497434820195
Merchant 1,Poor (300-579),1,Interest Revenue,Revolve Balance,0.07474903673921728
Merchant 1,Poor (300-579),2,Interest Revenue,Revolve Balance,0.07475042166203218
Merchant 1,Poor (300-579),3,Interest Revenue,Revolve Balance,0.07474968797670226
Merchant 1,Poor (300-579),4,Interest Revenue,Revolve Balance,0.07474971883189194
Merchant 1,Poor (300-579),5,Interest Revenue,Revolve Balance,0.07475043772881279
Merchant 1,Poor (300-579),6,Interest Revenue,Revolve Balance,0.07475028403711419
Merchant 1,Poor (300-579),7,Interest Revenue,Revolve Balance,0.07475034083752603
Merchant 1,Poor (300-579),8,Interest Revenue,Revolve Balance,0.07474907853700029
Merchant 1,Poor (300-579),9,Interest Revenue,Revolve Balance,0.07475102804466878
Merchant 1,Poor (300-579),10,Interest Revenue,Revolve Balance,0.07475012038853196
Merchant 1,Poor (300-579),11,Interest Revenue,Revolve Balance,0.07475005135930973
Merchant 1,Poor (300-579),12,Interest Revenue,Revolve Balance,0.07475012026297503
Merchant 1,Poor (300-579),13,Interest Revenue,Revolve Balance,0.07474698207535667
Merchant 1,Very Good (740-799),0,Interest Revenue,Revolve Balance,0.054750057112547164
Merchant 1,Very Good (740-799),1,Interest Revenue,Revolve Balance,0.0547499078529233
Merchant 1,Very Good (740-799),2,Interest Revenue,Revolve Balance,0.05475001695223752
Merchant 1,Very Good (740-799),3,Interest Revenue,Revolve Balance,0.05474984233032317
Merchant 1,Very Good (740-799),4,Interest Revenue,Revolve Balance,0.05474999206099975
Merchant 1,Very Good (740-799),5,Interest Revenue,Revolve Balance,0.05475014838294164
Merchant 1,Very Good (740-799),6,Interest Revenue,Revolve Balance,0.05474978123774177
Merchant 1,Very Good (740-799),7,Interest Revenue,Revolve Balance,0.05474972320440016
Merchant 1,Very Good (740-799),8,Interest Revenue,Revolve Balance,0.05474992963839346
Merchant 1,Very Good (740-799),9,Interest Revenue,Revolve Balance,0.05475021403031676
Merchant 1,Very Good (740-799),10,Interest Revenue,Revolve Balance,0.054750360372166164
Merchant 1,Very Good (740-799),11,Interest Revenue,Revolve Balance,0.05474973216317785
Merchant 1,Very Good (740-799),12,Interest Revenue,Revolve Balance,0.05475039713387637
Merchant 1,Very Good (740-799),13,Interest Revenue,Revolve Balance,0.05474985833400793
Merchant 10,ALL,0,Interest Revenue,Revolve Balance,0.06363748268964456
Merchant 10,ALL,1,Interest Revenue,Revolve Balance,0.06397223466188984
Merchant 2,Exceptional (800-850),0,Interest Revenue,Revolve Balance,0.04724941988793933
Merchant 2,Exceptional (800-850),1,Interest Revenue,Revolve Balance,0.04725055064775122
Merchant 2,Exceptional (800-850),2,Interest Revenue,Revolve Balance,0.04724978844526502
Merchant 2,Exceptional (800-850),3,Interest Revenue,Revolve Balance,0.04725035666149081
Merchant 2,Exceptional (800-850),4,Interest Revenue,Revolve Balance,0.04725002067653627
Merchant 2,Exceptional (800-850),5,Interest Revenue,Revolve Balance,0.04725019640044373
Merchant 2,Exceptional (800-850),6,Interest Revenue,Revolve Balance,0.04725001156429115
Merchant 2,Exceptional (800-850),7,Interest Revenue,Revolve Balance,0.04724992028362815
Merchant 2,Exceptional (800-850),8,Interest Revenue,Revolve Balance,0.04724996975033947
Merchant 2,Exceptional (800-850),9,Interest Revenue,Revolve Balance,0.04725076790546714
Merchant 2,Exceptional (800-850),10,Interest Revenue,Revolve Balance,0.047250901243347965
Merchant 2,Exceptional (800-850),11,Interest Revenue,Revolve Balance,0.04725143695731931
Merchant 2,Fair (580-669),0,Interest Revenue,Revolve Balance,0.06975098611905695
Merchant 2,Fair (580-669),1,Interest Revenue,Revolve Balance,0.06974985094284214
Merchant 2,Fair (580-669),2,Interest Revenue,Revolve Balance,0.06974959690735669
Merchant 2,Fair (580-669),3,Interest Revenue,Revolve Balance,0.06975050144692319
Merchant 2,Fair (580-669),4,Interest Revenue,Revolve Balance,0.0697500096745482
Merchant 2,Fair (580-669),5,Interest Revenue,Revolve Balance,0.069749949989998
Merchant 2,Fair (580-669),6,Interest Revenue,Revolve Balance,0.06974976743392136
Merchant 2,Fair (580-669),7,Interest Revenue,Revolve Balance,0.06974956594938707
Merchant 2,Fair (580-669),8,Interest Revenue,Revolve Balance,0.06975041099985055
Merchant 2,Fair (580-669),9,Interest Revenue,Revolve Balance,0.06975014157500042
Merchant 2,Fair (580-669),10,Interest Revenue,Revolve Balance,0.06974995255266654
Merchant 2,Fair (580-669),11,Interest Revenue,Revolve Balance,0.06974871225703634
Merchant 2,Good (670-739),0,Interest Revenue,Revolve Balance,0.06225013829983404
Merchant 2,Good (670-739),1,Interest Revenue,Revolve Balance,0.0622503791399638
Merchant 2,Good (670-739),2,Interest Revenue,Revolve Balance,0.062250316335044395
Merchant 2,Good (670-739),3,Interest Revenue,Revolve Balance,0.062249756726910924
Merchant 2,Good (670-739),4,Interest Revenue,Revolve Balance,0.062250362267522306
Merchant 2,Good (670-739),5,Interest Revenue,Revolve Balance,0.062250105393951496
Merchant 2,Good (670-739),6,Interest Revenue,Revolve Balance,0.0622500351063798
Merchant 2,Good (670-739),7,Interest Revenue,Revolve Balance,0.06225026367051882
Merchant 2,Good (670-739),8,Interest Revenue,Revolve Balance,0.06224993627446353
Merchant 2,Good (670-739),9,Interest Revenue,Revolve Balance,0.06225055735434372
Merchant 2,Good (670-739),10,Interest Revenue,Revolve Balance,0.062249830323296194
Merchant 2,Good (670-739),11,Interest Revenue,Revolve Balance,0.06225023738812453
Merchant 2,Poor (300-579),0,Interest Revenue,Revolve Balance,0.07475124017289896
Merchant 2,Poor (300-579),1,Interest Revenue,Revolve Balance,0.07475100850103698
Merchant 2,Poor (300-579),2,Interest Revenue,Revolve Balance,0.07475169051106607
Merchant 2,Poor (300-579),3,Interest Revenue,Revolve Balance,0.07475105111750387
Merchant 2,Poor (300-579),4,Interest Revenue,Revolve Balance,0.07475089860830918
Merchant 2,Poor (300-579),5,Interest Revenue,Revolve Balance,0.07475015867210276
Merchant 2,Poor (300-579),6,Interest Revenue,Revolve Balance,0.07474809125142508
Merchant 2,Poor (300-579),7,Interest Revenue,Revolve Balance,0.07474948742383551
Merchant 2,Poor (300-579),8,Interest Revenue,Revolve Balance,0.07475121951219513
Merchant 2,Poor (300-579),9,Interest Revenue,Revolve Balance,0.07475120232369888
Merchant 2,Poor (300-579),10,Interest Revenue,Revolve Balance,0.07475209021971611
Merchant 2,Poor (300-579),11,Interest Revenue,Revolve Balance,0.07474762808349146
Merchant 2,Very Good (740-799),0,Interest Revenue,Revolve Balance,0.05475002640709173
Merchant 2,Very Good (740-799),1,Interest Revenue,Revolve Balance,0.05474974351054089
Merchant 2,Very Good (740-799),2,Interest Revenue,Revolve Balance,0.05475006167690699
Merchant 2,Very Good (740-799),3,Interest Revenue,Revolve Balance,0.054749917994209675
Merchant 2,Very Good (740-799),4,Interest Revenue,Revolve Balance,0.05475001918134039
Merchant 2,Very Good (740-799),5,Interest Revenue,Revolve Balance,0.054750001813947076
Merchant 2,Very Good (740-799),6,Interest Revenue,Revolve Balance,0.05475006770117468
Merchant 2,Very Good (740-799),7,Interest Revenue,Revolve Balance,0.05474959947100565
Merchant 2,Very Good (740-799),8,Interest Revenue,Revolve Balance,0.054750215174988785
Merchant 2,Very Good (740-799),9,Interest Revenue,Revolve Balance,0.054749892488908
Merchant 2,Very Good (740-799),10,Interest Revenue,Revolve Balance,0.05474988082469312
Merchant 2,Very Good (740-799),11,Interest Revenue,Revolve Balance,0.054749712994515004
Merchant 3,Exceptional (800-850),0,Interest Revenue,Revolve Balance,0.04725142045454545
Merchant 3,Exceptional (800-850),1,Interest Revenue,Revolve Balance,0.04724876305378521
Merchant 3,Exceptional (800-850),2,Interest Revenue,Revolve Balance,0.047250399906363386
Merchant 3,Exceptional (800-850),3,Interest Revenue,Revolve Balance,0.04725045316605226
Merchant 3,Exceptional (800-850),4,Interest Revenue,Revolve Balance,0.04724982855650016
Merchant 3,Exceptional (800-850),5,Interest Revenue,Revolve Balance,0.047249703205381875
Merchant 3,Exceptional (800-850),6,Interest Revenue,Revolve Balance,0.04725078479246599
Merchant 3,Exceptional (800-850),7,Interest Revenue,Revolve Balance,0.04725063311019062
Merchant 3,Exceptional (800-850),8,Interest Revenue,Revolve Balance,0.04724915172079496
Merchant 3,Exceptional (800-850),9,Interest Revenue,Revolve Balance,0.047248282485040996
Merchant 3,Fair (580-669),0,Interest Revenue,Revolve Balance,0.06975042830022689
Merchant 3,Fair (580-669),1,Interest Revenue,Revolve Balance,0.06974999214305917
Merchant 3,Fair (580-669),2,Interest Revenue,Revolve Balance,0.06974980963776786
Merchant 3,Fair (580-669),3,Interest Revenue,Revolve Balance,0.06975047187617969
Merchant 3,Fair (580-669),4,Interest Revenue,Revolve Balance,0.06975007193324595
Merchant 3,Fair (580-669),5,Interest Revenue,Revolve Balance,0.06974954272985748
Merchant 3,Fair (580-669),6,Interest Revenue,Revolve Balance,0.06974994247944948
Merchant 3,Fair (580-669),7,Interest Revenue,Revolve Balance,0.06974990482326412
Merchant 3,Fair (580-669),8,Interest Revenue,Revolve Balance,0.06974958187796525
Merchant 3,Fair (580-669),9,Interest Revenue,Revolve Balance,0.06974894864279342
Merchant 3,Good (670-739),0,Interest Revenue,Revolve Balance,0.062249708727341695
Merchant 3,Good (670-739),1,Interest Revenue,Revolve Balance,0.06224999252593501
Merchant 3,Good (670-739),2,Interest Revenue,Revolve Balance,0.06225008937656409
Merchant 3,Good (670-739),3,Interest Revenue,Revolve Balance,0.062250461542882184
Merchant 3,Good (670-739),4,Interest Revenue,Revolve Balance,0.06225009087604508
Merchant 3,Good (670-739),5,Interest Revenue,Revolve Balance,0.06224971028580888
Merchant 3,Good (670-739),6,Interest Revenue,Revolve Balance,0.062250187207640015
Merchant 3,Good (670-739),7,Interest Revenue,Revolve Balance,0.06225001914228635
Merchant 3,Good (670-739),8,Interest Revenue,Revolve Balance,0.062249279210138765
Merchant 3,Good (670-739),9,Interest Revenue,Revolve Balance,0.062250237289785584
Merchant 3,Poor (300-579),0,Interest Revenue,Revolve Balance,0.07474828033097398
Merchant 3,Poor (300-579),1,Interest Revenue,Revolve Balance,0.07475015142337978
Merchant 3,Poor (300-579),2,Interest Revenue,Revolve Balance,0.07474949899799599
Merchant 3,Poor (300-579),3,Interest Revenue,Revolve Balance,0.07474992365847113
Merchant 3,Poor (300-579),4,Interest Revenue,Revolve Balance,0.07474908667549882
Merchant 3,Poor (300-579),5,Interest Revenue,Revolve Balance,0.0747496511303377
Merchant 3,Poor (300-579),6,Interest Revenue,Revolve Balance,0.07474952734942703
Merchant 3,Poor (300-579),7,Interest Revenue,Revolve Balance,0.07475139952857984
Merchant 3,Poor (300-579),8,Interest Revenue,Revolve Balance,0.07475153012521758
Merchant 3,Poor (300-579),9,Interest Revenue,Revolve Balance,0.0747467438494935
Merchant 3,Very Good (740-799),0,Interest Revenue,Revolve Balance,0.05475003188368831
Merchant 3,Very Good (740-799),1,Interest Revenue,Revolve Balance,0.05475063529841565
Merchant 3,Very Good (740-799),2,Interest Revenue,Revolve Balance,0.054750139776659566
Merchant 3,Very Good (740-799),3,Interest Revenue,Revolve Balance,0.05474947162363469
Merchant 3,Very Good (740-799),4,Interest Revenue,Revolve Balance,0.054749837107255506
Merchant 3,Very Good (740-799),5,Interest Revenue,Revolve Balance,0.05474937468734367
Merchant 3,Very Good (740-799),6,Interest Revenue,Revolve Balance,0.05475013392515497
Merchant 3,Very Good (740-799),7,Interest Revenue,Revolve Balance,0.05474978658108298
Merchant 3,Very Good (740-799),8,Interest Revenue,Revolve Balance,0.05475014550594496
Merchant 3,Very Good (740-799),9,Interest Revenue,Revolve Balance,0.05475173940543959
Merchant 4,Exceptional (800-850),0,Interest Revenue,Revolve Balance,0.047250377399180504
Merchant 4,Exceptional (800-850),1,Interest Revenue,Revolve Balance,0.04724909829965077
Merchant 4,Exceptional (800-850),2,Interest Revenue,Revolve Balance,0.047250356817361096
Merchant 4,Exceptional (800-850),3,Interest Revenue,Revolve Balance,0.047249683644416327
Merchant 4,Exceptional (800-850),4,Interest Revenue,Revolve Balance,0.04725062421619912
Merchant 4,Exceptional (800-850),5,Interest Revenue,Revolve Balance,0.047249863597391466
Merchant 4,Exceptional (800-850),6,Interest Revenue,Revolve Balance,0.047251203535632544
Merchant 4,Exceptional (800-850),7,Interest Revenue,Revolve Balance,0.047248206454229724
Merchant 4,Exceptional (800-850),8,Interest Revenue,Revolve Balance,0.047252495124469426
Merchant 4,Fair (580-669),0,Interest Revenue,Revolve Balance,0.06975053679484677
Merchant 4,Fair (580-669),1,Interest Revenue,Revolve Balance,0.0697500680771462
Merchant 4,Fair (580-669),2,Interest Revenue,Revolve Balance,0.06975007314201992
Merchant 4,Fair (580-669),3,Interest Revenue,Revolve Balance,0.06975007123890123
Merchant 4,Fair (580-669),4,Interest Revenue,Revolve Balance,0.0697500346532366
Merchant 4,Fair (580-669),5,Interest Revenue,Revolve Balance,0.06975008451005921
Merchant 4,Fair (580-669),6,Interest Revenue,Revolve Balance,0.06974998098943012
Merchant 4,Fair (580-669),7,Interest Revenue,Revolve Balance,0.06974980305861367
Merchant 4,Fair (580-669),8,Interest Revenue,Revolve Balance,0.06975032991642117
Merchant 4,Good (670-739),0,Interest Revenue,Revolve Balance,0.06225016102283735
Merchant 4,Good (670-739),1,Interest Revenue,Revolve Balance,0.062249981709576394
Merchant 4,Good (670-739),2,Interest Revenue,Revolve Balance,0.06225024467711853
Merchant 4,Good (670-739),3,Interest Revenue,Revolve Balance,0.06225002905512726
Merchant 4,Good (670-739),4,Interest Revenue,Revolve Balance,0.0622502804847246
Merchant 4,Good (670-739),5,Interest Revenue,Revolve Balance,0.06224990202259444
Merchant 4,Good (670-739),6,Interest Revenue,Revolve Balance,0.062250102209796446
Merchant 4,Good (670-739),7,Interest Revenue,Revolve Balance,0.06224988706720166
Merchant 4,Good (670-739),8,Interest Revenue,Revolve Balance,0.06224986479177934
Merchant 4,Poor (300-579),0,Interest Revenue,Revolve Balance,0.07475085083592087
Merchant 4,Poor (300-579),1,Interest Revenue,Revolve Balance,0.07474942797453243
Merchant 4,Poor (300-579),2,Interest Revenue,Revolve Balance,0.07474988320804742
Merchant 4,Poor (300-579),3,Interest Revenue,Revolve Balance,0.0747509194249415
Merchant 4,Poor (300-579),4,Interest Revenue,Revolve Balance,0.07475005689145112
Merchant 4,Poor (300-579),5,Interest Revenue,Revolve Balance,0.07474904012746063
Merchant 4,Poor (300-579),6,Interest Revenue,Revolve Balance,0.07475022706630335
Merchant 4,Poor (300-579),7,Interest Revenue,Revolve Balance,0.07474965077334769
Merchant 4,Poor (300-579),8,Interest Revenue,Revolve Balance,0.07474906445633547
Merchant 4,Very Good (740-799),0,Interest Revenue,Revolve Balance,0.054749825594115197
Merchant 4,Very Good (740-799),1,Interest Revenue,Revolve Balance,0.05475038944303529
Merchant 4,Very Good (740-799),2,Interest Revenue,Revolve Balance,0.05475002693228809
Merchant 4,Very Good (740-799),3,Interest Revenue,Revolve Balance,0.05474989790346486
Merchant 4,Very Good (740-799),4,Interest Revenue,Revolve Balance,0.0547499258540268
Merchant 4,Very Good (740-799),5,Interest Revenue,Revolve Balance,0.05475013693744188
Merchant 4,Very Good (740-799),6,Interest Revenue,Revolve Balance,0.054749681025578714
Merchant 4,Very Good (740-799),7,Interest Revenue,Revolve Balance,0.05474976602137826
Merchant 4,Very Good (740-799),8,Interest Revenue,Revolve Balance,0.05475103342069003
Merchant 5,Exceptional (800-850),0,Interest Revenue,Revolve Balance,0.04725112575368255
Merchant 5,Exceptional (800-850),1,Interest Revenue,Revolve Balance,0.04725028058361392
Merchant 5,Exceptional (800-850),2,Interest Revenue,Revolve Balance,0.04725165482627355
Merchant 5,Exceptional (800-850),3,Interest Revenue,Revolve Balance,0.04724787800316501
Merchant 5,Exceptional (800-850),4,Interest Revenue,Revolve Balance,0.047247217223222025
Merchant 5,Exceptional (800-850),5,Interest Revenue,Revolve Balance,0.0472519657038998
Merchant 5,Exceptional (800-850),6,Interest Revenue,Revolve Balance,0.04725434275343531
Merchant 5,Exceptional (800-850),7,Interest Revenue,Revolve Balance,0.04725260416666666
Merchant 5,Fair (580-669),0,Interest Revenue,Revolve Balance,0.06975022034036908
Merchant 5,Fair (580-669),1,Interest Revenue,Revolve Balance,0.06975056436997233
Merchant 5,Fair (580-669),2,Interest Revenue,Revolve Balance,0.06975033751022038
Merchant 5,Fair (580-669),3,Interest Revenue,Revolve Balance,0.06974976878915316
Merchant 5,Fair (580-669),4,Interest Revenue,Revolve Balance,0.06974978214863688
Merchant 5,Fair (580-669),5,Interest Revenue,Revolve Balance,0.069750286536445
Merchant 5,Fair (580-669),6,Interest Revenue,Revolve Balance,0.0697504
Merchant 5,Fair (580-669),7,Interest Revenue,Revolve Balance,0.0697497994018528
Merchant 5,Good (670-739),0,Interest Revenue,Revolve Balance,0.06224991265867008
Merchant 5,Good (670-739),1,Interest Revenue,Revolve Balance,0.062250063403499874
Merchant 5,Good (670-739),2,Interest Revenue,Revolve Balance,0.06225041546357892
Merchant 5,Good (670-739),3,Interest Revenue,Revolve Balance,0.062249524059982735
Merchant 5,Good (670-739),4,Interest Revenue,Revolve Balance,0.06225007181364526
Merchant 5,Good (670-739),5,Interest Revenue,Revolve Balance,0.06224992093162816
Merchant 5,Good (670-739),6,Interest Revenue,Revolve Balance,0.06224967598979891
Merchant 5,Good (670-739),7,Interest Revenue,Revolve Balance,0.06224899598393574
Merchant 5,Poor (300-579),0,Interest Revenue,Revolve Balance,0.07474904792891203
Merchant 5,Poor (300-579),1,Interest Revenue,Revolve Balance,0.07474883233247545
Merchant 5,Poor (300-579),2,Interest Revenue,Revolve Balance,0.07474977168949772
Merchant 5,Poor (300-579),3,Interest Revenue,Revolve Balance,0.07475056832533468
Merchant 5,Poor (300-579),4,Interest Revenue,Revolve Balance,0.07474960399658828
Merchant 5,Poor (300-579),5,Interest Revenue,Revolve Balance,0.07475016754784422
Merchant 5,Poor (300-579),6,Interest Revenue,Revolve Balance,0.0747508368477788
Merchant 5,Poor (300-579),7,Interest Revenue,Revolve Balance,0.07475103061744406
Merchant 5,Very Good (740-799),0,Interest Revenue,Revolve Balance,0.05474944799155944
Merchant 5,Very Good (740-799),1,Interest Revenue,Revolve Balance,0.05475031602416714
Merchant 5,Very Good (740-799),2,Interest Revenue,Revolve Balance,0.05474968797670226
Merchant 5,Very Good (740-799),3,Interest Revenue,Revolve Balance,0.054750360987520987
Merchant 5,Very Good (740-799),4,Interest Revenue,Revolve Balance,0.05475075507772451
Merchant 5,Very Good (740-799),5,Interest Revenue,Revolve Balance,0.05475017009342693
Merchant 5,Very Good (740-799),6,Interest Revenue,Revolve Balance,0.05475151072019956
Merchant 5,Very Good (740-799),7,Interest Revenue,Revolve Balance,0.05475153960501168
Merchant 6,Exceptional (800-850),0,Interest Revenue,Revolve Balance,0.04725005681700791
Merchant 6,Exceptional (800-850),1,Interest Revenue,Revolve Balance,0.04725015581046709
Merchant 6,Exceptional (800-850),2,Interest Revenue,Revolve Balance,0.04724913363519085
Merchant 6,Exceptional (800-850),3,Interest Revenue,Revolve Balance,0.04724932769880907
Merchant 6,Exceptional (800-850),4,Interest Revenue,Revolve Balance,0.047250139746061445
Merchant 6,Exceptional (800-850),5,Interest Revenue,Revolve Balance,0.04724905438599135
Merchant 6,Exceptional (800-850),6,Interest Revenue,Revolve Balance,0.04725083612040134
Merchant 6,Fair (580-669),0,Interest Revenue,Revolve Balance,0.06974969254141648
Merchant 6,Fair (580-669),1,Interest Revenue,Revolve Balance,0.06974974371344148
Merchant 6,Fair (580-669),2,Interest Revenue,Revolve Balance,0.06974990075426757
Merchant 6,Fair (580-669),3,Interest Revenue,Revolve Balance,0.06974995422802291
Merchant 6,Fair (580-669),4,Interest Revenue,Revolve Balance,0.0697495183044316
Merchant 6,Fair (580-669),5,Interest Revenue,Revolve Balance,0.06975001846634377
Merchant 6,Fair (580-669),6,Interest Revenue,Revolve Balance,0.06975053097663703
Merchant 6,Good (670-739),0,Interest Revenue,Revolve Balance,0.062249565428905355
Merchant 6,Good (670-739),1,Interest Revenue,Revolve Balance,0.06224977521177417
Merchant 6,Good (670-739),2,Interest Revenue,Revolve Balance,0.06225039264078977
Merchant 6,Good (670-739),3,Interest Revenue,Revolve Balance,0.06224984337802281
Merchant 6,Good (670-739),4,Interest Revenue,Revolve Balance,0.06225005849216205
Merchant 6,Good (670-739),5,Interest Revenue,Revolve Balance,0.06225013592605622
Merchant 6,Good (670-739),6,Interest Revenue,Revolve Balance,0.062249572199552454
Merchant 6,Poor (300-579),0,Interest Revenue,Revolve Balance,0.07474868315328989
Merchant 6,Poor (300-579),1,Interest Revenue,Revolve Balance,0.07475155802593902
Merchant 6,Poor (300-579),2,Interest Revenue,Revolve Balance,0.07474839616575198
Merchant 6,Poor (300-579),3,Interest Revenue,Revolve Balance,0.07474916103095242
Merchant 6,Poor (300-579),4,Interest Revenue,Revolve Balance,0.07474987698868296
Merchant 6,Poor (300-579),5,Interest Revenue,Revolve Balance,0.07475137507639314
Merchant 6,Poor (300-579),6,Interest Revenue,Revolve Balance,0.07475054030440981
Merchant 6,Very Good (740-799),0,Interest Revenue,Revolve Balance,0.0547505306153856
Merchant 6,Very Good (740-799),1,Interest Revenue,Revolve Balance,0.05474982747590959
Merchant 6,Very Good (740-799),2,Interest Revenue,Revolve Balance,0.05474974514532932
Merchant 6,Very Good (740-799),3,Interest Revenue,Revolve Balance,0.054750081474157504
Merchant 6,Very Good (740-799),4,Interest Revenue,Revolve Balance,0.05475009230975798
Merchant 6,Very Good (740-799),5,Interest Revenue,Revolve Balance,0.054749361572941406
Merchant 6,Very Good (740-799),6,Interest Revenue,Revolve Balance,0.054749232501812684
Merchant 7,Exceptional (800-850),0,Interest Revenue,Revolve Balance,0.04725012728017782
Merchant 7,Exceptional (800-850),1,Interest Revenue,Revolve Balance,0.047249127204368455
Merchant 7,Exceptional (800-850),2,Interest Revenue,Revolve Balance,0.04724954910641089
Merchant 7,Exceptional (800-850),3,Interest Revenue,Revolve Balance,0.04724959912393915
Merchant 7,Exceptional (800-850),4,Interest Revenue,Revolve Balance,0.04724964739069112
Merchant 7,Exceptional (800-850),5,Interest Revenue,Revolve Balance,0.04724908017455292
Merchant 7,Fair (580-669),0,Interest Revenue,Revolve Balance,0.0697487091222031
Merchant 7,Fair (580-669),1,Interest Revenue,Revolve Balance,0.06974984986372246
Merchant 7,Fair (580-669),2,Interest Revenue,Revolve Balance,0.06975000270911672
Merchant 7,Fair (580-669),3,Interest Revenue,Revolve Balance,0.06974923078954666
Merchant 7,Fair (580-669),4,Interest Revenue,Revolve Balance,0.06975085755551544
Merchant 7,Fair (580-669),5,Interest Revenue,Revolve Balance,0.0697518723050155
Merchant 7,Good (670-739),0,Interest Revenue,Revolve Balance,0.06225011622501162
Merchant 7,Good (670-739),1,Interest Revenue,Revolve Balance,0.06225032858589558
Merchant 7,Good (670-739),2,Interest Revenue,Revolve Balance,0.06225011048431123
Merchant 7,Good (670-739),3,Interest Revenue,Revolve Balance,0.062249934428574835
Merchant 7,Good (670-739),4,Interest Revenue,Revolve Balance,0.062249495445371734
Merchant 7,Good (670-739),5,Interest Revenue,Revolve Balance,0.06224964739069112
Merchant 7,Poor (300-579),0,Interest Revenue,Revolve Balance,0.07474921427648856
Merchant 7,Poor (300-579),1,Interest Revenue,Revolve Balance,0.07475085527294363
Merchant 7,Poor (300-579),2,Interest Revenue,Revolve Balance,0.07474898525955992
Merchant 7,Poor (300-579),3,Interest Revenue,Revolve Balance,0.07475100471780535
Merchant 7,Poor (300-579),4,Interest Revenue,Revolve Balance,0.07474729241877257
Merchant 7,Poor (300-579),5,Interest Revenue,Revolve Balance,0.0747454448017149
Merchant 7,Very Good (740-799),0,Interest Revenue,Revolve Balance,0.05474958861830865
Merchant 7,Very Good (740-799),1,Interest Revenue,Revolve Balance,0.05475012037669507
Merchant 7,Very Good (740-799),2,Interest Revenue,Revolve Balance,0.05474976107841658
Merchant 7,Very Good (740-799),3,Interest Revenue,Revolve Balance,0.05474963068303716
Merchant 7,Very Good (740-799),4,Interest Revenue,Revolve Balance,0.054750202405973225
Merchant 7,Very Good (740-799),5,Interest Revenue,Revolve Balance,0.054749326145552564
Merchant 8,Exceptional (800-850),0,Interest Revenue,Revolve Balance,0.04725486418801772
Merchant 8,Exceptional (800-850),1,Interest Revenue,Revolve Balance,0.04725140483752749
Merchant 8,Exceptional (800-850),2,Interest Revenue,Revolve Balance,0.047249974770410735
Merchant 8,Exceptional (800-850),3,Interest Revenue,Revolve Balance,0.047258722247394656
Merchant 8,Exceptional (800-850),4,Interest Revenue,Revolve Balance,0.0472378432021171
Merchant 8,Fair (580-669),0,Interest Revenue,Revolve Balance,0.06975071334597707
Merchant 8,Fair (580-669),1,Interest Revenue,Revolve Balance,0.06975100192964227
Merchant 8,Fair (580-669),2,Interest Revenue,Revolve Balance,0.06974862695395015
Merchant 8,Fair (580-669),3,Interest Revenue,Revolve Balance,0.06975021102322819
Merchant 8,Fair (580-669),4,Interest Revenue,Revolve Balance,0.06974979619991221
Merchant 8,Good (670-739),0,Interest Revenue,Revolve Balance,0.062249991212344896
Merchant 8,Good (670-739),1,Interest Revenue,Revolve Balance,0.062250471549827095
Merchant 8,Good (670-739),2,Interest Revenue,Revolve Balance,0.06225196850393701
Merchant 8,Good (670-739),3,Interest Revenue,Revolve Balance,0.06225269003818119
Merchant 8,Good (670-739),4,Interest Revenue,Revolve Balance,0.06224849616262186
Merchant 8,Poor (300-579),0,Interest Revenue,Revolve Balance,0.07474943671820371
Merchant 8,Poor (300-579),1,Interest Revenue,Revolve Balance,0.07474760116812683
Merchant 8,Poor (300-579),2,Interest Revenue,Revolve Balance,0.07474955528508567
Merchant 8,Poor (300-579),3,Interest Revenue,Revolve Balance,0.07474761938855874
Merchant 8,Poor (300-579),4,Interest Revenue,Revolve Balance,0.07474571345539087
Merchant 8,Very Good (740-799),0,Interest Revenue,Revolve Balance,0.05474735191526129
Merchant 8,Very Good (740-799),1,Interest Revenue,Revolve Balance,0.05474862484132784
Merchant 8,Very Good (740-799),2,Interest Revenue,Revolve Balance,0.05475096656811462
Merchant 8,Very Good (740-799),3,Interest Revenue,Revolve Balance,0.05474824729126832
Merchant 8,Very Good (740-799),4,Interest Revenue,Revolve Balance,0.054743112434847356
Merchant 9,ALL,0,Interest Revenue,Revolve Balance,0.06562525379362907
Merchant 9,ALL,1,Interest Revenue,Revolve Balance,0.06603253292021688
Merchant 9,ALL,2,Interest Revenue,Revolve Balance,0.0662629044742212
Merchant 9,ALL,3,Interest Revenue,Revolve Balance,0.06640236073254792
Merchant 1,Exceptional (800-850),0,Interchange Revenue,Net Transaction Volume,0.013120070531115025
Merchant 1,Exceptional (800-850),1,Interchange Revenue,Net Transaction Volume,0.013203954728845307
Merchant 1,Exceptional (800-850),2,Interchange Revenue,Net Transaction Volume,0.013287955451575392
Merchant 1,Exceptional (800-850),3,Interchange Revenue,Net Transaction Volume,0.01337211159833545
Merchant 1,Exceptional (800-850),4,Interchange Revenue,Net Transaction Volume,0.013456149626594409
Merchant 1,Exceptional (800-850),5,Interchange Revenue,Net Transaction Volume,0.01354007228574736
Merchant 1,Exceptional (800-850),6,Interchange Revenue,Net Transaction Volume,0.0136240982993697
Merchant 1,Exceptional (800-850),7,Interchange Revenue,Net Transaction Volume,0.013707849879365477
Merchant 1,Exceptional (800-850),8,Interchange Revenue,Net Transaction Volume,0.013792123426715389
Merchant 1,Exceptional (800-850),9,Interchange Revenue,Net Transaction Volume,0.01387604487490682
Merchant 1,Exceptional (800-850),10,Interchange Revenue,Net Transaction Volume,0.013960128683833124
Merchant 1,Exceptional (800-850),11,Interchange Revenue,Net Transaction Volume,0.01404382231711579
Merchant 1,Exceptional (800-850),12,Interchange Revenue,Net Transaction Volume,0.014128331100193538
Merchant 1,Exceptional (800-850),13,Interchange Revenue,Net Transaction Volume,0.014212130967485371
Merchant 1,Fair (580-669),0,Interchange Revenue,Net Transaction Volume,0.015119893529258943
Merchant 1,Fair (580-669),1,Interchange Revenue,Net Transaction Volume,0.01520442930153322
Merchant 1,Fair (580-669),2,Interchange Revenue,Net Transaction Volume,0.015287967532034267
Merchant 1,Fair (580-669),3,Interchange Revenue,Net Transaction Volume,0.015371952760530863
Merchant 1,Fair (580-669),4,Interchange Revenue,Net Transaction Volume,0.015455979610558598
Merchant 1,Fair (580-669),5,Interchange Revenue,Net Transaction Volume,0.015539516092423624
Merchant 1,Fair (580-669),6,Interchange Revenue,Net Transaction Volume,0.015623754076406425
Merchant 1,Fair (580-669),7,Interchange Revenue,Net Transaction Volume,0.01570792919107526
Merchant 1,Fair (580-669),8,Interchange Revenue,Net Transaction Volume,0.015791664049249324
Merchant 1,Fair (580-669),9,Interchange Revenue,Net Transaction Volume,0.01587734107356179
Merchant 1,Fair (580-669),10,Interchange Revenue,Net Transaction Volume,0.01596007847820524
Merchant 1,Fair (580-669),11,Interchange Revenue,Net Transaction Volume,0.016044422121770187
Merchant 1,Fair (580-669),12,Interchange Revenue,Net Transaction Volume,0.01612949588588265
Merchant 1,Fair (580-669),13,Interchange Revenue,Net Transaction Volume,0.01621362799263352
Merchant 1,Good (670-739),0,Interchange Revenue,Net Transaction Volume,0.01411998850229954
Merchant 1,Good (670-739),1,Interchange Revenue,Net Transaction Volume,0.014203946906383874
Merchant 1,Good (670-739),2,Interchange Revenue,Net Transaction Volume,0.014287999349693268
Merchant 1,Good (670-739),3,Interchange Revenue,Net Transaction Volume,0.01437197430334536
Merchant 1,Good (670-739),4,Interchange Revenue,Net Transaction Volume,0.014456253255157975
Merchant 1,Good (670-739),5,Interchange Revenue,Net Transaction Volume,0.014540361801962498
Merchant 1,Good (670-739),6,Interchange Revenue,Net Transaction Volume,0.014624134407991827
Merchant 1,Good (670-739),7,Interchange Revenue,Net Transaction Volume,0.014708031621603668
Merchant 1,Good (670-739),8,Interchange Revenue,Net Transaction Volume,0.014791748829712443
Merchant 1,Good (670-739),9,Interchange Revenue,Net Transaction Volume,0.014876319790975093
Merchant 1,Good (670-739),10,Interchange Revenue,Net Transaction Volume,0.014959746702492695
Merchant 1,Good (670-739),11,Interchange Revenue,Net Transaction Volume,0.015044780318542022
Merchant 1,Good (670-739),12,Interchange Revenue,Net Transaction Volume,0.01512804784542248
Merchant 1,Good (670-739),13,Interchange Revenue,Net Transaction Volume,0.015212969241200764
Merchant 1,Poor (300-579),0,Interchange Revenue,Net Transaction Volume,0.015120066150289407
Merchant 1,Poor (300-579),1,Interchange Revenue,Net Transaction Volume,0.01520426566298126
Merchant 1,Poor (300-579),2,Interchange Revenue,Net Transaction Volume,0.015287455506417863
Merchant 1,Poor (300-579),3,Interchange Revenue,Net Transaction Volume,0.015371773306183363
Merchant 1,Poor (300-579),4,Interchange Revenue,Net Transaction Volume,0.015455030344966772
Merchant 1,Poor (300-579),5,Interchange Revenue,Net Transaction Volume,0.015539239287433799
Merchant 1,Poor (300-579),6,Interchange Revenue,Net Transaction Volume,0.015620747307438081
Merchant 1,Poor (300-579),7,Interchange Revenue,Net Transaction Volume,0.01571231459123836
Merchant 1,Poor (300-579),8,Interchange Revenue,Net Transaction Volume,0.015789152583734978
Merchant 1,Poor (300-579),9,Interchange Revenue,Net Transaction Volume,0.015871732686607385
Merchant 1,Poor (300-579),10,Interchange Revenue,Net Transaction Volume,0.01596394027608226
Merchant 1,Poor (300-579),11,Interchange Revenue,Net Transaction Volume,0.01604634322954381
Merchant 1,Poor (300-579),12,Interchange Revenue,Net Transaction Volume,0.016128556685832227
Merchant 1,Poor (300-579),13,Interchange Revenue,Net Transaction Volume,0.016224552745219
Merchant 1,Very Good (740-799),0,Interchange Revenue,Net Transaction Volume,0.014119963461846689
Merchant 1,Very Good (740-799),1,Interchange Revenue,Net Transaction Volume,0.014203862257869383
Merchant 1,Very Good (740-799),2,Interchange Revenue,Net Transaction Volume,0.014287970183477
Merchant 1,Very Good (740-799),3,Interchange Revenue,Net Transaction Volume,0.014371924965593854
Merchant 1,Very Good (740-799),4,Interchange Revenue,Net Transaction Volume,0.01445593127574988
Merchant 1,Very Good (740-799),5,Interchange Revenue,Net Transaction Volume,0.014540166445483524
Merchant 1,Very Good (740-799),6,Interchange Revenue,Net Transaction Volume,0.014624054688934756
Merchant 1,Very Good (740-799),7,Interchange Revenue,Net Transaction Volume,0.014707817282114356
Merchant 1,Very Good (740-799),8,Interchange Revenue,Net Transaction Volume,0.01479203714680893
Merchant 1,Very Good (740-799),9,Interchange Revenue,Net Transaction Volume,0.014875878504224149
Merchant 1,Very Good (740-799),10,Interchange Revenue,Net Transaction Volume,0.014960225895507589
Merchant 1,Very Good (740-799),11,Interchange Revenue,Net Transaction Volume,0.015044031884996317
Merchant 1,Very Good (740-799),12,Interchange Revenue,Net Transaction Volume,0.015128149039337927
Merchant 1,Very Good (740-799),13,Interchange Revenue,Net Transaction Volume,0.01521200121296445
Merchant 10,ALL,0,Interchange Revenue,Net Transaction Volume,0.01421101447716855
Merchant 10,ALL,1,Interchange Revenue,Net Transaction Volume,0.014308575731902477
Merchant 2,Exceptional (800-850),0,Interchange Revenue,Net Transaction Volume,0.01353999956784477
Merchant 2,Exceptional (800-850),1,Interchange Revenue,Net Transaction Volume,0.0136450782667398
Merchant 2,Exceptional (800-850),2,Interchange Revenue,Net Transaction Volume,0.013750075928991207
Merchant 2,Exceptional (800-850),3,Interchange Revenue,Net Transaction Volume,0.013854967819479765
Merchant 2,Exceptional (800-850),4,Interchange Revenue,Net Transaction Volume,0.013959847905108092
Merchant 2,Exceptional (800-850),5,Interchange Revenue,Net Transaction Volume,0.014065076481204992
Merchant 2,Exceptional (800-850),6,Interchange Revenue,Net Transaction Volume,0.014169689630078162
Merchant 2,Exceptional (800-850),7,Interchange Revenue,Net Transaction Volume,0.01427470445792714
Merchant 2,Exceptional (800-850),8,Interchange Revenue,Net Transaction Volume,0.014380239625776602
Merchant 2,Exceptional (800-850),9,Interchange Revenue,Net Transaction Volume,0.014485163749404442
Merchant 2,Exceptional (800-850),10,Interchange Revenue,Net Transaction Volume,0.014589509209248992
Merchant 2,Exceptional (800-850),11,Interchange Revenue,Net Transaction Volume,0.014694873658088487
Merchant 2,Fair (580-669),0,Interchange Revenue,Net Transaction Volume,0.015539798367067087
Merchant 2,Fair (580-669),1,Interchange Revenue,Net Transaction Volume,0.01564497265599262
Merchant 2,Fair (580-669),2,Interchange Revenue,Net Transaction Volume,0.015750362293017843
Merchant 2,Fair (580-669),3,Interchange Revenue,Net Transaction Volume,0.015855353879614786
Merchant 2,Fair (580-669),4,Interchange Revenue,Net Transaction Volume,0.01595953834391194
Merchant 2,Fair (580-669),5,Interchange Revenue,Net Transaction Volume,0.01606469788971881
Merchant 2,Fair (580-669),6,Interchange Revenue,Net Transaction Volume,0.016168955979560265
Merchant 2,Fair (580-669),7,Interchange Revenue,Net Transaction Volume,0.01627593863306209
Merchant 2,Fair (580-669),8,Interchange Revenue,Net Transaction Volume,0.016380732672399947
Merchant 2,Fair (580-669),9,Interchange Revenue,Net Transaction Volume,0.016485633826674288
Merchant 2,Fair (580-669),10,Interchange Revenue,Net Transaction Volume,0.01658830443726124
Merchant 2,Fair (580-669),11,Interchange Revenue,Net Transaction Volume,0.01669150521609538
Merchant 2,Good (670-739),0,Interchange Revenue,Net Transaction Volume,0.014540167580218645
Merchant 2,Good (670-739),1,Interchange Revenue,Net Transaction Volume,0.014644785615302173
Merchant 2,Good (670-739),2,Interchange Revenue,Net Transaction Volume,0.014749702196597894
Merchant 2,Good (670-739),3,Interchange Revenue,Net Transaction Volume,0.014855152116075715
Merchant 2,Good (670-739),4,Interchange Revenue,Net Transaction Volume,0.014959839604423179
Merchant 2,Good (670-739),5,Interchange Revenue,Net Transaction Volume,0.015065057218999844
Merchant 2,Good (670-739),6,Interchange Revenue,Net Transaction Volume,0.015170246241353151
Merchant 2,Good (670-739),7,Interchange Revenue,Net Transaction Volume,0.015274713680050645
Merchant 2,Good (670-739),8,Interchange Revenue,Net Transaction Volume,0.015379739607126542
Merchant 2,Good (670-739),9,Interchange Revenue,Net Transaction Volume,0.015484834654163728
Merchant 2,Good (670-739),10,Interchange Revenue,Net Transaction Volume,0.015590581346030183
Merchant 2,Good (670-739),11,Interchange Revenue,Net Transaction Volume,0.015693709499419905
Merchant 2,Poor (300-579),0,Interchange Revenue,Net Transaction Volume,0.015538900311733104
Merchant 2,Poor (300-579),1,Interchange Revenue,Net Transaction Volume,0.015645319247997173
Merchant 2,Poor (300-579),2,Interchange Revenue,Net Transaction Volume,0.01574927819688926
Merchant 2,Poor (300-579),3,Interchange Revenue,Net Transaction Volume,0.015854802469405117
Merchant 2,Poor (300-579),4,Interchange Revenue,Net Transaction Volume,0.01596356196414653
Merchant 2,Poor (300-579),5,Interchange Revenue,Net Transaction Volume,0.016063783582552584
Merchant 2,Poor (300-579),6,Interchange Revenue,Net Transaction Volume,0.016167870657034743
Merchant 2,Poor (300-579),7,Interchange Revenue,Net Transaction Volume,0.016276290630975142
Merchant 2,Poor (300-579),8,Interchange Revenue,Net Transaction Volume,0.01638502418343584
Merchant 2,Poor (300-579),9,Interchange Revenue,Net Transaction Volume,0.016485131396957124
Merchant 2,Poor (300-579),10,Interchange Revenue,Net Transaction Volume,0.016592261904761905
Merchant 2,Poor (300-579),11,Interchange Revenue,Net Transaction Volume,0.016703090852325943
Merchant 2,Very Good (740-799),0,Interchange Revenue,Net Transaction Volume,0.014539954980303882
Merchant 2,Very Good (740-799),1,Interchange Revenue,Net Transaction Volume,0.014645034586890947
Merchant 2,Very Good (740-799),2,Interchange Revenue,Net Transaction Volume,0.014750119618721943
Merchant 2,Very Good (740-799),3,Interchange Revenue,Net Transaction Volume,0.014855098912329367
Merchant 2,Very Good (740-799),4,Interchange Revenue,Net Transaction Volume,0.014960039716919603
Merchant 2,Very Good (740-799),5,Interchange Revenue,Net Transaction Volume,0.015065139589062589
Merchant 2,Very Good (740-799),6,Interchange Revenue,Net Transaction Volume,0.015169821080536851
Merchant 2,Very Good (740-799),7,Interchange Revenue,Net Transaction Volume,0.015275295338781154
Merchant 2,Very Good (740-799),8,Interchange Revenue,Net Transaction Volume,0.015379964270990793
Merchant 2,Very Good (740-799),9,Interchange Revenue,Net Transaction Volume,0.01548500923978844
Merchant 2,Very Good (740-799),10,Interchange Revenue,Net Transaction Volume,0.015589884876512842
Merchant 2,Very Good (740-799),11,Interchange Revenue,Net Transaction Volume,0.015695386418822743
Merchant 3,Exceptional (800-850),0,Interchange Revenue,Net Transaction Volume,0.01325977745218753
Merchant 3,Exceptional (800-850),1,Interchange Revenue,Net Transaction Volume,0.013357998221333784
Merchant 3,Exceptional (800-850),2,Interchange Revenue,Net Transaction Volume,0.01345615143459966
Merchant 3,Exceptional (800-850),3,Interchange Revenue,Net Transaction Volume,0.013554258820769586
Merchant 3,Exceptional (800-850),4,Interchange Revenue,Net Transaction Volume,0.013652450335896836
Merchant 3,Exceptional (800-850),5,Interchange Revenue,Net Transaction Volume,0.013749825140586968
Merchant 3,Exceptional (800-850),6,Interchange Revenue,Net Transaction Volume,0.013848032637285951
Merchant 3,Exceptional (800-850),7,Interchange Revenue,Net Transaction Volume,0.013946711074104912
Merchant 3,Exceptional (800-850),8,Interchange Revenue,Net Transaction Volume,0.014043776340577598
Merchant 3,Exceptional (800-850),9,Interchange Revenue,Net Transaction Volume,0.01414057558507274
Merchant 3,Fair (580-669),0,Interchange Revenue,Net Transaction Volume,0.015260007275142736
Merchant 3,Fair (580-669),1,Interchange Revenue,Net Transaction Volume,0.015358223445467657
Merchant 3,Fair (580-669),2,Interchange Revenue,Net Transaction Volume,0.015455812419545304
Merchant 3,Fair (580-669),3,Interchange Revenue,Net Transaction Volume,0.01555338794824984
Merchant 3,Fair (580-669),4,Interchange Revenue,Net Transaction Volume,0.0156524010907369
Merchant 3,Fair (580-669),5,Interchange Revenue,Net Transaction Volume,0.015749984103770584
Merchant 3,Fair (580-669),6,Interchange Revenue,Net Transaction Volume,0.015847968744073133
Merchant 3,Fair (580-669),7,Interchange Revenue,Net Transaction Volume,0.01594473415821579
Merchant 3,Fair (580-669),8,Interchange Revenue,Net Transaction Volume,0.016043148955703464
Merchant 3,Fair (580-669),9,Interchange Revenue,Net Transaction Volume,0.016143037574992105
Merchant 3,Good (670-739),0,Interchange Revenue,Net Transaction Volume,0.014260119703890376
Merchant 3,Good (670-739),1,Interchange Revenue,Net Transaction Volume,0.014358109003057002
Merchant 3,Good (670-739),2,Interchange Revenue,Net Transaction Volume,0.01445617055431315
Merchant 3,Good (670-739),3,Interchange Revenue,Net Transaction Volume,0.01455415584227102
Merchant 3,Good (670-739),4,Interchange Revenue,Net Transaction Volume,0.014652547804721718
Merchant 3,Good (670-739),5,Interchange Revenue,Net Transaction Volume,0.014749561899691666
Merchant 3,Good (670-739),6,Interchange Revenue,Net Transaction Volume,0.014847473142887913
Merchant 3,Good (670-739),7,Interchange Revenue,Net Transaction Volume,0.014946187661058057
Merchant 3,Good (670-739),8,Interchange Revenue,Net Transaction Volume,0.015044013367022577
Merchant 3,Good (670-739),9,Interchange Revenue,Net Transaction Volume,0.01514083112149903
Merchant 3,Poor (300-579),0,Interchange Revenue,Net Transaction Volume,0.015260197887156872
Merchant 3,Poor (300-579),1,Interchange Revenue,Net Transaction Volume,0.015355887521968365
Merchant 3,Poor (300-579),2,Interchange Revenue,Net Transaction Volume,0.015455338186229906
Merchant 3,Poor (300-579),3,Interchange Revenue,Net Transaction Volume,0.015552754257444582
Merchant 3,Poor (300-579),4,Interchange Revenue,Net Transaction Volume,0.01565240499601382
Merchant 3,Poor (300-579),5,Interchange Revenue,Net Transaction Volume,0.015748832303751695
Merchant 3,Poor (300-579),6,Interchange Revenue,Net Transaction Volume,0.015845361772547577
Merchant 3,Poor (300-579),7,Interchange Revenue,Net Transaction Volume,0.015942028985507246
Merchant 3,Poor (300-579),8,Interchange Revenue,Net Transaction Volume,0.016047939199064602
Merchant 3,Poor (300-579),9,Interchange Revenue,Net Transaction Volume,0.0161437535653166
Merchant 3,Very Good (740-799),0,Interchange Revenue,Net Transaction Volume,0.014260075849597513
Merchant 3,Very Good (740-799),1,Interchange Revenue,Net Transaction Volume,0.014357885471749049
Merchant 3,Very Good (740-799),2,Interchange Revenue,Net Transaction Volume,0.014456127856559352
Merchant 3,Very Good (740-799),3,Interchange Revenue,Net Transaction Volume,0.014554182282114664
Merchant 3,Very Good (740-799),4,Interchange Revenue,Net Transaction Volume,0.014651955152331524
Merchant 3,Very Good (740-799),5,Interchange Revenue,Net Transaction Volume,0.014750597964499792
Merchant 3,Very Good (740-799),6,Interchange Revenue,Net Transaction Volume,0.014848101801730969
Merchant 3,Very Good (740-799),7,Interchange Revenue,Net Transaction Volume,0.014946199963347907
Merchant 3,Very Good (740-799),8,Interchange Revenue,Net Transaction Volume,0.015043340001025798
Merchant 3,Very Good (740-799),9,Interchange Revenue,Net Transaction Volume,0.01514044459762192
Merchant 4,Exceptional (800-850),0,Interchange Revenue,Net Transaction Volume,0.012840027874287953
Merchant 4,Exceptional (800-850),1,Interchange Revenue,Net Transaction Volume,0.012910329317645405
Merchant 4,Exceptional (800-850),2,Interchange Revenue,Net Transaction Volume,0.01297999920579242
Merchant 4,Exceptional (800-850),3,Interchange Revenue,Net Transaction Volume,0.013049632651664828
Merchant 4,Exceptional (800-850),4,Interchange Revenue,Net Transaction Volume,0.013119777707709286
Merchant 4,Exceptional (800-850),5,Interchange Revenue,Net Transaction Volume,0.013189889825016203
Merchant 4,Exceptional (800-850),6,Interchange Revenue,Net Transaction Volume,0.013259700314160239
Merchant 4,Exceptional (800-850),7,Interchange Revenue,Net Transaction Volume,0.013330028885432513
Merchant 4,Exceptional (800-850),8,Interchange Revenue,Net Transaction Volume,0.013399584692969445
Merchant 4,Fair (580-669),0,Interchange Revenue,Net Transaction Volume,0.014840521382242762
Merchant 4,Fair (580-669),1,Interchange Revenue,Net Transaction Volume,0.014909906291366442
Merchant 4,Fair (580-669),2,Interchange Revenue,Net Transaction Volume,0.014980156353560278
Merchant 4,Fair (580-669),3,Interchange Revenue,Net Transaction Volume,0.01505043619049648
Merchant 4,Fair (580-669),4,Interchange Revenue,Net Transaction Volume,0.015120480092606695
Merchant 4,Fair (580-669),5,Interchange Revenue,Net Transaction Volume,0.015189630420992889
Merchant 4,Fair (580-669),6,Interchange Revenue,Net Transaction Volume,0.015259799064574212
Merchant 4,Fair (580-669),7,Interchange Revenue,Net Transaction Volume,0.015330010572421084
Merchant 4,Fair (580-669),8,Interchange Revenue,Net Transaction Volume,0.015400371000154584
Merchant 4,Good (670-739),0,Interchange Revenue,Net Transaction Volume,0.01384013551681247
Merchant 4,Good (670-739),1,Interchange Revenue,Net Transaction Volume,0.013910328697322808
Merchant 4,Good (670-739),2,Interchange Revenue,Net Transaction Volume,0.013980038496840513
Merchant 4,Good (670-739),3,Interchange Revenue,Net Transaction Volume,0.014049882174318747
Merchant 4,Good (670-739),4,Interchange Revenue,Net Transaction Volume,0.014120044728204018
Merchant 4,Good (670-739),5,Interchange Revenue,Net Transaction Volume,0.014190459164198432
Merchant 4,Good (670-739),6,Interchange Revenue,Net Transaction Volume,0.014260236215562291
Merchant 4,Good (670-739),7,Interchange Revenue,Net Transaction Volume,0.014330420696087575
Merchant 4,Good (670-739),8,Interchange Revenue,Net Transaction Volume,0.014400733567418871
Merchant 4,Poor (300-579),0,Interchange Revenue,Net Transaction Volume,0.014840432376785484
Merchant 4,Poor (300-579),1,Interchange Revenue,Net Transaction Volume,0.014909487975582803
Merchant 4,Poor (300-579),2,Interchange Revenue,Net Transaction Volume,0.014979176928932874
Merchant 4,Poor (300-579),3,Interchange Revenue,Net Transaction Volume,0.01504863203445696
Merchant 4,Poor (300-579),4,Interchange Revenue,Net Transaction Volume,0.015119753379179512
Merchant 4,Poor (300-579),5,Interchange Revenue,Net Transaction Volume,0.01518979445432145
Merchant 4,Poor (300-579),6,Interchange Revenue,Net Transaction Volume,0.015258323288582235
Merchant 4,Poor (300-579),7,Interchange Revenue,Net Transaction Volume,0.015329209389034827
Merchant 4,Poor (300-579),8,Interchange Revenue,Net Transaction Volume,0.015397709687403281
Merchant 4,Very Good (740-799),0,Interchange Revenue,Net Transaction Volume,0.013839938898142098
Merchant 4,Very Good (740-799),1,Interchange Revenue,Net Transaction Volume,0.013909905332933322
Merchant 4,Very Good (740-799),2,Interchange Revenue,Net Transaction Volume,0.013979784393632184
Merchant 4,Very Good (740-799),3,Interchange Revenue,Net Transaction Volume,0.014050261259019656
Merchant 4,Very Good (740-799),4,Interchange Revenue,Net Transaction Volume,0.014119947946270979
Merchant 4,Very Good (740-799),5,Interchange Revenue,Net Transaction Volume,0.014190177327642191
Merchant 4,Very Good (740-799),6,Interchange Revenue,Net Transaction Volume,0.014259246154538963
Merchant 4,Very Good (740-799),7,Interchange Revenue,Net Transaction Volume,0.014330395583244695
Merchant 4,Very Good (740-799),8,Interchange Revenue,Net Transaction Volume,0.014400315318448449
Merchant 5,Exceptional (800-850),0,Interchange Revenue,Net Transaction Volume,0.013399544220853408
Merchant 5,Exceptional (800-850),1,Interchange Revenue,Net Transaction Volume,0.013512023442692284
Merchant 5,Exceptional (800-850),2,Interchange Revenue,Net Transaction Volume,0.013624633647306041
Merchant 5,Exceptional (800-850),3,Interchange Revenue,Net Transaction Volume,0.013736439419892657
Merchant 5,Exceptional (800-850),4,Interchange Revenue,Net Transaction Volume,0.013847592459580697
Merchant 5,Exceptional (800-850),5,Interchange Revenue,Net Transaction Volume,0.013961541437746654
Merchant 5,Exceptional (800-850),6,Interchange Revenue,Net Transaction Volume,0.014072374227714034
Merchant 5,Exceptional (800-850),7,Interchange Revenue,Net Transaction Volume,0.014185140802875973
Merchant 5,Fair (580-669),0,Interchange Revenue,Net Transaction Volume,0.015399449906737061
Merchant 5,Fair (580-669),1,Interchange Revenue,Net Transaction Volume,0.015511945685311125
Merchant 5,Fair (580-669),2,Interchange Revenue,Net Transaction Volume,0.015623601749346882
Merchant 5,Fair (580-669),3,Interchange Revenue,Net Transaction Volume,0.015736366964612596
Merchant 5,Fair (580-669),4,Interchange Revenue,Net Transaction Volume,0.015846652942888246
Merchant 5,Fair (580-669),5,Interchange Revenue,Net Transaction Volume,0.015960065010448107
Merchant 5,Fair (580-669),6,Interchange Revenue,Net Transaction Volume,0.01607142857142857
Merchant 5,Fair (580-669),7,Interchange Revenue,Net Transaction Volume,0.016183159188690843
Merchant 5,Good (670-739),0,Interchange Revenue,Net Transaction Volume,0.01439997718815495
Merchant 5,Good (670-739),1,Interchange Revenue,Net Transaction Volume,0.014512129621340972
Merchant 5,Good (670-739),2,Interchange Revenue,Net Transaction Volume,0.014624413812704278
Merchant 5,Good (670-739),3,Interchange Revenue,Net Transaction Volume,0.014736715010156394
Merchant 5,Good (670-739),4,Interchange Revenue,Net Transaction Volume,0.014848036799737145
Merchant 5,Good (670-739),5,Interchange Revenue,Net Transaction Volume,0.014959768492377188
Merchant 5,Good (670-739),6,Interchange Revenue,Net Transaction Volume,0.015073295092415551
Merchant 5,Good (670-739),7,Interchange Revenue,Net Transaction Volume,0.015182844243792326
Merchant 5,Poor (300-579),0,Interchange Revenue,Net Transaction Volume,0.015400579225324847
Merchant 5,Poor (300-579),1,Interchange Revenue,Net Transaction Volume,0.015511273637483622
Merchant 5,Poor (300-579),2,Interchange Revenue,Net Transaction Volume,0.01562523422860712
Merchant 5,Poor (300-579),3,Interchange Revenue,Net Transaction Volume,0.015736394773563363
Merchant 5,Poor (300-579),4,Interchange Revenue,Net Transaction Volume,0.015852249431585225
Merchant 5,Poor (300-579),5,Interchange Revenue,Net Transaction Volume,0.015963505667680396
Merchant 5,Poor (300-579),6,Interchange Revenue,Net Transaction Volume,0.016074647439295937
Merchant 5,Poor (300-579),7,Interchange Revenue,Net Transaction Volume,0.016178091249724486
Merchant 5,Very Good (740-799),0,Interchange Revenue,Net Transaction Volume,0.014399926330241435
Merchant 5,Very Good (740-799),1,Interchange Revenue,Net Transaction Volume,0.014511775932272139
Merchant 5,Very Good (740-799),2,Interchange Revenue,Net Transaction Volume,0.014624413904607923
Merchant 5,Very Good (740-799),3,Interchange Revenue,Net Transaction Volume,0.014735085796541966
Merchant 5,Very Good (740-799),4,Interchange Revenue,Net Transaction Volume,0.014846753345861434
Merchant 5,Very Good (740-799),5,Interchange Revenue,Net Transaction Volume,0.014960662640589506
Merchant 5,Very Good (740-799),6,Interchange Revenue,Net Transaction Volume,0.015074346687743911
Merchant 5,Very Good (740-799),7,Interchange Revenue,Net Transaction Volume,0.015184437891251488
Merchant 6,Exceptional (800-850),0,Interchange Revenue,Net Transaction Volume,0.013050323306156873
Merchant 6,Exceptional (800-850),1,Interchange Revenue,Net Transaction Volume,0.013126941911731053
Merchant 6,Exceptional (800-850),2,Interchange Revenue,Net Transaction Volume,0.013204150843316387
Merchant 6,Exceptional (800-850),3,Interchange Revenue,Net Transaction Volume,0.013281036808707717
Merchant 6,Exceptional (800-850),4,Interchange Revenue,Net Transaction Volume,0.013357961484024914
Merchant 6,Exceptional (800-850),5,Interchange Revenue,Net Transaction Volume,0.013434815741690266
Merchant 6,Exceptional (800-850),6,Interchange Revenue,Net Transaction Volume,0.013511386077085605
Merchant 6,Fair (580-669),0,Interchange Revenue,Net Transaction Volume,0.015050439398987389
Merchant 6,Fair (580-669),1,Interchange Revenue,Net Transaction Volume,0.015127220007249004
Merchant 6,Fair (580-669),2,Interchange Revenue,Net Transaction Volume,0.015203948250435716
Merchant 6,Fair (580-669),3,Interchange Revenue,Net Transaction Volume,0.015280736719125833
Merchant 6,Fair (580-669),4,Interchange Revenue,Net Transaction Volume,0.015358636715724244
Merchant 6,Fair (580-669),5,Interchange Revenue,Net Transaction Volume,0.015435041716328963
Merchant 6,Fair (580-669),6,Interchange Revenue,Net Transaction Volume,0.01551104724268008
Merchant 6,Good (670-739),0,Interchange Revenue,Net Transaction Volume,0.014049999468768925
Merchant 6,Good (670-739),1,Interchange Revenue,Net Transaction Volume,0.01412706909762677
Merchant 6,Good (670-739),2,Interchange Revenue,Net Transaction Volume,0.01420431340517106
Merchant 6,Good (670-739),3,Interchange Revenue,Net Transaction Volume,0.014281559515923156
Merchant 6,Good (670-739),4,Interchange Revenue,Net Transaction Volume,0.01435771214252227
Merchant 6,Good (670-739),5,Interchange Revenue,Net Transaction Volume,0.014435744886584924
Merchant 6,Good (670-739),6,Interchange Revenue,Net Transaction Volume,0.01451211140531529
Merchant 6,Poor (300-579),0,Interchange Revenue,Net Transaction Volume,0.015048341307498362
Merchant 6,Poor (300-579),1,Interchange Revenue,Net Transaction Volume,0.015126393041587388
Merchant 6,Poor (300-579),2,Interchange Revenue,Net Transaction Volume,0.01520453271900878
Merchant 6,Poor (300-579),3,Interchange Revenue,Net Transaction Volume,0.015284587507994031
Merchant 6,Poor (300-579),4,Interchange Revenue,Net Transaction Volume,0.015355386678587393
Merchant 6,Poor (300-579),5,Interchange Revenue,Net Transaction Volume,0.01543244143443988
Merchant 6,Poor (300-579),6,Interchange Revenue,Net Transaction Volume,0.015513245033112582
Merchant 6,Very Good (740-799),0,Interchange Revenue,Net Transaction Volume,0.014050119166561667
Merchant 6,Very Good (740-799),1,Interchange Revenue,Net Transaction Volume,0.014127047169590916
Merchant 6,Very Good (740-799),2,Interchange Revenue,Net Transaction Volume,0.014204032500752332
Merchant 6,Very Good (740-799),3,Interchange Revenue,Net Transaction Volume,0.014280998541161605
Merchant 6,Very Good (740-799),4,Interchange Revenue,Net Transaction Volume,0.014357985470453043
Merchant 6,Very Good (740-799),5,Interchange Revenue,Net Transaction Volume,0.014435598018400567
Merchant 6,Very Good (740-799),6,Interchange Revenue,Net Transaction Volume,0.014511536448025332
Merchant 7,Exceptional (800-850),0,Interchange Revenue,Net Transaction Volume,0.0139600564402702
Merchant 7,Exceptional (800-850),1,Interchange Revenue,Net Transaction Volume,0.014050970267344049
Merchant 7,Exceptional (800-850),2,Interchange Revenue,Net Transaction Volume,0.014142065143249847
Merchant 7,Exceptional (800-850),3,Interchange Revenue,Net Transaction Volume,0.014232983944507628
Merchant 7,Exceptional (800-850),4,Interchange Revenue,Net Transaction Volume,0.014323930768537534
Merchant 7,Exceptional (800-850),5,Interchange Revenue,Net Transaction Volume,0.014414855107910853
Merchant 7,Fair (580-669),0,Interchange Revenue,Net Transaction Volume,0.01596010749848539
Merchant 7,Fair (580-669),1,Interchange Revenue,Net Transaction Volume,0.016051487927036034
Merchant 7,Fair (580-669),2,Interchange Revenue,Net Transaction Volume,0.016141973210036038
Merchant 7,Fair (580-669),3,Interchange Revenue,Net Transaction Volume,0.016232679086666903
Merchant 7,Fair (580-669),4,Interchange Revenue,Net Transaction Volume,0.016325059223400967
Merchant 7,Fair (580-669),5,Interchange Revenue,Net Transaction Volume,0.016416928587091588
Merchant 7,Good (670-739),0,Interchange Revenue,Net Transaction Volume,0.014960250221128126
Merchant 7,Good (670-739),1,Interchange Revenue,Net Transaction Volume,0.015050874435185246
Merchant 7,Good (670-739),2,Interchange Revenue,Net Transaction Volume,0.015141875347229368
Merchant 7,Good (670-739),3,Interchange Revenue,Net Transaction Volume,0.015232828544174766
Merchant 7,Good (670-739),4,Interchange Revenue,Net Transaction Volume,0.015324127577949079
Merchant 7,Good (670-739),5,Interchange Revenue,Net Transaction Volume,0.015415961680528084
Merchant 7,Poor (300-579),0,Interchange Revenue,Net Transaction Volume,0.0159582345971564
Merchant 7,Poor (300-579),1,Interchange Revenue,Net Transaction Volume,0.016052693483886143
Merchant 7,Poor (300-579),2,Interchange Revenue,Net Transaction Volume,0.01614475797201193
Merchant 7,Poor (300-579),3,Interchange Revenue,Net Transaction Volume,0.01623529411764706
Merchant 7,Poor (300-579),4,Interchange Revenue,Net Transaction Volume,0.016334661354581673
Merchant 7,Poor (300-579),5,Interchange Revenue,Net Transaction Volume,0.016429587482219062
Merchant 7,Very Good (740-799),0,Interchange Revenue,Net Transaction Volume,0.014959891520375862
Merchant 7,Very Good (740-799),1,Interchange Revenue,Net Transaction Volume,0.015051143822233519
Merchant 7,Very Good (740-799),2,Interchange Revenue,Net Transaction Volume,0.015142116271740065
Merchant 7,Very Good (740-799),3,Interchange Revenue,Net Transaction Volume,0.015232909355044367
Merchant 7,Very Good (740-799),4,Interchange Revenue,Net Transaction Volume,0.015324001591459854
Merchant 7,Very Good (740-799),5,Interchange Revenue,Net Transaction Volume,0.015414664393117346
Merchant 8,Exceptional (800-850),0,Interchange Revenue,Net Transaction Volume,0.013679613881866238
Merchant 8,Exceptional (800-850),1,Interchange Revenue,Net Transaction Volume,0.01378705959241875
Merchant 8,Exceptional (800-850),2,Interchange Revenue,Net Transaction Volume,0.01389246497538811
Merchant 8,Exceptional (800-850),3,Interchange Revenue,Net Transaction Volume,0.013991737469794995
Merchant 8,Exceptional (800-850),4,Interchange Revenue,Net Transaction Volume,0.014105472072582932
Merchant 8,Fair (580-669),0,Interchange Revenue,Net Transaction Volume,0.015679193972627167
Merchant 8,Fair (580-669),1,Interchange Revenue,Net Transaction Volume,0.01578427384204103
Merchant 8,Fair (580-669),2,Interchange Revenue,Net Transaction Volume,0.015887380593262945
Merchant 8,Fair (580-669),3,Interchange Revenue,Net Transaction Volume,0.015994717626038997
Merchant 8,Fair (580-669),4,Interchange Revenue,Net Transaction Volume,0.016106621295902453
Merchant 8,Good (670-739),0,Interchange Revenue,Net Transaction Volume,0.014680401706822981
Merchant 8,Good (670-739),1,Interchange Revenue,Net Transaction Volume,0.01478438647635634
Merchant 8,Good (670-739),2,Interchange Revenue,Net Transaction Volume,0.014890255462920202
Merchant 8,Good (670-739),3,Interchange Revenue,Net Transaction Volume,0.01499160825352947
Merchant 8,Good (670-739),4,Interchange Revenue,Net Transaction Volume,0.015098546330152502
Merchant 8,Poor (300-579),0,Interchange Revenue,Net Transaction Volume,0.0156820991894491
Merchant 8,Poor (300-579),1,Interchange Revenue,Net Transaction Volume,0.01578153004433544
Merchant 8,Poor (300-579),2,Interchange Revenue,Net Transaction Volume,0.015891998520527677
Merchant 8,Poor (300-579),3,Interchange Revenue,Net Transaction Volume,0.01599366587490103
Merchant 8,Poor (300-579),4,Interchange Revenue,Net Transaction Volume,0.016082881105081402
Merchant 8,Very Good (740-799),0,Interchange Revenue,Net Transaction Volume,0.014678498201741118
Merchant 8,Very Good (740-799),1,Interchange Revenue,Net Transaction Volume,0.01478472963261395
Merchant 8,Very Good (740-799),2,Interchange Revenue,Net Transaction Volume,0.014887882089809026
Merchant 8,Very Good (740-799),3,Interchange Revenue,Net Transaction Volume,0.014994194725493449
Merchant 8,Very Good (740-799),4,Interchange Revenue,Net Transaction Volume,0.015101108936725375
Merchant 9,ALL,0,Interchange Revenue,Net Transaction Volume,0.014622394630707183
Merchant 9,ALL,1,Interchange Revenue,Net Transaction Volume,0.014743857196017186
Merchant 9,ALL,2,Interchange Revenue,Net Transaction Volume,0.014864267560499467
Merchant 9,ALL,3,Interchange Revenue,Net Transaction Volume,0.014987906686432082
Merchant 1,Exceptional (800-850),0,Merchant Discount Rate,Net Transaction Volume,0.012619992232195273
Merchant 1,Exceptional (800-850),1,Merchant Discount Rate,Net Transaction Volume,0.012416051546489774
Merchant 1,Exceptional (800-850),2,Merchant Discount Rate,Net Transaction Volume,0.012247615454897835
Merchant 1,Exceptional (800-850),3,Merchant Discount Rate,Net Transaction Volume,0.012083562967755333
Merchant 1,Exceptional (800-850),4,Merchant Discount Rate,Net Transaction Volume,0.011920450289692243
Merchant 1,Exceptional (800-850),5,Merchant Discount Rate,Net Transaction Volume,0.011640835016142102
Merchant 1,Exceptional (800-850),6,Merchant Discount Rate,Net Transaction Volume,0.011537840515178536
Merchant 1,Exceptional (800-850),7,Merchant Discount Rate,Net Transaction Volume,0.011314698221796557
Merchant 1,Exceptional (800-850),8,Merchant Discount Rate,Net Transaction Volume,0.011164818257580615
Merchant 1,Exceptional (800-850),9,Merchant Discount Rate,Net Transaction Volume,0.01107759729837993
Merchant 1,Exceptional (800-850),10,Merchant Discount Rate,Net Transaction Volume,0.010718807736534063
Merchant 1,Exceptional (800-850),11,Merchant Discount Rate,Net Transaction Volume,0.01060084542508222
Merchant 1,Exceptional (800-850),12,Merchant Discount Rate,Net Transaction Volume,0.0104836608605032
Merchant 1,Exceptional (800-850),13,Merchant Discount Rate,Net Transaction Volume,0.01039066790387638
Merchant 1,Fair (580-669),0,Merchant Discount Rate,Net Transaction Volume,0.012528999147687132
Merchant 1,Fair (580-669),1,Merchant Discount Rate,Net Transaction Volume,0.012462142721938293
Merchant 1,Fair (580-669),2,Merchant Discount Rate,Net Transaction Volume,0.01228398446225657
Merchant 1,Fair (580-669),3,Merchant Discount Rate,Net Transaction Volume,0.0120755722218807
Merchant 1,Fair (580-669),4,Merchant Discount Rate,Net Transaction Volume,0.011854049676233174
Merchant 1,Fair (580-669),5,Merchant Discount Rate,Net Transaction Volume,0.011687321258341278
Merchant 1,Fair (580-669),6,Merchant Discount Rate,Net Transaction Volume,0.011603573947801551
Merchant 1,Fair (580-669),7,Merchant Discount Rate,Net Transaction Volume,0.01132238547968885
Merchant 1,Fair (580-669),8,Merchant Discount Rate,Net Transaction Volume,0.011066964005276713
Merchant 1,Fair (580-669),9,Merchant Discount Rate,Net Transaction Volume,0.010976512750644197
Merchant 1,Fair (580-669),10,Merchant Discount Rate,Net Transaction Volume,0.010823655573293038
Merchant 1,Fair (580-669),11,Merchant Discount Rate,Net Transaction Volume,0.01063861450601782
Merchant 1,Fair (580-669),12,Merchant Discount Rate,Net Transaction Volume,0.010473931946390715
Merchant 1,Fair (580-669),13,Merchant Discount Rate,Net Transaction Volume,0.010232044198895028
Merchant 1,Good (670-739),0,Merchant Discount Rate,Net Transaction Volume,0.012585816170099313
Merchant 1,Good (670-739),1,Merchant Discount Rate,Net Transaction Volume,0.012391416483625593
Merchant 1,Good (670-739),2,Merchant Discount Rate,Net Transaction Volume,0.012258675236031188
Merchant 1,Good (670-739),3,Merchant Discount Rate,Net Transaction Volume,0.01201564353957698
Merchant 1,Good (670-739),4,Merchant Discount Rate,Net Transaction Volume,0.011841985392827737
Merchant 1,Good (670-739),5,Merchant Discount Rate,Net Transaction Volume,0.011746917795265559
Merchant 1,Good (670-739),6,Merchant Discount Rate,Net Transaction Volume,0.011475763423771143
Merchant 1,Good (670-739),7,Merchant Discount Rate,Net Transaction Volume,0.011390863393786399
Merchant 1,Good (670-739),8,Merchant Discount Rate,Net Transaction Volume,0.011234074658344622
Merchant 1,Good (670-739),9,Merchant Discount Rate,Net Transaction Volume,0.010957102777718287
Merchant 1,Good (670-739),10,Merchant Discount Rate,Net Transaction Volume,0.01077432150632479
Merchant 1,Good (670-739),11,Merchant Discount Rate,Net Transaction Volume,0.01066209224901921
Merchant 1,Good (670-739),12,Merchant Discount Rate,Net Transaction Volume,0.010415580432449011
Merchant 1,Good (670-739),13,Merchant Discount Rate,Net Transaction Volume,0.010244714294520126
Merchant 1,Poor (300-579),0,Merchant Discount Rate,Net Transaction Volume,0.012671492937781604
Merchant 1,Poor (300-579),1,Merchant Discount Rate,Net Transaction Volume,0.012355916254998824
Merchant 1,Poor (300-579),2,Merchant Discount Rate,Net Transaction Volume,0.012213353467802826
Merchant 1,Poor (300-579),3,Merchant Discount Rate,Net Transaction Volume,0.012111247423071573
Merchant 1,Poor (300-579),4,Merchant Discount Rate,Net Transaction Volume,0.011874180109270712
Merchant 1,Poor (300-579),5,Merchant Discount Rate,Net Transaction Volume,0.01167721301327464
Merchant 1,Poor (300-579),6,Merchant Discount Rate,Net Transaction Volume,0.01152649791982581
Merchant 1,Poor (300-579),7,Merchant Discount Rate,Net Transaction Volume,0.011346277041344307
Merchant 1,Poor (300-579),8,Merchant Discount Rate,Net Transaction Volume,0.011155512171313525
Merchant 1,Poor (300-579),9,Merchant Discount Rate,Net Transaction Volume,0.010940447318782
Merchant 1,Poor (300-579),10,Merchant Discount Rate,Net Transaction Volume,0.010813221898769838
Merchant 1,Poor (300-579),11,Merchant Discount Rate,Net Transaction Volume,0.010702389572773353
Merchant 1,Poor (300-579),12,Merchant Discount Rate,Net Transaction Volume,0.01055580126787557
Merchant 1,Poor (300-579),13,Merchant Discount Rate,Net Transaction Volume,0.010425663170882171
Merchant 1,Very Good (740-799),0,Merchant Discount Rate,Net Transaction Volume,0.012606444736043117
Merchant 1,Very Good (740-799),1,Merchant Discount Rate,Net Transaction Volume,0.01243179966071764
Merchant 1,Very Good (740-799),2,Merchant Discount Rate,Net Transaction Volume,0.012258467874807341
Merchant 1,Very Good (740-799),3,Merchant Discount Rate,Net Transaction Volume,0.012074821359106952
Merchant 1,Very Good (740-799),4,Merchant Discount Rate,Net Transaction Volume,0.011952757833666637
Merchant 1,Very Good (740-799),5,Merchant Discount Rate,Net Transaction Volume,0.011596611556922619
Merchant 1,Very Good (740-799),6,Merchant Discount Rate,Net Transaction Volume,0.011430623281719829
Merchant 1,Very Good (740-799),7,Merchant Discount Rate,Net Transaction Volume,0.011328084908057213
Merchant 1,Very Good (740-799),8,Merchant Discount Rate,Net Transaction Volume,0.011192410920108016
Merchant 1,Very Good (740-799),9,Merchant Discount Rate,Net Transaction Volume,0.01100300479402377
Merchant 1,Very Good (740-799),10,Merchant Discount Rate,Net Transaction Volume,0.010805272154349338
Merchant 1,Very Good (740-799),11,Merchant Discount Rate,Net Transaction Volume,0.010528241868059172
Merchant 1,Very Good (740-799),12,Merchant Discount Rate,Net Transaction Volume,0.010294761019359073
Merchant 1,Very Good (740-799),13,Merchant Discount Rate,Net Transaction Volume,0.010410089010185334
Merchant 10,ALL,0,Merchant Discount Rate,Net Transaction Volume,0.01249714354845214
Merchant 10,ALL,1,Merchant Discount Rate,Net Transaction Volume,0.012123290434501957
Merchant 2,Exceptional (800-850),0,Merchant Discount Rate,Net Transaction Volume,0.0116699918610765
Merchant 2,Exceptional (800-850),1,Merchant Discount Rate,Net Transaction Volume,0.011472089785241129
Merchant 2,Exceptional (800-850),2,Merchant Discount Rate,Net Transaction Volume,0.011219267740808796
Merchant 2,Exceptional (800-850),3,Merchant Discount Rate,Net Transaction Volume,0.011002247002339798
Merchant 2,Exceptional (800-850),4,Merchant Discount Rate,Net Transaction Volume,0.010747919456667305
Merchant 2,Exceptional (800-850),5,Merchant Discount Rate,Net Transaction Volume,0.010548170267369419
Merchant 2,Exceptional (800-850),6,Merchant Discount Rate,Net Transaction Volume,0.010330664977880981
Merchant 2,Exceptional (800-850),7,Merchant Discount Rate,Net Transaction Volume,0.01016325181167514
Merchant 2,Exceptional (800-850),8,Merchant Discount Rate,Net Transaction Volume,0.009840060970190854
Merchant 2,Exceptional (800-850),9,Merchant Discount Rate,Net Transaction Volume,0.009780443798767486
Merchant 2,Exceptional (800-850),10,Merchant Discount Rate,Net Transaction Volume,0.00955194902499886
Merchant 2,Exceptional (800-850),11,Merchant Discount Rate,Net Transaction Volume,0.009272385757571604
Merchant 2,Fair (580-669),0,Merchant Discount Rate,Net Transaction Volume,0.011631673581328314
Merchant 2,Fair (580-669),1,Merchant Discount Rate,Net Transaction Volume,0.011423123805758714
Merchant 2,Fair (580-669),2,Merchant Discount Rate,Net Transaction Volume,0.011300691326348799
Merchant 2,Fair (580-669),3,Merchant Discount Rate,Net Transaction Volume,0.011060910120295525
Merchant 2,Fair (580-669),4,Merchant Discount Rate,Net Transaction Volume,0.010844791805725798
Merchant 2,Fair (580-669),5,Merchant Discount Rate,Net Transaction Volume,0.010578273852932822
Merchant 2,Fair (580-669),6,Merchant Discount Rate,Net Transaction Volume,0.010439266794805682
Merchant 2,Fair (580-669),7,Merchant Discount Rate,Net Transaction Volume,0.010168770889678875
Merchant 2,Fair (580-669),8,Merchant Discount Rate,Net Transaction Volume,0.00987019813400692
Merchant 2,Fair (580-669),9,Merchant Discount Rate,Net Transaction Volume,0.009625441995384192
Merchant 2,Fair (580-669),10,Merchant Discount Rate,Net Transaction Volume,0.009480605348222157
Merchant 2,Fair (580-669),11,Merchant Discount Rate,Net Transaction Volume,0.00906855439642325
Merchant 2,Good (670-739),0,Merchant Discount Rate,Net Transaction Volume,0.011665916429895801
Merchant 2,Good (670-739),1,Merchant Discount Rate,Net Transaction Volume,0.011494378417492098
Merchant 2,Good (670-739),2,Merchant Discount Rate,Net Transaction Volume,0.011242197550864821
Merchant 2,Good (670-739),3,Merchant Discount Rate,Net Transaction Volume,0.010972502007725819
Merchant 2,Good (670-739),4,Merchant Discount Rate,Net Transaction Volume,0.01071919703809395
Merchant 2,Good (670-739),5,Merchant Discount Rate,Net Transaction Volume,0.010601268254597654
Merchant 2,Good (670-739),6,Merchant Discount Rate,Net Transaction Volume,0.01031418288904751
Merchant 2,Good (670-739),7,Merchant Discount Rate,Net Transaction Volume,0.01010560745870662
Merchant 2,Good (670-739),8,Merchant Discount Rate,Net Transaction Volume,0.009813270899954317
Merchant 2,Good (670-739),9,Merchant Discount Rate,Net Transaction Volume,0.009647732459234056
Merchant 2,Good (670-739),10,Merchant Discount Rate,Net Transaction Volume,0.00942412674957928
Merchant 2,Good (670-739),11,Merchant Discount Rate,Net Transaction Volume,0.009397549449616571
Merchant 2,Poor (300-579),0,Merchant Discount Rate,Net Transaction Volume,0.011703919877959806
Merchant 2,Poor (300-579),1,Merchant Discount Rate,Net Transaction Volume,0.011430956700435082
Merchant 2,Poor (300-579),2,Merchant Discount Rate,Net Transaction Volume,0.011338362671137189
Merchant 2,Poor (300-579),3,Merchant Discount Rate,Net Transaction Volume,0.010979254379267467
Merchant 2,Poor (300-579),4,Merchant Discount Rate,Net Transaction Volume,0.01074873343725643
Merchant 2,Poor (300-579),5,Merchant Discount Rate,Net Transaction Volume,0.01048892473785444
Merchant 2,Poor (300-579),6,Merchant Discount Rate,Net Transaction Volume,0.010316095249015786
Merchant 2,Poor (300-579),7,Merchant Discount Rate,Net Transaction Volume,0.01022944550669216
Merchant 2,Poor (300-579),8,Merchant Discount Rate,Net Transaction Volume,0.009912223084731595
Merchant 2,Poor (300-579),9,Merchant Discount Rate,Net Transaction Volume,0.009655947441217151
Merchant 2,Poor (300-579),10,Merchant Discount Rate,Net Transaction Volume,0.00956845238095238
Merchant 2,Poor (300-579),11,Merchant Discount Rate,Net Transaction Volume,0.00908523259444271
Merchant 2,Very Good (740-799),0,Merchant Discount Rate,Net Transaction Volume,0.011727716103067819
Merchant 2,Very Good (740-799),1,Merchant Discount Rate,Net Transaction Volume,0.011544572867870343
Merchant 2,Very Good (740-799),2,Merchant Discount Rate,Net Transaction Volume,0.011215855714309095
Merchant 2,Very Good (740-799),3,Merchant Discount Rate,Net Transaction Volume,0.011127996513791098
Merchant 2,Very Good (740-799),4,Merchant Discount Rate,Net Transaction Volume,0.01074960818480049
Merchant 2,Very Good (740-799),5,Merchant Discount Rate,Net Transaction Volume,0.010604535645460654
Merchant 2,Very Good (740-799),6,Merchant Discount Rate,Net Transaction Volume,0.01038102363732092
Merchant 2,Very Good (740-799),7,Merchant Discount Rate,Net Transaction Volume,0.01013871583275358
Merchant 2,Very Good (740-799),8,Merchant Discount Rate,Net Transaction Volume,0.009926068434794558
Merchant 2,Very Good (740-799),9,Merchant Discount Rate,Net Transaction Volume,0.009778643344166189
Merchant 2,Very Good (740-799),10,Merchant Discount Rate,Net Transaction Volume,0.00945193348420742
Merchant 2,Very Good (740-799),11,Merchant Discount Rate,Net Transaction Volume,0.009133662675486338
Merchant 3,Exceptional (800-850),0,Merchant Discount Rate,Net Transaction Volume,0.01231671218051457
Merchant 3,Exceptional (800-850),1,Merchant Discount Rate,Net Transaction Volume,0.012043343570067895
Merchant 3,Exceptional (800-850),2,Merchant Discount Rate,Net Transaction Volume,0.011910693638173344
Merchant 3,Exceptional (800-850),3,Merchant Discount Rate,Net Transaction Volume,0.011637624531745973
Merchant 3,Exceptional (800-850),4,Merchant Discount Rate,Net Transaction Volume,0.011578535021522613
Merchant 3,Exceptional (800-850),5,Merchant Discount Rate,Net Transaction Volume,0.01111602271773494
Merchant 3,Exceptional (800-850),6,Merchant Discount Rate,Net Transaction Volume,0.010916447474367921
Merchant 3,Exceptional (800-850),7,Merchant Discount Rate,Net Transaction Volume,0.010773542373225564
Merchant 3,Exceptional (800-850),8,Merchant Discount Rate,Net Transaction Volume,0.010452718056283866
Merchant 3,Exceptional (800-850),9,Merchant Discount Rate,Net Transaction Volume,0.010468058191018342
Merchant 3,Fair (580-669),0,Merchant Discount Rate,Net Transaction Volume,0.012294991222382135
Merchant 3,Fair (580-669),1,Merchant Discount Rate,Net Transaction Volume,0.01212709603838142
Merchant 3,Fair (580-669),2,Merchant Discount Rate,Net Transaction Volume,0.011895592412523803
Merchant 3,Fair (580-669),3,Merchant Discount Rate,Net Transaction Volume,0.011719578986218851
Merchant 3,Fair (580-669),4,Merchant Discount Rate,Net Transaction Volume,0.011423346341622715
Merchant 3,Fair (580-669),5,Merchant Discount Rate,Net Transaction Volume,0.011392297746974417
Merchant 3,Fair (580-669),6,Merchant Discount Rate,Net Transaction Volume,0.011019231498691348
Merchant 3,Fair (580-669),7,Merchant Discount Rate,Net Transaction Volume,0.010858814247503222
Merchant 3,Fair (580-669),8,Merchant Discount Rate,Net Transaction Volume,0.01050416953561319
Merchant 3,Fair (580-669),9,Merchant Discount Rate,Net Transaction Volume,0.010404167982317651
Merchant 3,Good (670-739),0,Merchant Discount Rate,Net Transaction Volume,0.012275992719763392
Merchant 3,Good (670-739),1,Merchant Discount Rate,Net Transaction Volume,0.012081251622542345
Merchant 3,Good (670-739),2,Merchant Discount Rate,Net Transaction Volume,0.011817068808580062
Merchant 3,Good (670-739),3,Merchant Discount Rate,Net Transaction Volume,0.011620321321277738
Merchant 3,Good (670-739),4,Merchant Discount Rate,Net Transaction Volume,0.011547911547911549
Merchant 3,Good (670-739),5,Merchant Discount Rate,Net Transaction Volume,0.01127581464475056
Merchant 3,Good (670-739),6,Merchant Discount Rate,Net Transaction Volume,0.010985837753426132
Merchant 3,Good (670-739),7,Merchant Discount Rate,Net Transaction Volume,0.010884745591430448
Merchant 3,Good (670-739),8,Merchant Discount Rate,Net Transaction Volume,0.01056117042953786
Merchant 3,Good (670-739),9,Merchant Discount Rate,Net Transaction Volume,0.010280077645287803
Merchant 3,Poor (300-579),0,Merchant Discount Rate,Net Transaction Volume,0.012226300291667248
Merchant 3,Poor (300-579),1,Merchant Discount Rate,Net Transaction Volume,0.012009936460727321
Merchant 3,Poor (300-579),2,Merchant Discount Rate,Net Transaction Volume,0.011991962390051562
Merchant 3,Poor (300-579),3,Merchant Discount Rate,Net Transaction Volume,0.011673484920559415
Merchant 3,Poor (300-579),4,Merchant Discount Rate,Net Transaction Volume,0.011427052883337762
Merchant 3,Poor (300-579),5,Merchant Discount Rate,Net Transaction Volume,0.011307819798101552
Merchant 3,Poor (300-579),6,Merchant Discount Rate,Net Transaction Volume,0.010935919830835708
Merchant 3,Poor (300-579),7,Merchant Discount Rate,Net Transaction Volume,0.010797818912326016
Merchant 3,Poor (300-579),8,Merchant Discount Rate,Net Transaction Volume,0.01065477930429699
Merchant 3,Poor (300-579),9,Merchant Discount Rate,Net Transaction Volume,0.010524814603536794
Merchant 3,Very Good (740-799),0,Merchant Discount Rate,Net Transaction Volume,0.012322630285939704
Merchant 3,Very Good (740-799),1,Merchant Discount Rate,Net Transaction Volume,0.012054662138710622
Merchant 3,Very Good (740-799),2,Merchant Discount Rate,Net Transaction Volume,0.011924760687878344
Merchant 3,Very Good (740-799),3,Merchant Discount Rate,Net Transaction Volume,0.011635754724503629
Merchant 3,Very Good (740-799),4,Merchant Discount Rate,Net Transaction Volume,0.011470227011608098
Merchant 3,Very Good (740-799),5,Merchant Discount Rate,Net Transaction Volume,0.011264973321583856
Merchant 3,Very Good (740-799),6,Merchant Discount Rate,Net Transaction Volume,0.011080736175540246
Merchant 3,Very Good (740-799),7,Merchant Discount Rate,Net Transaction Volume,0.010862982258641603
Merchant 3,Very Good (740-799),8,Merchant Discount Rate,Net Transaction Volume,0.010564018395992546
Merchant 3,Very Good (740-799),9,Merchant Discount Rate,Net Transaction Volume,0.0102291917973462
Merchant 4,Exceptional (800-850),0,Merchant Discount Rate,Net Transaction Volume,0.013210031767760559
Merchant 4,Exceptional (800-850),1,Merchant Discount Rate,Net Transaction Volume,0.01297328796406379
Merchant 4,Exceptional (800-850),2,Merchant Discount Rate,Net Transaction Volume,0.012834063563079937
Merchant 4,Exceptional (800-850),3,Merchant Discount Rate,Net Transaction Volume,0.012780215362772518
Merchant 4,Exceptional (800-850),4,Merchant Discount Rate,Net Transaction Volume,0.012582275737032949
Merchant 4,Exceptional (800-850),5,Merchant Discount Rate,Net Transaction Volume,0.012565132858068697
Merchant 4,Exceptional (800-850),6,Merchant Discount Rate,Net Transaction Volume,0.012327088507656628
Merchant 4,Exceptional (800-850),7,Merchant Discount Rate,Net Transaction Volume,0.012087442528244483
Merchant 4,Exceptional (800-850),8,Merchant Discount Rate,Net Transaction Volume,0.012094334025511718
Merchant 4,Fair (580-669),0,Merchant Discount Rate,Net Transaction Volume,0.013236355781419646
Merchant 4,Fair (580-669),1,Merchant Discount Rate,Net Transaction Volume,0.013017571678547604
Merchant 4,Fair (580-669),2,Merchant Discount Rate,Net Transaction Volume,0.012851256498095489
Merchant 4,Fair (580-669),3,Merchant Discount Rate,Net Transaction Volume,0.012728347588969013
Merchant 4,Fair (580-669),4,Merchant Discount Rate,Net Transaction Volume,0.012594510616261006
Merchant 4,Fair (580-669),5,Merchant Discount Rate,Net Transaction Volume,0.012421126431409208
Merchant 4,Fair (580-669),6,Merchant Discount Rate,Net Transaction Volume,0.012191432011165447
Merchant 4,Fair (580-669),7,Merchant Discount Rate,Net Transaction Volume,0.012115131507972469
Merchant 4,Fair (580-669),8,Merchant Discount Rate,Net Transaction Volume,0.011945432060596691
Merchant 4,Good (670-739),0,Merchant Discount Rate,Net Transaction Volume,0.013186775428300473
Merchant 4,Good (670-739),1,Merchant Discount Rate,Net Transaction Volume,0.013063108215344777
Merchant 4,Good (670-739),2,Merchant Discount Rate,Net Transaction Volume,0.012959318138564536
Merchant 4,Good (670-739),3,Merchant Discount Rate,Net Transaction Volume,0.012828923437030477
Merchant 4,Good (670-739),4,Merchant Discount Rate,Net Transaction Volume,0.012524618547776215
Merchant 4,Good (670-739),5,Merchant Discount Rate,Net Transaction Volume,0.012375158844817673
Merchant 4,Good (670-739),6,Merchant Discount Rate,Net Transaction Volume,0.012278469961711627
Merchant 4,Good (670-739),7,Merchant Discount Rate,Net Transaction Volume,0.012138579353001817
Merchant 4,Good (670-739),8,Merchant Discount Rate,Net Transaction Volume,0.01206136917674949
Merchant 4,Poor (300-579),0,Merchant Discount Rate,Net Transaction Volume,0.01309569767940634
Merchant 4,Poor (300-579),1,Merchant Discount Rate,Net Transaction Volume,0.013118981213492606
Merchant 4,Poor (300-579),2,Merchant Discount Rate,Net Transaction Volume,0.012872986729956862
Merchant 4,Poor (300-579),3,Merchant Discount Rate,Net Transaction Volume,0.012749479303581179
Merchant 4,Poor (300-579),4,Merchant Discount Rate,Net Transaction Volume,0.012582404552999762
Merchant 4,Poor (300-579),5,Merchant Discount Rate,Net Transaction Volume,0.012485574373849848
Merchant 4,Poor (300-579),6,Merchant Discount Rate,Net Transaction Volume,0.012195020574421215
Merchant 4,Poor (300-579),7,Merchant Discount Rate,Net Transaction Volume,0.012202355732565036
Merchant 4,Poor (300-579),8,Merchant Discount Rate,Net Transaction Volume,0.012163416898792943
Merchant 4,Very Good (740-799),0,Merchant Discount Rate,Net Transaction Volume,0.013168554628189673
Merchant 4,Very Good (740-799),1,Merchant Discount Rate,Net Transaction Volume,0.013046229850674364
Merchant 4,Very Good (740-799),2,Merchant Discount Rate,Net Transaction Volume,0.012850310159998393
Merchant 4,Very Good (740-799),3,Merchant Discount Rate,Net Transaction Volume,0.01277863481794808
Merchant 4,Very Good (740-799),4,Merchant Discount Rate,Net Transaction Volume,0.012618167948065934
Merchant 4,Very Good (740-799),5,Merchant Discount Rate,Net Transaction Volume,0.012349479716632708
Merchant 4,Very Good (740-799),6,Merchant Discount Rate,Net Transaction Volume,0.012223773344570036
Merchant 4,Very Good (740-799),7,Merchant Discount Rate,Net Transaction Volume,0.01211568657245606
Merchant 4,Very Good (740-799),8,Merchant Discount Rate,Net Transaction Volume,0.012086434351162736
Merchant 5,Exceptional (800-850),0,Merchant Discount Rate,Net Transaction Volume,0.011896802896675955
Merchant 5,Exceptional (800-850),1,Merchant Discount Rate,Net Transaction Volume,0.011795359796991119
Merchant 5,Exceptional (800-850),2,Merchant Discount Rate,Net Transaction Volume,0.011580431697111574
Merchant 5,Exceptional (800-850),3,Merchant Discount Rate,Net Transaction Volume,0.011374900079936051
Merchant 5,Exceptional (800-850),4,Merchant Discount Rate,Net Transaction Volume,0.011076176665898711
Merchant 5,Exceptional (800-850),5,Merchant Discount Rate,Net Transaction Volume,0.010783099899404163
Merchant 5,Exceptional (800-850),6,Merchant Discount Rate,Net Transaction Volume,0.010531332744924978
Merchant 5,Exceptional (800-850),7,Merchant Discount Rate,Net Transaction Volume,0.0103654883163571
Merchant 5,Fair (580-669),0,Merchant Discount Rate,Net Transaction Volume,0.011930429912788991
Merchant 5,Fair (580-669),1,Merchant Discount Rate,Net Transaction Volume,0.011665989830295195
Merchant 5,Fair (580-669),2,Merchant Discount Rate,Net Transaction Volume,0.011628393689649697
Merchant 5,Fair (580-669),3,Merchant Discount Rate,Net Transaction Volume,0.011237710846601006
Merchant 5,Fair (580-669),4,Merchant Discount Rate,Net Transaction Volume,0.010949204056777642
Merchant 5,Fair (580-669),5,Merchant Discount Rate,Net Transaction Volume,0.010766968500890024
Merchant 5,Fair (580-669),6,Merchant Discount Rate,Net Transaction Volume,0.010616831002063747
Merchant 5,Fair (580-669),7,Merchant Discount Rate,Net Transaction Volume,0.01047940995697603
Merchant 5,Good (670-739),0,Merchant Discount Rate,Net Transaction Volume,0.011993327535322717
Merchant 5,Good (670-739),1,Merchant Discount Rate,Net Transaction Volume,0.01172589741294423
Merchant 5,Good (670-739),2,Merchant Discount Rate,Net Transaction Volume,0.011520818530623846
Merchant 5,Good (670-739),3,Merchant Discount Rate,Net Transaction Volume,0.011136521825594114
Merchant 5,Good (670-739),4,Merchant Discount Rate,Net Transaction Volume,0.011046492525053393
Merchant 5,Good (670-739),5,Merchant Discount Rate,Net Transaction Volume,0.010701345755693582
Merchant 5,Good (670-739),6,Merchant Discount Rate,Net Transaction Volume,0.010715954960696834
Merchant 5,Good (670-739),7,Merchant Discount Rate,Net Transaction Volume,0.01019864559819413
Merchant 5,Poor (300-579),0,Merchant Discount Rate,Net Transaction Volume,0.012107977512428566
Merchant 5,Poor (300-579),1,Merchant Discount Rate,Net Transaction Volume,0.011750787101316072
Merchant 5,Poor (300-579),2,Merchant Discount Rate,Net Transaction Volume,0.011480324797001874
Merchant 5,Poor (300-579),3,Merchant Discount Rate,Net Transaction Volume,0.011182291005962196
Merchant 5,Poor (300-579),4,Merchant Discount Rate,Net Transaction Volume,0.011017928361101792
Merchant 5,Poor (300-579),5,Merchant Discount Rate,Net Transaction Volume,0.01083218136577274
Merchant 5,Poor (300-579),6,Merchant Discount Rate,Net Transaction Volume,0.010550312798218641
Merchant 5,Poor (300-579),7,Merchant Discount Rate,Net Transaction Volume,0.010315186246418338
Merchant 5,Very Good (740-799),0,Merchant Discount Rate,Net Transaction Volume,0.012006496333255198
Merchant 5,Very Good (740-799),1,Merchant Discount Rate,Net Transaction Volume,0.011727570086167895
Merchant 5,Very Good (740-799),2,Merchant Discount Rate,Net Transaction Volume,0.011514308811641068
Merchant 5,Very Good (740-799),3,Merchant Discount Rate,Net Transaction Volume,0.01129586311811951
Merchant 5,Very Good (740-799),4,Merchant Discount Rate,Net Transaction Volume,0.011005332392135914
Merchant 5,Very Good (740-799),5,Merchant Discount Rate,Net Transaction Volume,0.010920272591279295
Merchant 5,Very Good (740-799),6,Merchant Discount Rate,Net Transaction Volume,0.010709875018524922
Merchant 5,Very Good (740-799),7,Merchant Discount Rate,Net Transaction Volume,0.010150550985565731
Merchant 6,Exceptional (800-850),0,Merchant Discount Rate,Net Transaction Volume,0.012715287000862796
Merchant 6,Exceptional (800-850),1,Merchant Discount Rate,Net Transaction Volume,0.012572654831705221
Merchant 6,Exceptional (800-850),2,Merchant Discount Rate,Net Transaction Volume,0.012539429061546014
Merchant 6,Exceptional (800-850),3,Merchant Discount Rate,Net Transaction Volume,0.012324786784686164
Merchant 6,Exceptional (800-850),4,Merchant Discount Rate,Net Transaction Volume,0.012106115650116754
Merchant 6,Exceptional (800-850),5,Merchant Discount Rate,Net Transaction Volume,0.012068754645266298
Merchant 6,Exceptional (800-850),6,Merchant Discount Rate,Net Transaction Volume,0.01177274798723986
Merchant 6,Fair (580-669),0,Merchant Discount Rate,Net Transaction Volume,0.012734651075148424
Merchant 6,Fair (580-669),1,Merchant Discount Rate,Net Transaction Volume,0.012627763682493657
Merchant 6,Fair (580-669),2,Merchant Discount Rate,Net Transaction Volume,0.012535192385038208
Merchant 6,Fair (580-669),3,Merchant Discount Rate,Net Transaction Volume,0.012270634320665247
Merchant 6,Fair (580-669),4,Merchant Discount Rate,Net Transaction Volume,0.012038729666924864
Merchant 6,Fair (580-669),5,Merchant Discount Rate,Net Transaction Volume,0.012115613825983314
Merchant 6,Fair (580-669),6,Merchant Discount Rate,Net Transaction Volume,0.011806179270702353
Merchant 6,Good (670-739),0,Merchant Discount Rate,Net Transaction Volume,0.012806653137981959
Merchant 6,Good (670-739),1,Merchant Discount Rate,Net Transaction Volume,0.012573255940072706
Merchant 6,Good (670-739),2,Merchant Discount Rate,Net Transaction Volume,0.012438346266218467
Merchant 6,Good (670-739),3,Merchant Discount Rate,Net Transaction Volume,0.012252723874769084
Merchant 6,Good (670-739),4,Merchant Discount Rate,Net Transaction Volume,0.011992223049557375
Merchant 6,Good (670-739),5,Merchant Discount Rate,Net Transaction Volume,0.011923020104484226
Merchant 6,Good (670-739),6,Merchant Discount Rate,Net Transaction Volume,0.01168382857703246
Merchant 6,Poor (300-579),0,Merchant Discount Rate,Net Transaction Volume,0.012693811915586349
Merchant 6,Poor (300-579),1,Merchant Discount Rate,Net Transaction Volume,0.012636586028812177
Merchant 6,Poor (300-579),2,Merchant Discount Rate,Net Transaction Volume,0.012287528796463483
Merchant 6,Poor (300-579),3,Merchant Discount Rate,Net Transaction Volume,0.01228309528885099
Merchant 6,Poor (300-579),4,Merchant Discount Rate,Net Transaction Volume,0.012131202503352704
Merchant 6,Poor (300-579),5,Merchant Discount Rate,Net Transaction Volume,0.011935161541023647
Merchant 6,Poor (300-579),6,Merchant Discount Rate,Net Transaction Volume,0.011754966887417218
Merchant 6,Very Good (740-799),0,Merchant Discount Rate,Net Transaction Volume,0.012684539580512407
Merchant 6,Very Good (740-799),1,Merchant Discount Rate,Net Transaction Volume,0.012629254958764572
Merchant 6,Very Good (740-799),2,Merchant Discount Rate,Net Transaction Volume,0.012406354435592442
Merchant 6,Very Good (740-799),3,Merchant Discount Rate,Net Transaction Volume,0.01225708211023991
Merchant 6,Very Good (740-799),4,Merchant Discount Rate,Net Transaction Volume,0.011945026335381899
Merchant 6,Very Good (740-799),5,Merchant Discount Rate,Net Transaction Volume,0.012038216560509555
Merchant 6,Very Good (740-799),6,Merchant Discount Rate,Net Transaction Volume,0.011721593013011223
Merchant 7,Exceptional (800-850),0,Merchant Discount Rate,Net Transaction Volume,0.010711357194498991
Merchant 7,Exceptional (800-850),1,Merchant Discount Rate,Net Transaction Volume,0.010645595624774438
Merchant 7,Exceptional (800-850),2,Merchant Discount Rate,Net Transaction Volume,0.010406234988212809
Merchant 7,Exceptional (800-850),3,Merchant Discount Rate,Net Transaction Volume,0.010199899589135135
Merchant 7,Exceptional (800-850),4,Merchant Discount Rate,Net Transaction Volume,0.01001190538303554
Merchant 7,Exceptional (800-850),5,Merchant Discount Rate,Net Transaction Volume,0.009943843309135735
Merchant 7,Fair (580-669),0,Merchant Discount Rate,Net Transaction Volume,0.010905193171049975
Merchant 7,Fair (580-669),1,Merchant Discount Rate,Net Transaction Volume,0.010588934577982188
Merchant 7,Fair (580-669),2,Merchant Discount Rate,Net Transaction Volume,0.01034541374855511
Merchant 7,Fair (580-669),3,Merchant Discount Rate,Net Transaction Volume,0.010120044170555337
Merchant 7,Fair (580-669),4,Merchant Discount Rate,Net Transaction Volume,0.010083427747450819
Merchant 7,Fair (580-669),5,Merchant Discount Rate,Net Transaction Volume,0.009991959652072217
Merchant 7,Good (670-739),0,Merchant Discount Rate,Net Transaction Volume,0.010794782441893922
Merchant 7,Good (670-739),1,Merchant Discount Rate,Net Transaction Volume,0.010610624765688203
Merchant 7,Good (670-739),2,Merchant Discount Rate,Net Transaction Volume,0.010482108685363896
Merchant 7,Good (670-739),3,Merchant Discount Rate,Net Transaction Volume,0.010232111573159099
Merchant 7,Good (670-739),4,Merchant Discount Rate,Net Transaction Volume,0.009921008423385318
Merchant 7,Good (670-739),5,Merchant Discount Rate,Net Transaction Volume,0.009989752877534971
Merchant 7,Poor (300-579),0,Merchant Discount Rate,Net Transaction Volume,0.010830124407582938
Merchant 7,Poor (300-579),1,Merchant Discount Rate,Net Transaction Volume,0.010623382733474476
Merchant 7,Poor (300-579),2,Merchant Discount Rate,Net Transaction Volume,0.010392291810048176
Merchant 7,Poor (300-579),3,Merchant Discount Rate,Net Transaction Volume,0.010190045248868778
Merchant 7,Poor (300-579),4,Merchant Discount Rate,Net Transaction Volume,0.010032596885186526
Merchant 7,Poor (300-579),5,Merchant Discount Rate,Net Transaction Volume,0.009672830725462305
Merchant 7,Very Good (740-799),0,Merchant Discount Rate,Net Transaction Volume,0.010770561118160087
Merchant 7,Very Good (740-799),1,Merchant Discount Rate,Net Transaction Volume,0.010532031499337867
Merchant 7,Very Good (740-799),2,Merchant Discount Rate,Net Transaction Volume,0.010370225781496233
Merchant 7,Very Good (740-799),3,Merchant Discount Rate,Net Transaction Volume,0.010173911225844212
Merchant 7,Very Good (740-799),4,Merchant Discount Rate,Net Transaction Volume,0.010075801026181582
Merchant 7,Very Good (740-799),5,Merchant Discount Rate,Net Transaction Volume,0.009709089030124528
Merchant 8,Exceptional (800-850),0,Merchant Discount Rate,Net Transaction Volume,0.011413468168237188
Merchant 8,Exceptional (800-850),1,Merchant Discount Rate,Net Transaction Volume,0.011202542926742321
Merchant 8,Exceptional (800-850),2,Merchant Discount Rate,Net Transaction Volume,0.010942824687618327
Merchant 8,Exceptional (800-850),3,Merchant Discount Rate,Net Transaction Volume,0.010608776989632864
Merchant 8,Exceptional (800-850),4,Merchant Discount Rate,Net Transaction Volume,0.010320385596824497
Merchant 8,Fair (580-669),0,Merchant Discount Rate,Net Transaction Volume,0.011428380366457136
Merchant 8,Fair (580-669),1,Merchant Discount Rate,Net Transaction Volume,0.011085604695763352
Merchant 8,Fair (580-669),2,Merchant Discount Rate,Net Transaction Volume,0.011037630042154929
Merchant 8,Fair (580-669),3,Merchant Discount Rate,Net Transaction Volume,0.010673502680027966
Merchant 8,Fair (580-669),4,Merchant Discount Rate,Net Transaction Volume,0.01064795122642847
Merchant 8,Good (670-739),0,Merchant Discount Rate,Net Transaction Volume,0.011374509719408647
Merchant 8,Good (670-739),1,Merchant Discount Rate,Net Transaction Volume,0.011170635671828267
Merchant 8,Good (670-739),2,Merchant Discount Rate,Net Transaction Volume,0.010886949758148806
Merchant 8,Good (670-739),3,Merchant Discount Rate,Net Transaction Volume,0.010627900088853786
Merchant 8,Good (670-739),4,Merchant Discount Rate,Net Transaction Volume,0.010443235530188175
Merchant 8,Poor (300-579),0,Merchant Discount Rate,Net Transaction Volume,0.011430141502953703
Merchant 8,Poor (300-579),1,Merchant Discount Rate,Net Transaction Volume,0.01112159230261296
Merchant 8,Poor (300-579),2,Merchant Discount Rate,Net Transaction Volume,0.01094809517938602
Merchant 8,Poor (300-579),3,Merchant Discount Rate,Net Transaction Volume,0.010662443916600687
Merchant 8,Poor (300-579),4,Merchant Discount Rate,Net Transaction Volume,0.010557474099654662
Merchant 8,Very Good (740-799),0,Merchant Discount Rate,Net Transaction Volume,0.011371046351383148
Merchant 8,Very Good (740-799),1,Merchant Discount Rate,Net Transaction Volume,0.011337354907554607
Merchant 8,Very Good (740-799),2,Merchant Discount Rate,Net Transaction Volume,0.011071285198141882
Merchant 8,Very Good (740-799),3,Merchant Discount Rate,Net Transaction Volume,0.01059877259910433
Merchant 8,Very Good (740-799),4,Merchant Discount Rate,Net Transaction Volume,0.010447923461622093
Merchant 9,ALL,0,Merchant Discount Rate,Net Transaction Volume,0.01202626150672701
Merchant 9,ALL,1,Merchant Discount Rate,Net Transaction Volume,0.011744342080039693
Merchant 9,ALL,2,Merchant Discount Rate,Net Transaction Volume,0.011460827286456223
Merchant 9,ALL,3,Merchant Discount Rate,Net Transaction Volume,0.011238979480377623
Merchant 1,Exceptional (800-850),0,Fee Revenue,Outstanding Balance,0.0003434461377669753
Merchant 1,Exceptional (800-850),1,Fee Revenue,Outstanding Balance,0.00040727129906964346
Merchant 1,Exceptional (800-850),2,Fee Revenue,Outstanding Balance,0.00046190867618463435
Merchant 1,Exceptional (800-850),3,Fee Revenue,Outstanding Balance,0.0005187332747267824
Merchant 1,Exceptional (800-850),4,Fee Revenue,Outstanding Balance,0.0005973790295823306
Merchant 1,Exceptional (800-850),5,Fee Revenue,Outstanding Balance,0.0006442901761225017
Merchant 1,Exceptional (800-850),6,Fee Revenue,Outstanding Balance,0.0007179491026501795
Merchant 1,Exceptional (800-850),7,Fee Revenue,Outstanding Balance,0.0007633794976163413
Merchant 1,Exceptional (800-850),8,Fee Revenue,Outstanding Balance,0.0007388092249999465
Merchant 1,Exceptional (800-850),9,Fee Revenue,Outstanding Balance,0.0007248261704008379
Merchant 1,Exceptional (800-850),10,Fee Revenue,Outstanding Balance,0.0006963455459337422
Merchant 1,Exceptional (800-850),11,Fee Revenue,Outstanding Balance,0.0006734228546541205
Merchant 1,Exceptional (800-850),12,Fee Revenue,Outstanding Balance,0.0006921602918420115
Merchant 1,Exceptional (800-850),13,Fee Revenue,Outstanding Balance,0.0006590955709402368
Merchant 1,Fair (580-669),0,Fee Revenue,Outstanding Balance,0.0017180045214512925
Merchant 1,Fair (580-669),1,Fee Revenue,Outstanding Balance,0.001850742711710305
Merchant 1,Fair (580-669),2,Fee Revenue,Outstanding Balance,0.0019508374425367511
Merchant 1,Fair (580-669),3,Fee Revenue,Outstanding Balance,0.0020817422957434845
Merchant 1,Fair (580-669),4,Fee Revenue,Outstanding Balance,0.002264138696850886
Merchant 1,Fair (580-669),5,Fee Revenue,Outstanding Balance,0.0023821714800329728
Merchant 1,Fair (580-669),6,Fee Revenue,Outstanding Balance,0.002558367215681089
Merchant 1,Fair (580-669),7,Fee Revenue,Outstanding Balance,0.0026569046604193285
Merchant 1,Fair (580-669),8,Fee Revenue,Outstanding Balance,0.0025736657904409446
Merchant 1,Fair (580-669),9,Fee Revenue,Outstanding Balance,0.0024417441644580856
Merchant 1,Fair (580-669),10,Fee Revenue,Outstanding Balance,0.0022878998416304024
Merchant 1,Fair (580-669),11,Fee Revenue,Outstanding Balance,0.0022581479147478468
Merchant 1,Fair (580-669),12,Fee Revenue,Outstanding Balance,0.002129132643856485
Merchant 1,Fair (580-669),13,Fee Revenue,Outstanding Balance,0.0020575440114217075
Merchant 1,Good (670-739),0,Fee Revenue,Outstanding Balance,0.0009775577356030277
Merchant 1,Good (670-739),1,Fee Revenue,Outstanding Balance,0.001070048389973079
Merchant 1,Good (670-739),2,Fee Revenue,Outstanding Balance,0.0011726086389660622
Merchant 1,Good (670-739),3,Fee Revenue,Outstanding Balance,0.001272678592148322
Merchant 1,Good (670-739),4,Fee Revenue,Outstanding Balance,0.0013923548844824252
Merchant 1,Good (670-739),5,Fee Revenue,Outstanding Balance,0.0015190331631331402
Merchant 1,Good (670-739),6,Fee Revenue,Outstanding Balance,0.0015771199202774186
Merchant 1,Good (670-739),7,Fee Revenue,Outstanding Balance,0.00168242119042891
Merchant 1,Good (670-739),8,Fee Revenue,Outstanding Balance,0.0016396978373616523
Merchant 1,Good (670-739),9,Fee Revenue,Outstanding Balance,0.0015400345140912186
Merchant 1,Good (670-739),10,Fee Revenue,Outstanding Balance,0.001579537707747744
Merchant 1,Good (670-739),11,Fee Revenue,Outstanding Balance,0.0015411428525211092
Merchant 1,Good (670-739),12,Fee Revenue,Outstanding Balance,0.0013465352793823639
Merchant 1,Good (670-739),13,Fee Revenue,Outstanding Balance,0.0014465198644077488
Merchant 1,Poor (300-579),0,Fee Revenue,Outstanding Balance,0.0028640966282698975
Merchant 1,Poor (300-579),1,Fee Revenue,Outstanding Balance,0.0031388841604944625
Merchant 1,Poor (300-579),2,Fee Revenue,Outstanding Balance,0.003299882741907751
Merchant 1,Poor (300-579),3,Fee Revenue,Outstanding Balance,0.0034713222161650093
Merchant 1,Poor (300-579),4,Fee Revenue,Outstanding Balance,0.003735258640887909
Merchant 1,Poor (300-579),5,Fee Revenue,Outstanding Balance,0.0038713247190446053
Merchant 1,Poor (300-579),6,Fee Revenue,Outstanding Balance,0.004020396834996349
Merchant 1,Poor (300-579),7,Fee Revenue,Outstanding Balance,0.004273075688382657
Merchant 1,Poor (300-579),8,Fee Revenue,Outstanding Balance,0.004073218783679407
Merchant 1,Poor (300-579),9,Fee Revenue,Outstanding Balance,0.003837128222550697
Merchant 1,Poor (300-579),10,Fee Revenue,Outstanding Balance,0.003593173884336556
Merchant 1,Poor (300-579),11,Fee Revenue,Outstanding Balance,0.0036234535378370995
Merchant 1,Poor (300-579),12,Fee Revenue,Outstanding Balance,0.003290259188650661
Merchant 1,Poor (300-579),13,Fee Revenue,Outstanding Balance,0.003361669922734393
Merchant 1,Very Good (740-799),0,Fee Revenue,Outstanding Balance,0.0005659267449850304
Merchant 1,Very Good (740-799),1,Fee Revenue,Outstanding Balance,0.0006364770025042351
Merchant 1,Very Good (740-799),2,Fee Revenue,Outstanding Balance,0.0007249309416941138
Merchant 1,Very Good (740-799),3,Fee Revenue,Outstanding Balance,0.000814449722622144
Merchant 1,Very Good (740-799),4,Fee Revenue,Outstanding Balance,0.0009036533539094231
Merchant 1,Very Good (740-799),5,Fee Revenue,Outstanding Balance,0.0009826813018847702
Merchant 1,Very Good (740-799),6,Fee Revenue,Outstanding Balance,0.0010773796812914628
Merchant 1,Very Good (740-799),7,Fee Revenue,Outstanding Balance,0.001126970022530154
Merchant 1,Very Good (740-799),8,Fee Revenue,Outstanding Balance,0.0011151791731170663
Merchant 1,Very Good (740-799),9,Fee Revenue,Outstanding Balance,0.001081588080085116
Merchant 1,Very Good (740-799),10,Fee Revenue,Outstanding Balance,0.001040266164144293
Merchant 1,Very Good (740-799),11,Fee Revenue,Outstanding Balance,0.0010309677194441362
Merchant 1,Very Good (740-799),12,Fee Revenue,Outstanding Balance,0.000985991460086696
Merchant 1,Very Good (740-799),13,Fee Revenue,Outstanding Balance,0.0010368906115619954
Merchant 10,ALL,0,Fee Revenue,Outstanding Balance,0.0012700343951456776
Merchant 10,ALL,1,Fee Revenue,Outstanding Balance,0.0015821336387560033
Merchant 2,Exceptional (800-850),0,Fee Revenue,Outstanding Balance,0.00030606238264513374
Merchant 2,Exceptional (800-850),1,Fee Revenue,Outstanding Balance,0.00034556155827590606
Merchant 2,Exceptional (800-850),2,Fee Revenue,Outstanding Balance,0.00038903478099742197
Merchant 2,Exceptional (800-850),3,Fee Revenue,Outstanding Balance,0.0004403237919633733
Merchant 2,Exceptional (800-850),4,Fee Revenue,Outstanding Balance,0.0004782957708661942
Merchant 2,Exceptional (800-850),5,Fee Revenue,Outstanding Balance,0.0005337685915295828
Merchant 2,Exceptional (800-850),6,Fee Revenue,Outstanding Balance,0.0005867589053390122
Merchant 2,Exceptional (800-850),7,Fee Revenue,Outstanding Balance,0.0006258605765543337
Merchant 2,Exceptional (800-850),8,Fee Revenue,Outstanding Balance,0.0006221076844543053
Merchant 2,Exceptional (800-850),9,Fee Revenue,Outstanding Balance,0.0005962235178387197
Merchant 2,Exceptional (800-850),10,Fee Revenue,Outstanding Balance,0.0006047989248019115
Merchant 2,Exceptional (800-850),11,Fee Revenue,Outstanding Balance,0.0005513323730352187
Merchant 2,Fair (580-669),0,Fee Revenue,Outstanding Balance,0.0016618129042799612
Merchant 2,Fair (580-669),1,Fee Revenue,Outstanding Balance,0.001739463265909563
Merchant 2,Fair (580-669),2,Fee Revenue,Outstanding Balance,0.0018273117856918639
Merchant 2,Fair (580-669),3,Fee Revenue,Outstanding Balance,0.0019710971311650053
Merchant 2,Fair (580-669),4,Fee Revenue,Outstanding Balance,0.0021445373590208857
Merchant 2,Fair (580-669),5,Fee Revenue,Outstanding Balance,0.0022320445485305065
Merchant 2,Fair (580-669),6,Fee Revenue,Outstanding Balance,0.0023891546842497685
Merchant 2,Fair (580-669),7,Fee Revenue,Outstanding Balance,0.0023943950769758976
Merchant 2,Fair (580-669),8,Fee Revenue,Outstanding Balance,0.002294512398618209
Merchant 2,Fair (580-669),9,Fee Revenue,Outstanding Balance,0.0023425522298556756
Merchant 2,Fair (580-669),10,Fee Revenue,Outstanding Balance,0.0021371270108518797
Merchant 2,Fair (580-669),11,Fee Revenue,Outstanding Balance,0.002222845017416023
Merchant 2,Good (670-739),0,Fee Revenue,Outstanding Balance,0.0009235729953199704
Merchant 2,Good (670-739),1,Fee Revenue,Outstanding Balance,0.0009706012463133895
Merchant 2,Good (670-739),2,Fee Revenue,Outstanding Balance,0.0010614503380448398
Merchant 2,Good (670-739),3,Fee Revenue,Outstanding Balance,0.0011334136810548844
Merchant 2,Good (670-739),4,Fee Revenue,Outstanding Balance,0.0012416249126822679
Merchant 2,Good (670-739),5,Fee Revenue,Outstanding Balance,0.0013198268738478962
Merchant 2,Good (670-739),6,Fee Revenue,Outstanding Balance,0.0014051023273294384
Merchant 2,Good (670-739),7,Fee Revenue,Outstanding Balance,0.001457275131352409
Merchant 2,Good (670-739),8,Fee Revenue,Outstanding Balance,0.0013939878509468579
Merchant 2,Good (670-739),9,Fee Revenue,Outstanding Balance,0.0013845281082493558
Merchant 2,Good (670-739),10,Fee Revenue,Outstanding Balance,0.0013578372449381028
Merchant 2,Good (670-739),11,Fee Revenue,Outstanding Balance,0.0013809079139489302
Merchant 2,Poor (300-579),0,Fee Revenue,Outstanding Balance,0.0028083986861002015
Merchant 2,Poor (300-579),1,Fee Revenue,Outstanding Balance,0.0030046872901562504
Merchant 2,Poor (300-579),2,Fee Revenue,Outstanding Balance,0.0031448574011635486
Merchant 2,Poor (300-579),3,Fee Revenue,Outstanding Balance,0.0032945896472466522
Merchant 2,Poor (300-579),4,Fee Revenue,Outstanding Balance,0.003608746218631045
Merchant 2,Poor (300-579),5,Fee Revenue,Outstanding Balance,0.0036993057159382847
Merchant 2,Poor (300-579),6,Fee Revenue,Outstanding Balance,0.0039366002590655695
Merchant 2,Poor (300-579),7,Fee Revenue,Outstanding Balance,0.004089078115196804
Merchant 2,Poor (300-579),8,Fee Revenue,Outstanding Balance,0.003873083483325009
Merchant 2,Poor (300-579),9,Fee Revenue,Outstanding Balance,0.0037831681534966945
Merchant 2,Poor (300-579),10,Fee Revenue,Outstanding Balance,0.0034753307750100097
Merchant 2,Poor (300-579),11,Fee Revenue,Outstanding Balance,0.003583929346887737
Merchant 2,Very Good (740-799),0,Fee Revenue,Outstanding Balance,0.0005159385444392429
Merchant 2,Very Good (740-799),1,Fee Revenue,Outstanding Balance,0.0005418478356185941
Merchant 2,Very Good (740-799),2,Fee Revenue,Outstanding Balance,0.0006131584815916258
Merchant 2,Very Good (740-799),3,Fee Revenue,Outstanding Balance,0.0006917426659615557
Merchant 2,Very Good (740-799),4,Fee Revenue,Outstanding Balance,0.0007407624688582925
Merchant 2,Very Good (740-799),5,Fee Revenue,Outstanding Balance,0.0008166400286466846
Merchant 2,Very Good (740-799),6,Fee Revenue,Outstanding Balance,0.0008557317093426724
Merchant 2,Very Good (740-799),7,Fee Revenue,Outstanding Balance,0.0009310421462056904
Merchant 2,Very Good (740-799),8,Fee Revenue,Outstanding Balance,0.0009080012566288996
Merchant 2,Very Good (740-799),9,Fee Revenue,Outstanding Balance,0.0008971534369769652
Merchant 2,Very Good (740-799),10,Fee Revenue,Outstanding Balance,0.0008816579904693955
Merchant 2,Very Good (740-799),11,Fee Revenue,Outstanding Balance,0.0008392248451460782
Merchant 3,Exceptional (800-850),0,Fee Revenue,Outstanding Balance,0.0003664488749004447
Merchant 3,Exceptional (800-850),1,Fee Revenue,Outstanding Balance,0.0004501149926477662
Merchant 3,Exceptional (800-850),2,Fee Revenue,Outstanding Balance,0.0005225106197420545
Merchant 3,Exceptional (800-850),3,Fee Revenue,Outstanding Balance,0.000594545885800066
Merchant 3,Exceptional (800-850),4,Fee Revenue,Outstanding Balance,0.0006668844121817139
Merchant 3,Exceptional (800-850),5,Fee Revenue,Outstanding Balance,0.00072922102409488
Merchant 3,Exceptional (800-850),6,Fee Revenue,Outstanding Balance,0.0008131417972260503
Merchant 3,Exceptional (800-850),7,Fee Revenue,Outstanding Balance,0.0008384901992548194
Merchant 3,Exceptional (800-850),8,Fee Revenue,Outstanding Balance,0.0008742162808901547
Merchant 3,Exceptional (800-850),9,Fee Revenue,Outstanding Balance,0.0008505887032236114
Merchant 3,Fair (580-669),0,Fee Revenue,Outstanding Balance,0.0018225132162444813
Merchant 3,Fair (580-669),1,Fee Revenue,Outstanding Balance,0.001988822592759943
Merchant 3,Fair (580-669),2,Fee Revenue,Outstanding Balance,0.002121972637094098
Merchant 3,Fair (580-669),3,Fee Revenue,Outstanding Balance,0.0022409663476160293
Merchant 3,Fair (580-669),4,Fee Revenue,Outstanding Balance,0.0024393127739755225
Merchant 3,Fair (580-669),5,Fee Revenue,Outstanding Balance,0.002664308237923667
Merchant 3,Fair (580-669),6,Fee Revenue,Outstanding Balance,0.0027894863073362965
Merchant 3,Fair (580-669),7,Fee Revenue,Outstanding Balance,0.0029772065704517774
Merchant 3,Fair (580-669),8,Fee Revenue,Outstanding Balance,0.00270470041633983
Merchant 3,Fair (580-669),9,Fee Revenue,Outstanding Balance,0.0029316197579343822
Merchant 3,Good (670-739),0,Fee Revenue,Outstanding Balance,0.0010276902850466605
Merchant 3,Good (670-739),1,Fee Revenue,Outstanding Balance,0.0011417236763948007
Merchant 3,Good (670-739),2,Fee Revenue,Outstanding Balance,0.0012885018918427705
Merchant 3,Good (670-739),3,Fee Revenue,Outstanding Balance,0.001390344085057825
Merchant 3,Good (670-739),4,Fee Revenue,Outstanding Balance,0.0015271632827116128
Merchant 3,Good (670-739),5,Fee Revenue,Outstanding Balance,0.0016572534428322423
Merchant 3,Good (670-739),6,Fee Revenue,Outstanding Balance,0.0017328401230287493
Merchant 3,Good (670-739),7,Fee Revenue,Outstanding Balance,0.0018080135312078707
Merchant 3,Good (670-739),8,Fee Revenue,Outstanding Balance,0.001782856375418294
Merchant 3,Good (670-739),9,Fee Revenue,Outstanding Balance,0.0018325822008756906
Merchant 3,Poor (300-579),0,Fee Revenue,Outstanding Balance,0.002968220312497452
Merchant 3,Poor (300-579),1,Fee Revenue,Outstanding Balance,0.003266887036352525
Merchant 3,Poor (300-579),2,Fee Revenue,Outstanding Balance,0.0035594016780036482
Merchant 3,Poor (300-579),3,Fee Revenue,Outstanding Balance,0.003808985421005653
Merchant 3,Poor (300-579),4,Fee Revenue,Outstanding Balance,0.0040610969322716645
Merchant 3,Poor (300-579),5,Fee Revenue,Outstanding Balance,0.00427107376390054
Merchant 3,Poor (300-579),6,Fee Revenue,Outstanding Balance,0.004428050481455963
Merchant 3,Poor (300-579),7,Fee Revenue,Outstanding Balance,0.004710121422470185
Merchant 3,Poor (300-579),8,Fee Revenue,Outstanding Balance,0.00432858418416864
Merchant 3,Poor (300-579),9,Fee Revenue,Outstanding Balance,0.004558410026582728
Merchant 3,Very Good (740-799),0,Fee Revenue,Outstanding Balance,0.0006093215860365575
Merchant 3,Very Good (740-799),1,Fee Revenue,Outstanding Balance,0.0007024821922756173
Merchant 3,Very Good (740-799),2,Fee Revenue,Outstanding Balance,0.0008091287911000471
Merchant 3,Very Good (740-799),3,Fee Revenue,Outstanding Balance,0.0008947210919918266
Merchant 3,Very Good (740-799),4,Fee Revenue,Outstanding Balance,0.0010070784848155083
Merchant 3,Very Good (740-799),5,Fee Revenue,Outstanding Balance,0.0011248345495559302
Merchant 3,Very Good (740-799),6,Fee Revenue,Outstanding Balance,0.0012320648926110542
Merchant 3,Very Good (740-799),7,Fee Revenue,Outstanding Balance,0.0012704913405984944
Merchant 3,Very Good (740-799),8,Fee Revenue,Outstanding Balance,0.0012698956259943354
Merchant 3,Very Good (740-799),9,Fee Revenue,Outstanding Balance,0.0012499722051923876
Merchant 4,Exceptional (800-850),0,Fee Revenue,Outstanding Balance,0.00044287824385770883
Merchant 4,Exceptional (800-850),1,Fee Revenue,Outstanding Balance,0.000583034432919398
Merchant 4,Exceptional (800-850),2,Fee Revenue,Outstanding Balance,0.0007217106978336046
Merchant 4,Exceptional (800-850),3,Fee Revenue,Outstanding Balance,0.0008510781176462554
Merchant 4,Exceptional (800-850),4,Fee Revenue,Outstanding Balance,0.0009290937583811088
Merchant 4,Exceptional (800-850),5,Fee Revenue,Outstanding Balance,0.0010990099517187081
Merchant 4,Exceptional (800-850),6,Fee Revenue,Outstanding Balance,0.0011834956449317355
Merchant 4,Exceptional (800-850),7,Fee Revenue,Outstanding Balance,0.0012529778440789423
Merchant 4,Exceptional (800-850),8,Fee Revenue,Outstanding Balance,0.0013380369654002946
Merchant 4,Fair (580-669),0,Fee Revenue,Outstanding Balance,0.0019692519604011245
Merchant 4,Fair (580-669),1,Fee Revenue,Outstanding Balance,0.0021404537197974496
Merchant 4,Fair (580-669),2,Fee Revenue,Outstanding Balance,0.002462917490568966
Merchant 4,Fair (580-669),3,Fee Revenue,Outstanding Balance,0.002708136136558298
Merchant 4,Fair (580-669),4,Fee Revenue,Outstanding Balance,0.0029743333248481788
Merchant 4,Fair (580-669),5,Fee Revenue,Outstanding Balance,0.003278943925662474
Merchant 4,Fair (580-669),6,Fee Revenue,Outstanding Balance,0.0035345599800221676
Merchant 4,Fair (580-669),7,Fee Revenue,Outstanding Balance,0.0035381412518732977
Merchant 4,Fair (580-669),8,Fee Revenue,Outstanding Balance,0.0035515928531903995
Merchant 4,Good (670-739),0,Fee Revenue,Outstanding Balance,0.00115987981265089
Merchant 4,Good (670-739),1,Fee Revenue,Outstanding Balance,0.0013493070714249455
Merchant 4,Good (670-739),2,Fee Revenue,Outstanding Balance,0.001567608093276207
Merchant 4,Good (670-739),3,Fee Revenue,Outstanding Balance,0.0017771415750420748
Merchant 4,Good (670-739),4,Fee Revenue,Outstanding Balance,0.0019473346122357137
Merchant 4,Good (670-739),5,Fee Revenue,Outstanding Balance,0.0021777557537190325
Merchant 4,Good (670-739),6,Fee Revenue,Outstanding Balance,0.0023045940370625684
Merchant 4,Good (670-739),7,Fee Revenue,Outstanding Balance,0.0024827391804792373
Merchant 4,Good (670-739),8,Fee Revenue,Outstanding Balance,0.002330889386634717
Merchant 4,Poor (300-579),0,Fee Revenue,Outstanding Balance,0.0032072227093260124
Merchant 4,Poor (300-579),1,Fee Revenue,Outstanding Balance,0.003646898596556185
Merchant 4,Poor (300-579),2,Fee Revenue,Outstanding Balance,0.004047904090745335
Merchant 4,Poor (300-579),3,Fee Revenue,Outstanding Balance,0.004276765514061282
Merchant 4,Poor (300-579),4,Fee Revenue,Outstanding Balance,0.004785766097766365
Merchant 4,Poor (300-579),5,Fee Revenue,Outstanding Balance,0.004998142818825127
Merchant 4,Poor (300-579),6,Fee Revenue,Outstanding Balance,0.0054061888427857155
Merchant 4,Poor (300-579),7,Fee Revenue,Outstanding Balance,0.0051948935190695225
Merchant 4,Poor (300-579),8,Fee Revenue,Outstanding Balance,0.0054944761701446335
Merchant 4,Very Good (740-799),0,Fee Revenue,Outstanding Balance,0.0007024338998815149
Merchant 4,Very Good (740-799),1,Fee Revenue,Outstanding Balance,0.0008671361605284233
Merchant 4,Very Good (740-799),2,Fee Revenue,Outstanding Balance,0.0010281728259863758
Merchant 4,Very Good (740-799),3,Fee Revenue,Outstanding Balance,0.0012021968630786216
Merchant 4,Very Good (740-799),4,Fee Revenue,Outstanding Balance,0.001353417929171867
Merchant 4,Very Good (740-799),5,Fee Revenue,Outstanding Balance,0.0014948275713092727
Merchant 4,Very Good (740-799),6,Fee Revenue,Outstanding Balance,0.0016694382246074024
Merchant 4,Very Good (740-799),7,Fee Revenue,Outstanding Balance,0.0017652942055872665
Merchant 4,Very Good (740-799),8,Fee Revenue,Outstanding Balance,0.0017160513086995608
Merchant 5,Exceptional (800-850),0,Fee Revenue,Outstanding Balance,0.00039131354438412183
Merchant 5,Exceptional (800-850),1,Fee Revenue,Outstanding Balance,0.0004857821176824126
Merchant 5,Exceptional (800-850),2,Fee Revenue,Outstanding Balance,0.0005914241558308928
Merchant 5,Exceptional (800-850),3,Fee Revenue,Outstanding Balance,0.0006773574242782537
Merchant 5,Exceptional (800-850),4,Fee Revenue,Outstanding Balance,0.0007555084350690483
Merchant 5,Exceptional (800-850),5,Fee Revenue,Outstanding Balance,0.000817533958852957
Merchant 5,Exceptional (800-850),6,Fee Revenue,Outstanding Balance,0.000979193607572954
Merchant 5,Exceptional (800-850),7,Fee Revenue,Outstanding Balance,0.0010556136995200115
Merchant 5,Fair (580-669),0,Fee Revenue,Outstanding Balance,0.0018141028152774802
Merchant 5,Fair (580-669),1,Fee Revenue,Outstanding Balance,0.002045332971932771
Merchant 5,Fair (580-669),2,Fee Revenue,Outstanding Balance,0.002284888711757665
Merchant 5,Fair (580-669),3,Fee Revenue,Outstanding Balance,0.002400713227765815
Merchant 5,Fair (580-669),4,Fee Revenue,Outstanding Balance,0.002568051145045158
Merchant 5,Fair (580-669),5,Fee Revenue,Outstanding Balance,0.0027964793589280437
Merchant 5,Fair (580-669),6,Fee Revenue,Outstanding Balance,0.0029379329358651825
Merchant 5,Fair (580-669),7,Fee Revenue,Outstanding Balance,0.0030634859410445664
Merchant 5,Good (670-739),0,Fee Revenue,Outstanding Balance,0.0010784565979233705
Merchant 5,Good (670-739),1,Fee Revenue,Outstanding Balance,0.0012348195175787044
Merchant 5,Good (670-739),2,Fee Revenue,Outstanding Balance,0.0013699379165005411
Merchant 5,Good (670-739),3,Fee Revenue,Outstanding Balance,0.001531438041617942
Merchant 5,Good (670-739),4,Fee Revenue,Outstanding Balance,0.0017209524388921364
Merchant 5,Good (670-739),5,Fee Revenue,Outstanding Balance,0.0017938399920445233
Merchant 5,Good (670-739),6,Fee Revenue,Outstanding Balance,0.0019388189443278474
Merchant 5,Good (670-739),7,Fee Revenue,Outstanding Balance,0.0022265717456407524
Merchant 5,Poor (300-579),0,Fee Revenue,Outstanding Balance,0.003026903874878674
Merchant 5,Poor (300-579),1,Fee Revenue,Outstanding Balance,0.0034203204930047964
Merchant 5,Poor (300-579),2,Fee Revenue,Outstanding Balance,0.0036562890520223925
Merchant 5,Poor (300-579),3,Fee Revenue,Outstanding Balance,0.004069558383594245
Merchant 5,Poor (300-579),4,Fee Revenue,Outstanding Balance,0.0043588793059525675
Merchant 5,Poor (300-579),5,Fee Revenue,Outstanding Balance,0.004625926094268443
Merchant 5,Poor (300-579),6,Fee Revenue,Outstanding Balance,0.004440476284538135
Merchant 5,Poor (300-579),7,Fee Revenue,Outstanding Balance,0.005028603402958262
Merchant 5,Very Good (740-799),0,Fee Revenue,Outstanding Balance,0.0006327741840060808
Merchant 5,Very Good (740-799),1,Fee Revenue,Outstanding Balance,0.0007680027613582431
Merchant 5,Very Good (740-799),2,Fee Revenue,Outstanding Balance,0.0008817707589350443
Merchant 5,Very Good (740-799),3,Fee Revenue,Outstanding Balance,0.00101546771769643
Merchant 5,Very Good (740-799),4,Fee Revenue,Outstanding Balance,0.001088443371021865
Merchant 5,Very Good (740-799),5,Fee Revenue,Outstanding Balance,0.0011713402672913814
Merchant 5,Very Good (740-799),6,Fee Revenue,Outstanding Balance,0.0013364717973370023
Merchant 5,Very Good (740-799),7,Fee Revenue,Outstanding Balance,0.0015502124632275182
Merchant 6,Exceptional (800-850),0,Fee Revenue,Outstanding Balance,0.00033275634236788136
Merchant 6,Exceptional (800-850),1,Fee Revenue,Outstanding Balance,0.000378748723714859
Merchant 6,Exceptional (800-850),2,Fee Revenue,Outstanding Balance,0.00044255322129280693
Merchant 6,Exceptional (800-850),3,Fee Revenue,Outstanding Balance,0.0005016969739072754
Merchant 6,Exceptional (800-850),4,Fee Revenue,Outstanding Balance,0.000540648619541452
Merchant 6,Exceptional (800-850),5,Fee Revenue,Outstanding Balance,0.0006164865470192593
Merchant 6,Exceptional (800-850),6,Fee Revenue,Outstanding Balance,0.0006853132456490955
Merchant 6,Fair (580-669),0,Fee Revenue,Outstanding Balance,0.0017118587981449487
Merchant 6,Fair (580-669),1,Fee Revenue,Outstanding Balance,0.0019036219270569194
Merchant 6,Fair (580-669),2,Fee Revenue,Outstanding Balance,0.0019727683768280793
Merchant 6,Fair (580-669),3,Fee Revenue,Outstanding Balance,0.0021214511617035883
Merchant 6,Fair (580-669),4,Fee Revenue,Outstanding Balance,0.002182247641314825
Merchant 6,Fair (580-669),5,Fee Revenue,Outstanding Balance,0.0022297870221415638
Merchant 6,Fair (580-669),6,Fee Revenue,Outstanding Balance,0.0025120746287360645
Merchant 6,Good (670-739),0,Fee Revenue,Outstanding Balance,0.0009620494564420571
Merchant 6,Good (670-739),1,Fee Revenue,Outstanding Balance,0.0010605265048324718
Merchant 6,Good (670-739),2,Fee Revenue,Outstanding Balance,0.0011758332443947003
Merchant 6,Good (670-739),3,Fee Revenue,Outstanding Balance,0.0012553041018387554
Merchant 6,Good (670-739),4,Fee Revenue,Outstanding Balance,0.0013802528688955174
Merchant 6,Good (670-739),5,Fee Revenue,Outstanding Balance,0.00142849320259745
Merchant 6,Good (670-739),6,Fee Revenue,Outstanding Balance,0.0015279513466648256
Merchant 6,Poor (300-579),0,Fee Revenue,Outstanding Balance,0.0029777903281778405
Merchant 6,Poor (300-579),1,Fee Revenue,Outstanding Balance,0.003052240096869054
Merchant 6,Poor (300-579),2,Fee Revenue,Outstanding Balance,0.0033161714755622295
Merchant 6,Poor (300-579),3,Fee Revenue,Outstanding Balance,0.003547269607789568
Merchant 6,Poor (300-579),4,Fee Revenue,Outstanding Balance,0.0038357818750729073
Merchant 6,Poor (300-579),5,Fee Revenue,Outstanding Balance,0.0036968766210998772
Merchant 6,Poor (300-579),6,Fee Revenue,Outstanding Balance,0.004285090525075903
Merchant 6,Very Good (740-799),0,Fee Revenue,Outstanding Balance,0.0005365669099230764
Merchant 6,Very Good (740-799),1,Fee Revenue,Outstanding Balance,0.0006165322852905361
Merchant 6,Very Good (740-799),2,Fee Revenue,Outstanding Balance,0.0006783646888567293
Merchant 6,Very Good (740-799),3,Fee Revenue,Outstanding Balance,0.0007522033365287303
Merchant 6,Very Good (740-799),4,Fee Revenue,Outstanding Balance,0.0008409576027315252
Merchant 6,Very Good (740-799),5,Fee Revenue,Outstanding Balance,0.0008952616258385288
Merchant 6,Very Good (740-799),6,Fee Revenue,Outstanding Balance,0.0009735586177555689
Merchant 7,Exceptional (800-850),0,Fee Revenue,Outstanding Balance,0.00028890284531805975
Merchant 7,Exceptional (800-850),1,Fee Revenue,Outstanding Balance,0.00032910663489148104
Merchant 7,Exceptional (800-850),2,Fee Revenue,Outstanding Balance,0.0003692461873996279
Merchant 7,Exceptional (800-850),3,Fee Revenue,Outstanding Balance,0.0003914811885662637
Merchant 7,Exceptional (800-850),4,Fee Revenue,Outstanding Balance,0.0004627091177151491
Merchant 7,Exceptional (800-850),5,Fee Revenue,Outstanding Balance,0.00048710142180597327
Merchant 7,Fair (580-669),0,Fee Revenue,Outstanding Balance,0.0016388832930432447
Merchant 7,Fair (580-669),1,Fee Revenue,Outstanding Balance,0.0017537156483720525
Merchant 7,Fair (580-669),2,Fee Revenue,Outstanding Balance,0.0017480084005635865
Merchant 7,Fair (580-669),3,Fee Revenue,Outstanding Balance,0.0019300064313969641
Merchant 7,Fair (580-669),4,Fee Revenue,Outstanding Balance,0.0020988493229590894
Merchant 7,Fair (580-669),5,Fee Revenue,Outstanding Balance,0.0021508686275159223
Merchant 7,Good (670-739),0,Fee Revenue,Outstanding Balance,0.000879720702029328
Merchant 7,Good (670-739),1,Fee Revenue,Outstanding Balance,0.000940557580108436
Merchant 7,Good (670-739),2,Fee Revenue,Outstanding Balance,0.0009591978092879059
Merchant 7,Good (670-739),3,Fee Revenue,Outstanding Balance,0.0010443958139348868
Merchant 7,Good (670-739),4,Fee Revenue,Outstanding Balance,0.001122160918210895
Merchant 7,Good (670-739),5,Fee Revenue,Outstanding Balance,0.001242078004679372
Merchant 7,Poor (300-579),0,Fee Revenue,Outstanding Balance,0.0027892983918366534
Merchant 7,Poor (300-579),1,Fee Revenue,Outstanding Balance,0.0029899090569328515
Merchant 7,Poor (300-579),2,Fee Revenue,Outstanding Balance,0.0031677785575325796
Merchant 7,Poor (300-579),3,Fee Revenue,Outstanding Balance,0.003206980376050089
Merchant 7,Poor (300-579),4,Fee Revenue,Outstanding Balance,0.0033098522542924645
Merchant 7,Poor (300-579),5,Fee Revenue,Outstanding Balance,0.0035892621896865904
Merchant 7,Very Good (740-799),0,Fee Revenue,Outstanding Balance,0.0004754854338952267
Merchant 7,Very Good (740-799),1,Fee Revenue,Outstanding Balance,0.0005223583437464801
Merchant 7,Very Good (740-799),2,Fee Revenue,Outstanding Balance,0.0005556086193714208
Merchant 7,Very Good (740-799),3,Fee Revenue,Outstanding Balance,0.0005856963136811523
Merchant 7,Very Good (740-799),4,Fee Revenue,Outstanding Balance,0.0006665268405619396
Merchant 7,Very Good (740-799),5,Fee Revenue,Outstanding Balance,0.0007378710415954484
Merchant 8,Exceptional (800-850),0,Fee Revenue,Outstanding Balance,0.0004794834212147009
Merchant 8,Exceptional (800-850),1,Fee Revenue,Outstanding Balance,0.0006664528383784645
Merchant 8,Exceptional (800-850),2,Fee Revenue,Outstanding Balance,0.0008218876936682171
Merchant 8,Exceptional (800-850),3,Fee Revenue,Outstanding Balance,0.0010332209874705036
Merchant 8,Exceptional (800-850),4,Fee Revenue,Outstanding Balance,0.0012331828170346125
Merchant 8,Fair (580-669),0,Fee Revenue,Outstanding Balance,0.0020495766993536366
Merchant 8,Fair (580-669),1,Fee Revenue,Outstanding Balance,0.0024582260604678174
Merchant 8,Fair (580-669),2,Fee Revenue,Outstanding Balance,0.0028667043292431482
Merchant 8,Fair (580-669),3,Fee Revenue,Outstanding Balance,0.0032722297017208552
Merchant 8,Fair (580-669),4,Fee Revenue,Outstanding Balance,0.0034329702608550954
Merchant 8,Good (670-739),0,Fee Revenue,Outstanding Balance,0.001255374454072333
Merchant 8,Good (670-739),1,Fee Revenue,Outstanding Balance,0.0015559579042661537
Merchant 8,Good (670-739),2,Fee Revenue,Outstanding Balance,0.0017938804982249232
Merchant 8,Good (670-739),3,Fee Revenue,Outstanding Balance,0.0020969372202345616
Merchant 8,Good (670-739),4,Fee Revenue,Outstanding Balance,0.0024225407709473376
Merchant 8,Poor (300-579),0,Fee Revenue,Outstanding Balance,0.003335740427696903
Merchant 8,Poor (300-579),1,Fee Revenue,Outstanding Balance,0.0038287462652952186
Merchant 8,Poor (300-579),2,Fee Revenue,Outstanding Balance,0.004377978823596564
Merchant 8,Poor (300-579),3,Fee Revenue,Outstanding Balance,0.004609233626088357
Merchant 8,Poor (300-579),4,Fee Revenue,Outstanding Balance,0.005163295243977764
Merchant 8,Very Good (740-799),0,Fee Revenue,Outstanding Balance,0.0007528942783672014
Merchant 8,Very Good (740-799),1,Fee Revenue,Outstanding Balance,0.00100389638012963
Merchant 8,Very Good (740-799),2,Fee Revenue,Outstanding Balance,0.001254093012397263
Merchant 8,Very Good (740-799),3,Fee Revenue,Outstanding Balance,0.0015379530911295758
Merchant 8,Very Good (740-799),4,Fee Revenue,Outstanding Balance,0.001762871957821656
Merchant 9,ALL,0,Fee Revenue,Outstanding Balance,0.0017063126690874816
Merchant 9,ALL,1,Fee Revenue,Outstanding Balance,0.002178704717603085
Merchant 9,ALL,2,Fee Revenue,Outstanding Balance,0.002520146052103934
Merchant 9,ALL,3,Fee Revenue,Outstanding Balance,0.002920510862954672
Merchant 1,Exceptional (800-850),0,Other Revenue,In-Month Active Accounts,0.8293549303779483
Merchant 1,Exceptional (800-850),1,Other Revenue,In-Month Active Accounts,0.8073919085115558
Merchant 1,Exceptional (800-850),2,Other Revenue,In-Month Active Accounts,0.8232206703418637
Merchant 1,Exceptional (800-850),3,Other Revenue,In-Month Active Accounts,0.8067384948786621
Merchant 1,Exceptional (800-850),4,Other Revenue,In-Month Active Accounts,0.8243875584916047
Merchant 1,Exceptional (800-850),5,Other Revenue,In-Month Active Accounts,0.7808767079161409
Merchant 1,Exceptional (800-850),6,Other Revenue,In-Month Active Accounts,0.8326985771304957
Merchant 1,Exceptional (800-850),7,Other Revenue,In-Month Active Accounts,0.7990109241216415
Merchant 1,Exceptional (800-850),8,Other Revenue,In-Month Active Accounts,0.7760411961333454
Merchant 1,Exceptional (800-850),9,Other Revenue,In-Month Active Accounts,0.8267960945877307
Merchant 1,Exceptional (800-850),10,Other Revenue,In-Month Active Accounts,0.7978241160471442
Merchant 1,Exceptional (800-850),11,Other Revenue,In-Month Active Accounts,0.8102456874019864
Merchant 1,Exceptional (800-850),12,Other Revenue,In-Month Active Accounts,0.8362248438584317
Merchant 1,Exceptional (800-850),13,Other Revenue,In-Month Active Accounts,0.8521400778210116
Merchant 1,Fair (580-669),0,Other Revenue,In-Month Active Accounts,0.8111543062200957
Merchant 1,Fair (580-669),1,Other Revenue,In-Month Active Accounts,0.7962575611962236
Merchant 1,Fair (580-669),2,Other Revenue,In-Month Active Accounts,0.8200361640706786
Merchant 1,Fair (580-669),3,Other Revenue,In-Month Active Accounts,0.7976355269557409
Merchant 1,Fair (580-669),4,Other Revenue,In-Month Active Accounts,0.7785772760567021
Merchant 1,Fair (580-669),5,Other Revenue,In-Month Active Accounts,0.798562587342783
Merchant 1,Fair (580-669),6,Other Revenue,In-Month Active Accounts,0.7764910248986682
Merchant 1,Fair (580-669),7,Other Revenue,In-Month Active Accounts,0.7963768115942029
Merchant 1,Fair (580-669),8,Other Revenue,In-Month Active Accounts,0.8125219838199086
Merchant 1,Fair (580-669),9,Other Revenue,In-Month Active Accounts,0.8033707865168539
Merchant 1,Fair (580-669),10,Other Revenue,In-Month Active Accounts,0.8588084743352765
Merchant 1,Fair (580-669),11,Other Revenue,In-Month Active Accounts,0.8546083946343574
Merchant 1,Fair (580-669),12,Other Revenue,In-Month Active Accounts,0.7929036929761043
Merchant 1,Fair (580-669),13,Other Revenue,In-Month Active Accounts,0.7914262159934048
Merchant 1,Good (670-739),0,Other Revenue,In-Month Active Accounts,0.7943361390960502
Merchant 1,Good (670-739),1,Other Revenue,In-Month Active Accounts,0.7969905006503021
Merchant 1,Good (670-739),2,Other Revenue,In-Month Active Accounts,0.811624343257443
Merchant 1,Good (670-739),3,Other Revenue,In-Month Active Accounts,0.7911572813074048
Merchant 1,Good (670-739),4,Other Revenue,In-Month Active Accounts,0.8046784192173576
Merchant 1,Good (670-739),5,Other Revenue,In-Month Active Accounts,0.7915336140390539
Merchant 1,Good (670-739),6,Other Revenue,In-Month Active Accounts,0.8051686633550859
Merchant 1,Good (670-739),7,Other Revenue,In-Month Active Accounts,0.7598469143677244
Merchant 1,Good (670-739),8,Other Revenue,In-Month Active Accounts,0.8004342676667983
Merchant 1,Good (670-739),9,Other Revenue,In-Month Active Accounts,0.8048228165738417
Merchant 1,Good (670-739),10,Other Revenue,In-Month Active Accounts,0.8362102032988109
Merchant 1,Good (670-739),11,Other Revenue,In-Month Active Accounts,0.7948243992606284
Merchant 1,Good (670-739),12,Other Revenue,In-Month Active Accounts,0.8574237954768928
Merchant 1,Good (670-739),13,Other Revenue,In-Month Active Accounts,0.8089199825098382
Merchant 1,Poor (300-579),0,Other Revenue,In-Month Active Accounts,0.7991172930319647
Merchant 1,Poor (300-579),1,Other Revenue,In-Month Active Accounts,0.8143272615949794
Merchant 1,Poor (300-579),2,Other Revenue,In-Month Active Accounts,0.7828261056987671
Merchant 1,Poor (300-579),3,Other Revenue,In-Month Active Accounts,0.7973287463320854
Merchant 1,Poor (300-579),4,Other Revenue,In-Month Active Accounts,0.8344152012274283
Merchant 1,Poor (300-579),5,Other Revenue,In-Month Active Accounts,0.7927677329624478
Merchant 1,Poor (300-579),6,Other Revenue,In-Month Active Accounts,0.8393632416787264
Merchant 1,Poor (300-579),7,Other Revenue,In-Month Active Accounts,0.7969985804096532
Merchant 1,Poor (300-579),8,Other Revenue,In-Month Active Accounts,0.8222278099069651
Merchant 1,Poor (300-579),9,Other Revenue,In-Month Active Accounts,0.7785192246584048
Merchant 1,Poor (300-579),10,Other Revenue,In-Month Active Accounts,0.7972480777013355
Merchant 1,Poor (300-579),11,Other Revenue,In-Month Active Accounts,0.803680981595092
Merchant 1,Poor (300-579),12,Other Revenue,In-Month Active Accounts,0.8695652173913043
Merchant 1,Poor (300-579),13,Other Revenue,In-Month Active Accounts,0.7655502392344498
Merchant 1,Very Good (740-799),0,Other Revenue,In-Month Active Accounts,0.7977317348718342
Merchant 1,Very Good (740-799),1,Other Revenue,In-Month Active Accounts,0.800915898261031
Merchant 1,Very Good (740-799),2,Other Revenue,In-Month Active Accounts,0.8243405275779376
Merchant 1,Very Good (740-799),3,Other Revenue,In-Month Active Accounts,0.8148006134969326
Merchant 1,Very Good (740-799),4,Other Revenue,In-Month Active Accounts,0.7952012468059658
Merchant 1,Very Good (740-799),5,Other Revenue,In-Month Active Accounts,0.7840192885241741
Merchant 1,Very Good (740-799),6,Other Revenue,In-Month Active Accounts,0.8117278788023609
Merchant 1,Very Good (740-799),7,Other Revenue,In-Month Active Accounts,0.7681176540074419
Merchant 1,Very Good (740-799),8,Other Revenue,In-Month Active Accounts,0.7631172007048584
Merchant 1,Very Good (740-799),9,Other Revenue,In-Month Active Accounts,0.8040785295827557
Merchant 1,Very Good (740-799),10,Other Revenue,In-Month Active Accounts,0.8015739179314222
Merchant 1,Very Good (740-799),11,Other Revenue,In-Month Active Accounts,0.8271305511415907
Merchant 1,Very Good (740-799),12,Other Revenue,In-Month Active Accounts,0.8137911781127861
Merchant 1,Very Good (740-799),13,Other Revenue,In-Month Active Accounts,0.8200734394124847
Merchant 10,ALL,0,Other Revenue,In-Month Active Accounts,0.7833203429462198
Merchant 10,ALL,1,Other Revenue,In-Month Active Accounts,0.8039772727272727
Merchant 2,Exceptional (800-850),0,Other Revenue,In-Month Active Accounts,0.7863688744992592
Merchant 2,Exceptional (800-850),1,Other Revenue,In-Month Active Accounts,0.783951130319149
Merchant 2,Exceptional (800-850),2,Other Revenue,In-Month Active Accounts,0.7824058804127597
Merchant 2,Exceptional (800-850),3,Other Revenue,In-Month Active Accounts,0.8330566622399291
Merchant 2,Exceptional (800-850),4,Other Revenue,In-Month Active Accounts,0.7990491283676704
Merchant 2,Exceptional (800-850),5,Other Revenue,In-Month Active Accounts,0.8148710166919575
Merchant 2,Exceptional (800-850),6,Other Revenue,In-Month Active Accounts,0.8281150739631545
Merchant 2,Exceptional (800-850),7,Other Revenue,In-Month Active Accounts,0.8597777523198533
Merchant 2,Exceptional (800-850),8,Other Revenue,In-Month Active Accounts,0.8059283291549919
Merchant 2,Exceptional (800-850),9,Other Revenue,In-Month Active Accounts,0.7627033033639762
Merchant 2,Exceptional (800-850),10,Other Revenue,In-Month Active Accounts,0.7815088089143202
Merchant 2,Exceptional (800-850),11,Other Revenue,In-Month Active Accounts,0.8596491228070176
Merchant 2,Fair (580-669),0,Other Revenue,In-Month Active Accounts,0.7964490070683271
Merchant 2,Fair (580-669),1,Other Revenue,In-Month Active Accounts,0.7922475348520911
Merchant 2,Fair (580-669),2,Other Revenue,In-Month Active Accounts,0.8146379386939138
Merchant 2,Fair (580-669),3,Other Revenue,In-Month Active Accounts,0.7800198478332782
Merchant 2,Fair (580-669),4,Other Revenue,In-Month Active Accounts,0.7671212005789594
Merchant 2,Fair (580-669),5,Other Revenue,In-Month Active Accounts,0.7964847363552267
Merchant 2,Fair (580-669),6,Other Revenue,In-Month Active Accounts,0.7810598517535126
Merchant 2,Fair (580-669),7,Other Revenue,In-Month Active Accounts,0.763092992891339
Merchant 2,Fair (580-669),8,Other Revenue,In-Month Active Accounts,0.812125748502994
Merchant 2,Fair (580-669),9,Other Revenue,In-Month Active Accounts,0.8290155440414507
Merchant 2,Fair (580-669),10,Other Revenue,In-Month Active Accounts,0.8233413269384492
Merchant 2,Fair (580-669),11,Other Revenue,In-Month Active Accounts,0.7540394973070018
Merchant 2,Good (670-739),0,Other Revenue,In-Month Active Accounts,0.7741607089146479
Merchant 2,Good (670-739),1,Other Revenue,In-Month Active Accounts,0.8155560249234344
Merchant 2,Good (670-739),2,Other Revenue,In-Month Active Accounts,0.7980800763199475
Merchant 2,Good (670-739),3,Other Revenue,In-Month Active Accounts,0.8113856297189039
Merchant 2,Good (670-739),4,Other Revenue,In-Month Active Accounts,0.8132137030995106
Merchant 2,Good (670-739),5,Other Revenue,In-Month Active Accounts,0.7727295199485836
Merchant 2,Good (670-739),6,Other Revenue,In-Month Active Accounts,0.7779540513543687
Merchant 2,Good (670-739),7,Other Revenue,In-Month Active Accounts,0.8141784691587338
Merchant 2,Good (670-739),8,Other Revenue,In-Month Active Accounts,0.78125
Merchant 2,Good (670-739),9,Other Revenue,In-Month Active Accounts,0.8539603960396039
Merchant 2,Good (670-739),10,Other Revenue,In-Month Active Accounts,0.7852661404573973
Merchant 2,Good (670-739),11,Other Revenue,In-Month Active Accounts,0.8693630869363087
Merchant 2,Poor (300-579),0,Other Revenue,In-Month Active Accounts,0.8011669658886894
Merchant 2,Poor (300-579),1,Other Revenue,In-Month Active Accounts,0.8196286472148541
Merchant 2,Poor (300-579),2,Other Revenue,In-Month Active Accounts,0.7921998781230957
Merchant 2,Poor (300-579),3,Other Revenue,In-Month Active Accounts,0.7731769879076584
Merchant 2,Poor (300-579),4,Other Revenue,In-Month Active Accounts,0.8015348539756981
Merchant 2,Poor (300-579),5,Other Revenue,In-Month Active Accounts,0.7948583420776495
Merchant 2,Poor (300-579),6,Other Revenue,In-Month Active Accounts,0.8328035600762873
Merchant 2,Poor (300-579),7,Other Revenue,In-Month Active Accounts,0.8130416838629798
Merchant 2,Poor (300-579),8,Other Revenue,In-Month Active Accounts,0.7924528301886793
Merchant 2,Poor (300-579),9,Other Revenue,In-Month Active Accounts,0.7651912978244562
Merchant 2,Poor (300-579),10,Other Revenue,In-Month Active Accounts,0.8070175438596491
Merchant 2,Poor (300-579),11,Other Revenue,In-Month Active Accounts,0.7506702412868632
Merchant 2,Very Good (740-799),0,Other Revenue,In-Month Active Accounts,0.7879270693983075
Merchant 2,Very Good (740-799),1,Other Revenue,In-Month Active Accounts,0.7920946156240274
Merchant 2,Very Good (740-799),2,Other Revenue,In-Month Active Accounts,0.7935641150658216
Merchant 2,Very Good (740-799),3,Other Revenue,In-Month Active Accounts,0.8033067802889959
Merchant 2,Very Good (740-799),4,Other Revenue,In-Month Active Accounts,0.8224089036331532
Merchant 2,Very Good (740-799),5,Other Revenue,In-Month Active Accounts,0.8222978938075419
Merchant 2,Very Good (740-799),6,Other Revenue,In-Month Active Accounts,0.8353030880670987
Merchant 2,Very Good (740-799),7,Other Revenue,In-Month Active Accounts,0.7826923076923077
Merchant 2,Very Good (740-799),8,Other Revenue,In-Month Active Accounts,0.7889363281975126
Merchant 2,Very Good (740-799),9,Other Revenue,In-Month Active Accounts,0.8146923143876752
Merchant 2,Very Good (740-799),10,Other Revenue,In-Month Active Accounts,0.8094869811807167
Merchant 2,Very Good (740-799),11,Other Revenue,In-Month Active Accounts,0.7810615199034981
Merchant 3,Exceptional (800-850),0,Other Revenue,In-Month Active Accounts,0.7987260092653872
Merchant 3,Exceptional (800-850),1,Other Revenue,In-Month Active Accounts,0.7940128296507484
Merchant 3,Exceptional (800-850),2,Other Revenue,In-Month Active Accounts,0.7842713622123798
Merchant 3,Exceptional (800-850),3,Other Revenue,In-Month Active Accounts,0.804140127388535
Merchant 3,Exceptional (800-850),4,Other Revenue,In-Month Active Accounts,0.7678629162625283
Merchant 3,Exceptional (800-850),5,Other Revenue,In-Month Active Accounts,0.8015728977616455
Merchant 3,Exceptional (800-850),6,Other Revenue,In-Month Active Accounts,0.8105037242772377
Merchant 3,Exceptional (800-850),7,Other Revenue,In-Month Active Accounts,0.7648510153729361
Merchant 3,Exceptional (800-850),8,Other Revenue,In-Month Active Accounts,0.8341056533827618
Merchant 3,Exceptional (800-850),9,Other Revenue,In-Month Active Accounts,0.8322056833558863
Merchant 3,Fair (580-669),0,Other Revenue,In-Month Active Accounts,0.8008501916726762
Merchant 3,Fair (580-669),1,Other Revenue,In-Month Active Accounts,0.7799293412638075
Merchant 3,Fair (580-669),2,Other Revenue,In-Month Active Accounts,0.8328561761490813
Merchant 3,Fair (580-669),3,Other Revenue,In-Month Active Accounts,0.7998712998712999
Merchant 3,Fair (580-669),4,Other Revenue,In-Month Active Accounts,0.7671408023014225
Merchant 3,Fair (580-669),5,Other Revenue,In-Month Active Accounts,0.8059428106237916
Merchant 3,Fair (580-669),6,Other Revenue,In-Month Active Accounts,0.7966510211848281
Merchant 3,Fair (580-669),7,Other Revenue,In-Month Active Accounts,0.8623326959847036
Merchant 3,Fair (580-669),8,Other Revenue,In-Month Active Accounts,0.7692307692307693
Merchant 3,Fair (580-669),9,Other Revenue,In-Month Active Accounts,0.830945558739255
Merchant 3,Good (670-739),0,Other Revenue,In-Month Active Accounts,0.7674582520060724
Merchant 3,Good (670-739),1,Other Revenue,In-Month Active Accounts,0.8158716005349977
Merchant 3,Good (670-739),2,Other Revenue,In-Month Active Accounts,0.7908172502444146
Merchant 3,Good (670-739),3,Other Revenue,In-Month Active Accounts,0.767701414305725
Merchant 3,Good (670-739),4,Other Revenue,In-Month Active Accounts,0.8097255074536553
Merchant 3,Good (670-739),5,Other Revenue,In-Month Active Accounts,0.7905438003997519
Merchant 3,Good (670-739),6,Other Revenue,In-Month Active Accounts,0.7719418894524198
Merchant 3,Good (670-739),7,Other Revenue,In-Month Active Accounts,0.8480796958972342
Merchant 3,Good (670-739),8,Other Revenue,In-Month Active Accounts,0.7851884898505465
Merchant 3,Good (670-739),9,Other Revenue,In-Month Active Accounts,0.7405614714424008
Merchant 3,Poor (300-579),0,Other Revenue,In-Month Active Accounts,0.8014856807741179
Merchant 3,Poor (300-579),1,Other Revenue,In-Month Active Accounts,0.8012968967114404
Merchant 3,Poor (300-579),2,Other Revenue,In-Month Active Accounts,0.8230064655172413
Merchant 3,Poor (300-579),3,Other Revenue,In-Month Active Accounts,0.8046363178229464
Merchant 3,Poor (300-579),4,Other Revenue,In-Month Active Accounts,0.8015186669479013
Merchant 3,Poor (300-579),5,Other Revenue,In-Month Active Accounts,0.7987220447284346
Merchant 3,Poor (300-579),6,Other Revenue,In-Month Active Accounts,0.8097027673385719
Merchant 3,Poor (300-579),7,Other Revenue,In-Month Active Accounts,0.8421052631578947
Merchant 3,Poor (300-579),8,Other Revenue,In-Month Active Accounts,0.7890070921985816
Merchant 3,Poor (300-579),9,Other Revenue,In-Month Active Accounts,0.7692307692307693
Merchant 3,Very Good (740-799),0,Other Revenue,In-Month Active Accounts,0.7953202893121633
Merchant 3,Very Good (740-799),1,Other Revenue,In-Month Active Accounts,0.7909680005344378
Merchant 3,Very Good (740-799),2,Other Revenue,In-Month Active Accounts,0.7862132849588946
Merchant 3,Very Good (740-799),3,Other Revenue,In-Month Active Accounts,0.8085308056872038
Merchant 3,Very Good (740-799),4,Other Revenue,In-Month Active Accounts,0.7760455617557384
Merchant 3,Very Good (740-799),5,Other Revenue,In-Month Active Accounts,0.7844272378609162
Merchant 3,Very Good (740-799),6,Other Revenue,In-Month Active Accounts,0.8187980117487573
Merchant 3,Very Good (740-799),7,Other Revenue,In-Month Active Accounts,0.8220293000542593
Merchant 3,Very Good (740-799),8,Other Revenue,In-Month Active Accounts,0.8076490438695163
Merchant 3,Very Good (740-799),9,Other Revenue,In-Month Active Accounts,0.745
Merchant 4,Exceptional (800-850),0,Other Revenue,In-Month Active Accounts,0.8017188097830885
Merchant 4,Exceptional (800-850),1,Other Revenue,In-Month Active Accounts,0.823729519577895
Merchant 4,Exceptional (800-850),2,Other Revenue,In-Month Active Accounts,0.8258264216834001
Merchant 4,Exceptional (800-850),3,Other Revenue,In-Month Active Accounts,0.7683073229291717
Merchant 4,Exceptional (800-850),4,Other Revenue,In-Month Active Accounts,0.7914287468533185
Merchant 4,Exceptional (800-850),5,Other Revenue,In-Month Active Accounts,0.7968886419557107
Merchant 4,Exceptional (800-850),6,Other Revenue,In-Month Active Accounts,0.7943829438294383
Merchant 4,Exceptional (800-850),7,Other Revenue,In-Month Active Accounts,0.7828329342420335
Merchant 4,Exceptional (800-850),8,Other Revenue,In-Month Active Accounts,0.8382137628111274
Merchant 4,Fair (580-669),0,Other Revenue,In-Month Active Accounts,0.8054042275005447
Merchant 4,Fair (580-669),1,Other Revenue,In-Month Active Accounts,0.7884366156206194
Merchant 4,Fair (580-669),2,Other Revenue,In-Month Active Accounts,0.8014521935444505
Merchant 4,Fair (580-669),3,Other Revenue,In-Month Active Accounts,0.7901467752724983
Merchant 4,Fair (580-669),4,Other Revenue,In-Month Active Accounts,0.8030179249363256
Merchant 4,Fair (580-669),5,Other Revenue,In-Month Active Accounts,0.8176823814999361
Merchant 4,Fair (580-669),6,Other Revenue,In-Month Active Accounts,0.7779713029775235
Merchant 4,Fair (580-669),7,Other Revenue,In-Month Active Accounts,0.7704942511572346
Merchant 4,Fair (580-669),8,Other Revenue,In-Month Active Accounts,0.7613293051359517
Merchant 4,Good (670-739),0,Other Revenue,In-Month Active Accounts,0.8038513567279383
Merchant 4,Good (670-739),1,Other Revenue,In-Month Active Accounts,0.8121750061903583
Merchant 4,Good (670-739),2,Other Revenue,In-Month Active Accounts,0.8346972176759411
Merchant 4,Good (670-739),3,Other Revenue,In-Month Active Accounts,0.7799357272600251
Merchant 4,Good (670-739),4,Other Revenue,In-Month Active Accounts,0.8132743661591438
Merchant 4,Good (670-739),5,Other Revenue,In-Month Active Accounts,0.8444207912009934
Merchant 4,Good (670-739),6,Other Revenue,In-Month Active Accounts,0.8096574301414708
Merchant 4,Good (670-739),7,Other Revenue,In-Month Active Accounts,0.8316995150139305
Merchant 4,Good (670-739),8,Other Revenue,In-Month Active Accounts,0.8263422818791947
Merchant 4,Poor (300-579),0,Other Revenue,In-Month Active Accounts,0.8188217858466098
Merchant 4,Poor (300-579),1,Other Revenue,In-Month Active Accounts,0.8054733727810651
Merchant 4,Poor (300-579),2,Other Revenue,In-Month Active Accounts,0.7780458383594693
Merchant 4,Poor (300-579),3,Other Revenue,In-Month Active Accounts,0.7999096147327985
Merchant 4,Poor (300-579),4,Other Revenue,In-Month Active Accounts,0.7862373911841923
Merchant 4,Poor (300-579),5,Other Revenue,In-Month Active Accounts,0.7721866422689845
Merchant 4,Poor (300-579),6,Other Revenue,In-Month Active Accounts,0.8164251207729468
Merchant 4,Poor (300-579),7,Other Revenue,In-Month Active Accounts,0.8434275459847466
Merchant 4,Poor (300-579),8,Other Revenue,In-Month Active Accounts,0.8199643493761141
Merchant 4,Very Good (740-799),0,Other Revenue,In-Month Active Accounts,0.8198799595903572
Merchant 4,Very Good (740-799),1,Other Revenue,In-Month Active Accounts,0.800018594272964
Merchant 4,Very Good (740-799),2,Other Revenue,In-Month Active Accounts,0.7639619232532427
Merchant 4,Very Good (740-799),3,Other Revenue,In-Month Active Accounts,0.7817388016088556
Merchant 4,Very Good (740-799),4,Other Revenue,In-Month Active Accounts,0.8110938874691022
Merchant 4,Very Good (740-799),5,Other Revenue,In-Month Active Accounts,0.794644315027486
Merchant 4,Very Good (740-799),6,Other Revenue,In-Month Active Accounts,0.8300028546959749
Merchant 4,Very Good (740-799),7,Other Revenue,In-Month Active Accounts,0.8368776582436828
Merchant 4,Very Good (740-799),8,Other Revenue,In-Month Active Accounts,0.8709839357429718
Merchant 5,Exceptional (800-850),0,Other Revenue,In-Month Active Accounts,0.7773373295948951
Merchant 5,Exceptional (800-850),1,Other Revenue,In-Month Active Accounts,0.7930076406575596
Merchant 5,Exceptional (800-850),2,Other Revenue,In-Month Active Accounts,0.7861936720997124
Merchant 5,Exceptional (800-850),3,Other Revenue,In-Month Active Accounts,0.7677543186180422
Merchant 5,Exceptional (800-850),4,Other Revenue,In-Month Active Accounts,0.7882882882882883
Merchant 5,Exceptional (800-850),5,Other Revenue,In-Month Active Accounts,0.8187134502923976
Merchant 5,Exceptional (800-850),6,Other Revenue,In-Month Active Accounts,0.7320441988950276
Merchant 5,Exceptional (800-850),7,Other Revenue,In-Month Active Accounts,0.8099352051835853
Merchant 5,Fair (580-669),0,Other Revenue,In-Month Active Accounts,0.8182788635243883
Merchant 5,Fair (580-669),1,Other Revenue,In-Month Active Accounts,0.7989433811802232
Merchant 5,Fair (580-669),2,Other Revenue,In-Month Active Accounts,0.804185351270553
Merchant 5,Fair (580-669),3,Other Revenue,In-Month Active Accounts,0.7798308800501096
Merchant 5,Fair (580-669),4,Other Revenue,In-Month Active Accounts,0.7893940921463857
Merchant 5,Fair (580-669),5,Other Revenue,In-Month Active Accounts,0.828527219018146
Merchant 5,Fair (580-669),6,Other Revenue,In-Month Active Accounts,0.7584873227331328
Merchant 5,Fair (580-669),7,Other Revenue,In-Month Active Accounts,0.8271421495789995
Merchant 5,Good (670-739),0,Other Revenue,In-Month Active Accounts,0.7868241636277152
Merchant 5,Good (670-739),1,Other Revenue,In-Month Active Accounts,0.8090050835148874
Merchant 5,Good (670-739),2,Other Revenue,In-Month Active Accounts,0.7825633296620486
Merchant 5,Good (670-739),3,Other Revenue,In-Month Active Accounts,0.8393177737881508
Merchant 5,Good (670-739),4,Other Revenue,In-Month Active Accounts,0.814129202871175
Merchant 5,Good (670-739),5,Other Revenue,In-Month Active Accounts,0.8204787234042553
Merchant 5,Good (670-739),6,Other Revenue,In-Month Active Accounts,0.7910830538567765
Merchant 5,Good (670-739),7,Other Revenue,In-Month Active Accounts,0.8477666362807658
Merchant 5,Poor (300-579),0,Other Revenue,In-Month Active Accounts,0.8103928240024745
Merchant 5,Poor (300-579),1,Other Revenue,In-Month Active Accounts,0.8090897740042452
Merchant 5,Poor (300-579),2,Other Revenue,In-Month Active Accounts,0.7969348659003831
Merchant 5,Poor (300-579),3,Other Revenue,In-Month Active Accounts,0.8109193095142513
Merchant 5,Poor (300-579),4,Other Revenue,In-Month Active Accounts,0.7872395163365064
Merchant 5,Poor (300-579),5,Other Revenue,In-Month Active Accounts,0.7751371115173674
Merchant 5,Poor (300-579),6,Other Revenue,In-Month Active Accounts,0.7710011507479861
Merchant 5,Poor (300-579),7,Other Revenue,In-Month Active Accounts,0.847682119205298
Merchant 5,Very Good (740-799),0,Other Revenue,In-Month Active Accounts,0.8036015756893641
Merchant 5,Very Good (740-799),1,Other Revenue,In-Month Active Accounts,0.8134974303489315
Merchant 5,Very Good (740-799),2,Other Revenue,In-Month Active Accounts,0.7987039287160794
Merchant 5,Very Good (740-799),3,Other Revenue,In-Month Active Accounts,0.7725277022789044
Merchant 5,Very Good (740-799),4,Other Revenue,In-Month Active Accounts,0.8065156932856575
Merchant 5,Very Good (740-799),5,Other Revenue,In-Month Active Accounts,0.8127667470773798
Merchant 5,Very Good (740-799),6,Other Revenue,In-Month Active Accounts,0.8208744710860366
Merchant 5,Very Good (740-799),7,Other Revenue,In-Month Active Accounts,0.7283090563647878
Merchant 6,Exceptional (800-850),0,Other Revenue,In-Month Active Accounts,0.7891928806180375
Merchant 6,Exceptional (800-850),1,Other Revenue,In-Month Active Accounts,0.8017817371937639
Merchant 6,Exceptional (800-850),2,Other Revenue,In-Month Active Accounts,0.8296508371195619
Merchant 6,Exceptional (800-850),3,Other Revenue,In-Month Active Accounts,0.7981418918918919
Merchant 6,Exceptional (800-850),4,Other Revenue,In-Month Active Accounts,0.7617391304347826
Merchant 6,Exceptional (800-850),5,Other Revenue,In-Month Active Accounts,0.8259423503325942
Merchant 6,Exceptional (800-850),6,Other Revenue,In-Month Active Accounts,0.7378820623649275
Merchant 6,Fair (580-669),0,Other Revenue,In-Month Active Accounts,0.8119580377175429
Merchant 6,Fair (580-669),1,Other Revenue,In-Month Active Accounts,0.7679440389294404
Merchant 6,Fair (580-669),2,Other Revenue,In-Month Active Accounts,0.7659184608337151
Merchant 6,Fair (580-669),3,Other Revenue,In-Month Active Accounts,0.8068799797647654
Merchant 6,Fair (580-669),4,Other Revenue,In-Month Active Accounts,0.8157985512245602
Merchant 6,Fair (580-669),5,Other Revenue,In-Month Active Accounts,0.7986111111111112
Merchant 6,Fair (580-669),6,Other Revenue,In-Month Active Accounts,0.7764127764127764
Merchant 6,Good (670-739),0,Other Revenue,In-Month Active Accounts,0.8152153073354039
Merchant 6,Good (670-739),1,Other Revenue,In-Month Active Accounts,0.7714025936737331
Merchant 6,Good (670-739),2,Other Revenue,In-Month Active Accounts,0.7936688035400238
Merchant 6,Good (670-739),3,Other Revenue,In-Month Active Accounts,0.8054003724394786
Merchant 6,Good (670-739),4,Other Revenue,In-Month Active Accounts,0.8026479106330161
Merchant 6,Good (670-739),5,Other Revenue,In-Month Active Accounts,0.7258347978910369
Merchant 6,Good (670-739),6,Other Revenue,In-Month Active Accounts,0.8514285714285714
Merchant 6,Poor (300-579),0,Other Revenue,In-Month Active Accounts,0.8183382882178063
Merchant 6,Poor (300-579),1,Other Revenue,In-Month Active Accounts,0.7899571341090018
Merchant 6,Poor (300-579),2,Other Revenue,In-Month Active Accounts,0.8075140278116614
Merchant 6,Poor (300-579),3,Other Revenue,In-Month Active Accounts,0.7881441562815763
Merchant 6,Poor (300-579),4,Other Revenue,In-Month Active Accounts,0.8064516129032258
Merchant 6,Poor (300-579),5,Other Revenue,In-Month Active Accounts,0.818109610802224
Merchant 6,Poor (300-579),6,Other Revenue,In-Month Active Accounts,0.8015768725361366
Merchant 6,Very Good (740-799),0,Other Revenue,In-Month Active Accounts,0.8071967725143154
Merchant 6,Very Good (740-799),1,Other Revenue,In-Month Active Accounts,0.7987951807228916
Merchant 6,Very Good (740-799),2,Other Revenue,In-Month Active Accounts,0.7948314499594717
Merchant 6,Very Good (740-799),3,Other Revenue,In-Month Active Accounts,0.7639160474514405
Merchant 6,Very Good (740-799),4,Other Revenue,In-Month Active Accounts,0.7534004592828122
Merchant 6,Very Good (740-799),5,Other Revenue,In-Month Active Accounts,0.787661406025825
Merchant 6,Very Good (740-799),6,Other Revenue,In-Month Active Accounts,0.8043788672060923
Merchant 7,Exceptional (800-850),0,Other Revenue,In-Month Active Accounts,0.8416870415647921
Merchant 7,Exceptional (800-850),1,Other Revenue,In-Month Active Accounts,0.7770180939069996
Merchant 7,Exceptional (800-850),2,Other Revenue,In-Month Active Accounts,0.8254473906118243
Merchant 7,Exceptional (800-850),3,Other Revenue,In-Month Active Accounts,0.8074490013504869
Merchant 7,Exceptional (800-850),4,Other Revenue,In-Month Active Accounts,0.7858225486766934
Merchant 7,Exceptional (800-850),5,Other Revenue,In-Month Active Accounts,0.8214563358383
Merchant 7,Fair (580-669),0,Other Revenue,In-Month Active Accounts,0.7857208574845892
Merchant 7,Fair (580-669),1,Other Revenue,In-Month Active Accounts,0.7924703695096444
Merchant 7,Fair (580-669),2,Other Revenue,In-Month Active Accounts,0.8432525455327693
Merchant 7,Fair (580-669),3,Other Revenue,In-Month Active Accounts,0.7668778675988639
Merchant 7,Fair (580-669),4,Other Revenue,In-Month Active Accounts,0.7686622320768662
Merchant 7,Fair (580-669),5,Other Revenue,In-Month Active Accounts,0.8234295415959253
Merchant 7,Good (670-739),0,Other Revenue,In-Month Active Accounts,0.7880580957504034
Merchant 7,Good (670-739),1,Other Revenue,In-Month Active Accounts,0.803049696699872
Merchant 7,Good (670-739),2,Other Revenue,In-Month Active Accounts,0.7957371225577264
Merchant 7,Good (670-739),3,Other Revenue,In-Month Active Accounts,0.7699752661576513
Merchant 7,Good (670-739),4,Other Revenue,In-Month Active Accounts,0.7953529937444147
Merchant 7,Good (670-739),5,Other Revenue,In-Month Active Accounts,0.8675263774912075
Merchant 7,Poor (300-579),0,Other Revenue,In-Month Active Accounts,0.8010171646535282
Merchant 7,Poor (300-579),1,Other Revenue,In-Month Active Accounts,0.8019441069258809
Merchant 7,Poor (300-579),2,Other Revenue,In-Month Active Accounts,0.7951070336391437
Merchant 7,Poor (300-579),3,Other Revenue,In-Month Active Accounts,0.7722616233254531
Merchant 7,Poor (300-579),4,Other Revenue,In-Month Active Accounts,0.7629427792915532
Merchant 7,Poor (300-579),5,Other Revenue,In-Month Active Accounts,0.7339449541284404
Merchant 7,Very Good (740-799),0,Other Revenue,In-Month Active Accounts,0.7852224931015083
Merchant 7,Very Good (740-799),1,Other Revenue,In-Month Active Accounts,0.8271244297108347
Merchant 7,Very Good (740-799),2,Other Revenue,In-Month Active Accounts,0.8208336786276622
Merchant 7,Very Good (740-799),3,Other Revenue,In-Month Active Accounts,0.7847132184972526
Merchant 7,Very Good (740-799),4,Other Revenue,In-Month Active Accounts,0.7725457220937566
Merchant 7,Very Good (740-799),5,Other Revenue,In-Month Active Accounts,0.8749717386389328
Merchant 8,Exceptional (800-850),0,Other Revenue,In-Month Active Accounts,0.8021510194936141
Merchant 8,Exceptional (800-850),1,Other Revenue,In-Month Active Accounts,0.8185260704922808
Merchant 8,Exceptional (800-850),2,Other Revenue,In-Month Active Accounts,0.7894736842105263
Merchant 8,Exceptional (800-850),3,Other Revenue,In-Month Active Accounts,0.7862903225806451
Merchant 8,Exceptional (800-850),4,Other Revenue,In-Month Active Accounts,0.7776261937244202
Merchant 8,Fair (580-669),0,Other Revenue,In-Month Active Accounts,0.8294062205466541
Merchant 8,Fair (580-669),1,Other Revenue,In-Month Active Accounts,0.8013876843018214
Merchant 8,Fair (580-669),2,Other Revenue,In-Month Active Accounts,0.7912341407151096
Merchant 8,Fair (580-669),3,Other Revenue,In-Month Active Accounts,0.7644370585791441
Merchant 8,Fair (580-669),4,Other Revenue,In-Month Active Accounts,0.831191088260497
Merchant 8,Good (670-739),0,Other Revenue,In-Month Active Accounts,0.8022231543624161
Merchant 8,Good (670-739),1,Other Revenue,In-Month Active Accounts,0.826265389876881
Merchant 8,Good (670-739),2,Other Revenue,In-Month Active Accounts,0.8308022154725746
Merchant 8,Good (670-739),3,Other Revenue,In-Month Active Accounts,0.8106355382619974
Merchant 8,Good (670-739),4,Other Revenue,In-Month Active Accounts,0.8397435897435898
Merchant 8,Poor (300-579),0,Other Revenue,In-Month Active Accounts,0.8025099075297226
Merchant 8,Poor (300-579),1,Other Revenue,In-Month Active Accounts,0.7957085382208314
Merchant 8,Poor (300-579),2,Other Revenue,In-Month Active Accounts,0.8396946564885496
Merchant 8,Poor (300-579),3,Other Revenue,In-Month Active Accounts,0.8039647577092511
Merchant 8,Poor (300-579),4,Other Revenue,In-Month Active Accounts,0.7482993197278912
Merchant 8,Very Good (740-799),0,Other Revenue,In-Month Active Accounts,0.8152569515213277
Merchant 8,Very Good (740-799),1,Other Revenue,In-Month Active Accounts,0.7789821789454345
Merchant 8,Very Good (740-799),2,Other Revenue,In-Month Active Accounts,0.8063737324963786
Merchant 8,Very Good (740-799),3,Other Revenue,In-Month Active Accounts,0.8649789029535865
Merchant 8,Very Good (740-799),4,Other Revenue,In-Month Active Accounts,0.7440212577502214
Merchant 9,ALL,0,Other Revenue,In-Month Active Accounts,0.8006496918740744
Merchant 9,ALL,1,Other Revenue,In-Month Active Accounts,0.7939200651421592
Merchant 9,ALL,2,Other Revenue,In-Month Active Accounts,0.8346055979643766
Merchant 9,ALL,3,Other Revenue,In-Month Active Accounts,0.804624823029731
Merchant 1,Exceptional (800-850),0,Cost of Funds,Outstanding Balance,-0.011775630171379493
Merchant 1,Exceptional (800-850),1,Cost of Funds,Outstanding Balance,-0.012580573655785368
Merchant 1,Exceptional (800-850),2,Cost of Funds,Outstanding Balance,-0.012803522948979743
Merchant 1,Exceptional (800-850),3,Cost of Funds,Outstanding Balance,-0.01301583517815284
Merchant 1,Exceptional (800-850),4,Cost of Funds,Outstanding Balance,-0.01299596254975992
Merchant 1,Exceptional (800-850),5,Cost of Funds,Outstanding Balance,-0.013174125549983397
Merchant 1,Exceptional (800-850),6,Cost of Funds,Outstanding Balance,-0.013153327672451327
Merchant 1,Exceptional (800-850),7,Cost of Funds,Outstanding Balance,-0.013113955796897446
Merchant 1,Exceptional (800-850),8,Cost of Funds,Outstanding Balance,-0.013211710199709662
Merchant 1,Exceptional (800-850),9,Cost of Funds,Outstanding Balance,-0.013162441832214234
Merchant 1,Exceptional (800-850),10,Cost of Funds,Outstanding Balance,-0.013123315723925414
Merchant 1,Exceptional (800-850),11,Cost of Funds,Outstanding Balance,-0.013261813123468646
Merchant 1,Exceptional (800-850),12,Cost of Funds,Outstanding Balance,-0.013829022224302486
Merchant 1,Exceptional (800-850),13,Cost of Funds,Outstanding Balance,-0.013228766554179634
Merchant 1,Fair (580-669),0,Cost of Funds,Outstanding Balance,-0.01143625652089091
Merchant 1,Fair (580-669),1,Cost of Funds,Outstanding Balance,-0.012120878003455139
Merchant 1,Fair (580-669),2,Cost of Funds,Outstanding Balance,-0.012462720155925758
Merchant 1,Fair (580-669),3,Cost of Funds,Outstanding Balance,-0.012707765339274273
Merchant 1,Fair (580-669),4,Cost of Funds,Outstanding Balance,-0.012828738288744318
Merchant 1,Fair (580-669),5,Cost of Funds,Outstanding Balance,-0.012967457639258547
Merchant 1,Fair (580-669),6,Cost of Funds,Outstanding Balance,-0.01300962445041084
Merchant 1,Fair (580-669),7,Cost of Funds,Outstanding Balance,-0.013071003442427086
Merchant 1,Fair (580-669),8,Cost of Funds,Outstanding Balance,-0.013140748301665055
Merchant 1,Fair (580-669),9,Cost of Funds,Outstanding Balance,-0.013162434134603608
Merchant 1,Fair (580-669),10,Cost of Funds,Outstanding Balance,-0.013152165170337458
Merchant 1,Fair (580-669),11,Cost of Funds,Outstanding Balance,-0.013218446523502512
Merchant 1,Fair (580-669),12,Cost of Funds,Outstanding Balance,-0.013473000266385822
Merchant 1,Fair (580-669),13,Cost of Funds,Outstanding Balance,-0.013264436783859971
Merchant 1,Good (670-739),0,Cost of Funds,Outstanding Balance,-0.011347045220704339
Merchant 1,Good (670-739),1,Cost of Funds,Outstanding Balance,-0.012211792604754286
Merchant 1,Good (670-739),2,Cost of Funds,Outstanding Balance,-0.01253717835626552
Merchant 1,Good (670-739),3,Cost of Funds,Outstanding Balance,-0.012723833815425087
Merchant 1,Good (670-739),4,Cost of Funds,Outstanding Balance,-0.012877270607929944
Merchant 1,Good (670-739),5,Cost of Funds,Outstanding Balance,-0.013018998936151946
Merchant 1,Good (670-739),6,Cost of Funds,Outstanding Balance,-0.013057944120709205
Merchant 1,Good (670-739),7,Cost of Funds,Outstanding Balance,-0.013108001550067767
Merchant 1,Good (670-739),8,Cost of Funds,Outstanding Balance,-0.013189552212971457
Merchant 1,Good (670-739),9,Cost of Funds,Outstanding Balance,-0.013210465462873484
Merchant 1,Good (670-739),10,Cost of Funds,Outstanding Balance,-0.013108299163467963
Merchant 1,Good (670-739),11,Cost of Funds,Outstanding Balance,-0.013237946525186093
Merchant 1,Good (670-739),12,Cost of Funds,Outstanding Balance,-0.01353489217444902
Merchant 1,Good (670-739),13,Cost of Funds,Outstanding Balance,-0.013291185610209803
Merchant 1,Poor (300-579),0,Cost of Funds,Outstanding Balance,-0.011578095406169425
Merchant 1,Poor (300-579),1,Cost of Funds,Outstanding Balance,-0.012163959605876228
Merchant 1,Poor (300-579),2,Cost of Funds,Outstanding Balance,-0.012460453497175894
Merchant 1,Poor (300-579),3,Cost of Funds,Outstanding Balance,-0.012668856728794739
Merchant 1,Poor (300-579),4,Cost of Funds,Outstanding Balance,-0.012797278651821897
Merchant 1,Poor (300-579),5,Cost of Funds,Outstanding Balance,-0.012922934624050187
Merchant 1,Poor (300-579),6,Cost of Funds,Outstanding Balance,-0.013006830846445846
Merchant 1,Poor (300-579),7,Cost of Funds,Outstanding Balance,-0.013074507948496602
Merchant 1,Poor (300-579),8,Cost of Funds,Outstanding Balance,-0.013130074270045955
Merchant 1,Poor (300-579),9,Cost of Funds,Outstanding Balance,-0.013160760740465743
Merchant 1,Poor (300-579),10,Cost of Funds,Outstanding Balance,-0.013157785320957491
Merchant 1,Poor (300-579),11,Cost of Funds,Outstanding Balance,-0.013221763649845841
Merchant 1,Poor (300-579),12,Cost of Funds,Outstanding Balance,-0.01342527529741516
Merchant 1,Poor (300-579),13,Cost of Funds,Outstanding Balance,-0.013279476213105233
Merchant 1,Very Good (740-799),0,Cost of Funds,Outstanding Balance,-0.01157888722201418
Merchant 1,Very Good (740-799),1,Cost of Funds,Outstanding Balance,-0.012428452126744375
Merchant 1,Very Good (740-799),2,Cost of Funds,Outstanding Balance,-0.012679140342633649
Merchant 1,Very Good (740-799),3,Cost of Funds,Outstanding Balance,-0.012979763485146031
Merchant 1,Very Good (740-799),4,Cost of Funds,Outstanding Balance,-0.012946554151135731
Merchant 1,Very Good (740-799),5,Cost of Funds,Outstanding Balance,-0.013121834100251485
Merchant 1,Very Good (740-799),6,Cost of Funds,Outstanding Balance,-0.01309711660053702
Merchant 1,Very Good (740-799),7,Cost of Funds,Outstanding Balance,-0.013109148647993221
Merchant 1,Very Good (740-799),8,Cost of Funds,Outstanding Balance,-0.013207747615121073
Merchant 1,Very Good (740-799),9,Cost of Funds,Outstanding Balance,-0.013212698349034864
Merchant 1,Very Good (740-799),10,Cost of Funds,Outstanding Balance,-0.01321201468322929
Merchant 1,Very Good (740-799),11,Cost of Funds,Outstanding Balance,-0.013232311251067636
Merchant 1,Very Good (740-799),12,Cost of Funds,Outstanding Balance,-0.013643151281701734
Merchant 1,Very Good (740-799),13,Cost of Funds,Outstanding Balance,-0.01325420097209473
Merchant 10,ALL,0,Cost of Funds,Outstanding Balance,-0.01268868577759313
Merchant 10,ALL,1,Cost of Funds,Outstanding Balance,-0.01237235713405321
Merchant 2,Exceptional (800-850),0,Cost of Funds,Outstanding Balance,-0.010628833394199138
Merchant 2,Exceptional (800-850),1,Cost of Funds,Outstanding Balance,-0.011759607895284047
Merchant 2,Exceptional (800-850),2,Cost of Funds,Outstanding Balance,-0.012182804194315994
Merchant 2,Exceptional (800-850),3,Cost of Funds,Outstanding Balance,-0.012302301711603555
Merchant 2,Exceptional (800-850),4,Cost of Funds,Outstanding Balance,-0.012208490892855427
Merchant 2,Exceptional (800-850),5,Cost of Funds,Outstanding Balance,-0.012625877657137506
Merchant 2,Exceptional (800-850),6,Cost of Funds,Outstanding Balance,-0.012678741916487902
Merchant 2,Exceptional (800-850),7,Cost of Funds,Outstanding Balance,-0.012514435772227071
Merchant 2,Exceptional (800-850),8,Cost of Funds,Outstanding Balance,-0.012398175269492455
Merchant 2,Exceptional (800-850),9,Cost of Funds,Outstanding Balance,-0.01268744451642314
Merchant 2,Exceptional (800-850),10,Cost of Funds,Outstanding Balance,-0.01297171027251507
Merchant 2,Exceptional (800-850),11,Cost of Funds,Outstanding Balance,-0.012428931714359489
Merchant 2,Fair (580-669),0,Cost of Funds,Outstanding Balance,-0.010701921320992283
Merchant 2,Fair (580-669),1,Cost of Funds,Outstanding Balance,-0.011479331802661946
Merchant 2,Fair (580-669),2,Cost of Funds,Outstanding Balance,-0.011882047544567915
Merchant 2,Fair (580-669),3,Cost of Funds,Outstanding Balance,-0.012078615162223989
Merchant 2,Fair (580-669),4,Cost of Funds,Outstanding Balance,-0.012099972573446752
Merchant 2,Fair (580-669),5,Cost of Funds,Outstanding Balance,-0.012335466888559831
Merchant 2,Fair (580-669),6,Cost of Funds,Outstanding Balance,-0.012450852687696898
Merchant 2,Fair (580-669),7,Cost of Funds,Outstanding Balance,-0.012439290729751059
Merchant 2,Fair (580-669),8,Cost of Funds,Outstanding Balance,-0.01242182486855085
Merchant 2,Fair (580-669),9,Cost of Funds,Outstanding Balance,-0.01253398374688226
Merchant 2,Fair (580-669),10,Cost of Funds,Outstanding Balance,-0.01278243891396313
Merchant 2,Fair (580-669),11,Cost of Funds,Outstanding Balance,-0.012504303959642872
Merchant 2,Good (670-739),0,Cost of Funds,Outstanding Balance,-0.01052258644914132
Merchant 2,Good (670-739),1,Cost of Funds,Outstanding Balance,-0.011502485148452228
Merchant 2,Good (670-739),2,Cost of Funds,Outstanding Balance,-0.011889091287433864
Merchant 2,Good (670-739),3,Cost of Funds,Outstanding Balance,-0.012092830050112113
Merchant 2,Good (670-739),4,Cost of Funds,Outstanding Balance,-0.012142355262229341
Merchant 2,Good (670-739),5,Cost of Funds,Outstanding Balance,-0.012418738767891917
Merchant 2,Good (670-739),6,Cost of Funds,Outstanding Balance,-0.012531865289180594
Merchant 2,Good (670-739),7,Cost of Funds,Outstanding Balance,-0.012526520447526635
Merchant 2,Good (670-739),8,Cost of Funds,Outstanding Balance,-0.0123715410462878
Merchant 2,Good (670-739),9,Cost of Funds,Outstanding Balance,-0.012612663842370135
Merchant 2,Good (670-739),10,Cost of Funds,Outstanding Balance,-0.012882315318943738
Merchant 2,Good (670-739),11,Cost of Funds,Outstanding Balance,-0.012462495896441588
Merchant 2,Poor (300-579),0,Cost of Funds,Outstanding Balance,-0.010889201985169808
Merchant 2,Poor (300-579),1,Cost of Funds,Outstanding Balance,-0.01155640489908786
Merchant 2,Poor (300-579),2,Cost of Funds,Outstanding Balance,-0.01191619173231698
Merchant 2,Poor (300-579),3,Cost of Funds,Outstanding Balance,-0.012056649737809158
Merchant 2,Poor (300-579),4,Cost of Funds,Outstanding Balance,-0.012136400960948495
Merchant 2,Poor (300-579),5,Cost of Funds,Outstanding Balance,-0.012335106683752962
Merchant 2,Poor (300-579),6,Cost of Funds,Outstanding Balance,-0.012459382000541445
Merchant 2,Poor (300-579),7,Cost of Funds,Outstanding Balance,-0.012432891992166488
Merchant 2,Poor (300-579),8,Cost of Funds,Outstanding Balance,-0.012446167909006097
Merchant 2,Poor (300-579),9,Cost of Funds,Outstanding Balance,-0.012551869852670584
Merchant 2,Poor (300-579),10,Cost of Funds,Outstanding Balance,-0.01271363724294924
Merchant 2,Poor (300-579),11,Cost of Funds,Outstanding Balance,-0.012577760802800174
Merchant 2,Very Good (740-799),0,Cost of Funds,Outstanding Balance,-0.010470513795658583
Merchant 2,Very Good (740-799),1,Cost of Funds,Outstanding Balance,-0.01162025123253348
Merchant 2,Very Good (740-799),2,Cost of Funds,Outstanding Balance,-0.01212176362387319
Merchant 2,Very Good (740-799),3,Cost of Funds,Outstanding Balance,-0.012204644688961541
Merchant 2,Very Good (740-799),4,Cost of Funds,Outstanding Balance,-0.012170862098463023
Merchant 2,Very Good (740-799),5,Cost of Funds,Outstanding Balance,-0.012451736693350717
Merchant 2,Very Good (740-799),6,Cost of Funds,Outstanding Balance,-0.012642162731814966
Merchant 2,Very Good (740-799),7,Cost of Funds,Outstanding Balance,-0.012452375931752996
Merchant 2,Very Good (740-799),8,Cost of Funds,Outstanding Balance,-0.012436114124548066
Merchant 2,Very Good (740-799),9,Cost of Funds,Outstanding Balance,-0.012679414069925931
Merchant 2,Very Good (740-799),10,Cost of Funds,Outstanding Balance,-0.012942177769556678
Merchant 2,Very Good (740-799),11,Cost of Funds,Outstanding Balance,-0.012524456085786293
Merchant 3,Exceptional (800-850),0,Cost of Funds,Outstanding Balance,-0.01278612196190028
Merchant 3,Exceptional (800-850),1,Cost of Funds,Outstanding Balance,-0.013347082817532128
Merchant 3,Exceptional (800-850),2,Cost of Funds,Outstanding Balance,-0.013476372954473091
Merchant 3,Exceptional (800-850),3,Cost of Funds,Outstanding Balance,-0.013699164494169995
Merchant 3,Exceptional (800-850),4,Cost of Funds,Outstanding Balance,-0.013874297561343285
Merchant 3,Exceptional (800-850),5,Cost of Funds,Outstanding Balance,-0.013810812091118684
Merchant 3,Exceptional (800-850),6,Cost of Funds,Outstanding Balance,-0.013727170208623223
Merchant 3,Exceptional (800-850),7,Cost of Funds,Outstanding Balance,-0.01401004373886279
Merchant 3,Exceptional (800-850),8,Cost of Funds,Outstanding Balance,-0.014574263203333127
Merchant 3,Exceptional (800-850),9,Cost of Funds,Outstanding Balance,-0.013738804575448417
Merchant 3,Fair (580-669),0,Cost of Funds,Outstanding Balance,-0.012251695802814804
Merchant 3,Fair (580-669),1,Cost of Funds,Outstanding Balance,-0.012866959735671708
Merchant 3,Fair (580-669),2,Cost of Funds,Outstanding Balance,-0.013125431956632929
Merchant 3,Fair (580-669),3,Cost of Funds,Outstanding Balance,-0.013334794269171966
Merchant 3,Fair (580-669),4,Cost of Funds,Outstanding Balance,-0.013509021461817589
Merchant 3,Fair (580-669),5,Cost of Funds,Outstanding Balance,-0.013664340358039609
Merchant 3,Fair (580-669),6,Cost of Funds,Outstanding Balance,-0.013651815544807806
Merchant 3,Fair (580-669),7,Cost of Funds,Outstanding Balance,-0.013714618926023636
Merchant 3,Fair (580-669),8,Cost of Funds,Outstanding Balance,-0.014022053943160563
Merchant 3,Fair (580-669),9,Cost of Funds,Outstanding Balance,-0.013879149678197705
Merchant 3,Good (670-739),0,Cost of Funds,Outstanding Balance,-0.012200146109534247
Merchant 3,Good (670-739),1,Cost of Funds,Outstanding Balance,-0.01295085044062067
Merchant 3,Good (670-739),2,Cost of Funds,Outstanding Balance,-0.013180179435916924
Merchant 3,Good (670-739),3,Cost of Funds,Outstanding Balance,-0.013423557077768598
Merchant 3,Good (670-739),4,Cost of Funds,Outstanding Balance,-0.013536955104361549
Merchant 3,Good (670-739),5,Cost of Funds,Outstanding Balance,-0.013685340358097042
Merchant 3,Good (670-739),6,Cost of Funds,Outstanding Balance,-0.013707122958681959
Merchant 3,Good (670-739),7,Cost of Funds,Outstanding Balance,-0.013773083747878829
Merchant 3,Good (670-739),8,Cost of Funds,Outstanding Balance,-0.014204653557318888
Merchant 3,Good (670-739),9,Cost of Funds,Outstanding Balance,-0.013851112877191077
Merchant 3,Poor (300-579),0,Cost of Funds,Outstanding Balance,-0.01235173166114349
Merchant 3,Poor (300-579),1,Cost of Funds,Outstanding Balance,-0.012883789059397079
Merchant 3,Poor (300-579),2,Cost of Funds,Outstanding Balance,-0.013126549045373121
Merchant 3,Poor (300-579),3,Cost of Funds,Outstanding Balance,-0.013341267479916692
Merchant 3,Poor (300-579),4,Cost of Funds,Outstanding Balance,-0.013469450192018163
Merchant 3,Poor (300-579),5,Cost of Funds,Outstanding Balance,-0.013584178938005842
Merchant 3,Poor (300-579),6,Cost of Funds,Outstanding Balance,-0.013621179954552498
Merchant 3,Poor (300-579),7,Cost of Funds,Outstanding Balance,-0.013727604960697179
Merchant 3,Poor (300-579),8,Cost of Funds,Outstanding Balance,-0.014003735479724454
Merchant 3,Poor (300-579),9,Cost of Funds,Outstanding Balance,-0.013761599953936067
Merchant 3,Very Good (740-799),0,Cost of Funds,Outstanding Balance,-0.01248752369260243
Merchant 3,Very Good (740-799),1,Cost of Funds,Outstanding Balance,-0.013114771514015118
Merchant 3,Very Good (740-799),2,Cost of Funds,Outstanding Balance,-0.013453524959605409
Merchant 3,Very Good (740-799),3,Cost of Funds,Outstanding Balance,-0.01360097474783185
Merchant 3,Very Good (740-799),4,Cost of Funds,Outstanding Balance,-0.01376655111368874
Merchant 3,Very Good (740-799),5,Cost of Funds,Outstanding Balance,-0.013786648510907926
Merchant 3,Very Good (740-799),6,Cost of Funds,Outstanding Balance,-0.01377700265398297
Merchant 3,Very Good (740-799),7,Cost of Funds,Outstanding Balance,-0.013803458550111461
Merchant 3,Very Good (740-799),8,Cost of Funds,Outstanding Balance,-0.014342686328646135
Merchant 3,Very Good (740-799),9,Cost of Funds,Outstanding Balance,-0.013876756234772416
Merchant 4,Exceptional (800-850),0,Cost of Funds,Outstanding Balance,-0.013618939512958783
Merchant 4,Exceptional (800-850),1,Cost of Funds,Outstanding Balance,-0.013778271351900883
Merchant 4,Exceptional (800-850),2,Cost of Funds,Outstanding Balance,-0.013596965231782375
Merchant 4,Exceptional (800-850),3,Cost of Funds,Outstanding Balance,-0.013723670215338983
Merchant 4,Exceptional (800-850),4,Cost of Funds,Outstanding Balance,-0.013398669386983197
Merchant 4,Exceptional (800-850),5,Cost of Funds,Outstanding Balance,-0.013685534569712414
Merchant 4,Exceptional (800-850),6,Cost of Funds,Outstanding Balance,-0.013639828080540766
Merchant 4,Exceptional (800-850),7,Cost of Funds,Outstanding Balance,-0.014199464178343368
Merchant 4,Exceptional (800-850),8,Cost of Funds,Outstanding Balance,-0.013355766428330803
Merchant 4,Fair (580-669),0,Cost of Funds,Outstanding Balance,-0.012408399750005192
Merchant 4,Fair (580-669),1,Cost of Funds,Outstanding Balance,-0.012884051728033209
Merchant 4,Fair (580-669),2,Cost of Funds,Outstanding Balance,-0.013080019266380818
Merchant 4,Fair (580-669),3,Cost of Funds,Outstanding Balance,-0.013310708273557289
Merchant 4,Fair (580-669),4,Cost of Funds,Outstanding Balance,-0.013265908460776915
Merchant 4,Fair (580-669),5,Cost of Funds,Outstanding Balance,-0.013471969233757073
Merchant 4,Fair (580-669),6,Cost of Funds,Outstanding Balance,-0.013447392900817855
Merchant 4,Fair (580-669),7,Cost of Funds,Outstanding Balance,-0.013781584097403892
Merchant 4,Fair (580-669),8,Cost of Funds,Outstanding Balance,-0.013502846727269315
Merchant 4,Good (670-739),0,Cost of Funds,Outstanding Balance,-0.01257973459608506
Merchant 4,Good (670-739),1,Cost of Funds,Outstanding Balance,-0.013063514991531642
Merchant 4,Good (670-739),2,Cost of Funds,Outstanding Balance,-0.013215480697895049
Merchant 4,Good (670-739),3,Cost of Funds,Outstanding Balance,-0.013424117132085087
Merchant 4,Good (670-739),4,Cost of Funds,Outstanding Balance,-0.013311867312761624
Merchant 4,Good (670-739),5,Cost of Funds,Outstanding Balance,-0.01350239261537706
Merchant 4,Good (670-739),6,Cost of Funds,Outstanding Balance,-0.013582385459863417
Merchant 4,Good (670-739),7,Cost of Funds,Outstanding Balance,-0.01381552199862311
Merchant 4,Good (670-739),8,Cost of Funds,Outstanding Balance,-0.013474376000722392
Merchant 4,Poor (300-579),0,Cost of Funds,Outstanding Balance,-0.01241111268005965
Merchant 4,Poor (300-579),1,Cost of Funds,Outstanding Balance,-0.012860233260531394
Merchant 4,Poor (300-579),2,Cost of Funds,Outstanding Balance,-0.01302657114230682
Merchant 4,Poor (300-579),3,Cost of Funds,Outstanding Balance,-0.013277478308313625
Merchant 4,Poor (300-579),4,Cost of Funds,Outstanding Balance,-0.013261949824494117
Merchant 4,Poor (300-579),5,Cost of Funds,Outstanding Balance,-0.013374252906663744
Merchant 4,Poor (300-579),6,Cost of Funds,Outstanding Balance,-0.013444984148129257
Merchant 4,Poor (300-579),7,Cost of Funds,Outstanding Balance,-0.013701335474766445
Merchant 4,Poor (300-579),8,Cost of Funds,Outstanding Balance,-0.013553397021935209
Merchant 4,Very Good (740-799),0,Cost of Funds,Outstanding Balance,-0.013082223442996088
Merchant 4,Very Good (740-799),1,Cost of Funds,Outstanding Balance,-0.013312732618273405
Merchant 4,Very Good (740-799),2,Cost of Funds,Outstanding Balance,-0.013449040462476006
Merchant 4,Very Good (740-799),3,Cost of Funds,Outstanding Balance,-0.013693800424693953
Merchant 4,Very Good (740-799),4,Cost of Funds,Outstanding Balance,-0.013365581165998048
Merchant 4,Very Good (740-799),5,Cost of Funds,Outstanding Balance,-0.013591698090575064
Merchant 4,Very Good (740-799),6,Cost of Funds,Outstanding Balance,-0.013674500518000602
Merchant 4,Very Good (740-799),7,Cost of Funds,Outstanding Balance,-0.013911069994466906
Merchant 4,Very Good (740-799),8,Cost of Funds,Outstanding Balance,-0.013506187997966327
Merchant 5,Exceptional (800-850),0,Cost of Funds,Outstanding Balance,-0.013352000886373023
Merchant 5,Exceptional (800-850),1,Cost of Funds,Outstanding Balance,-0.013905230687195291
Merchant 5,Exceptional (800-850),2,Cost of Funds,Outstanding Balance,-0.014135360506957151
Merchant 5,Exceptional (800-850),3,Cost of Funds,Outstanding Balance,-0.01394875330161644
Merchant 5,Exceptional (800-850),4,Cost of Funds,Outstanding Balance,-0.013789470750000721
Merchant 5,Exceptional (800-850),5,Cost of Funds,Outstanding Balance,-0.014254204970970396
Merchant 5,Exceptional (800-850),6,Cost of Funds,Outstanding Balance,-0.01485470061989431
Merchant 5,Exceptional (800-850),7,Cost of Funds,Outstanding Balance,-0.014192139737991267
Merchant 5,Fair (580-669),0,Cost of Funds,Outstanding Balance,-0.012504053802821363
Merchant 5,Fair (580-669),1,Cost of Funds,Outstanding Balance,-0.013188376243317151
Merchant 5,Fair (580-669),2,Cost of Funds,Outstanding Balance,-0.013580646981460174
Merchant 5,Fair (580-669),3,Cost of Funds,Outstanding Balance,-0.01363738486328081
Merchant 5,Fair (580-669),4,Cost of Funds,Outstanding Balance,-0.013652698316668209
Merchant 5,Fair (580-669),5,Cost of Funds,Outstanding Balance,-0.013882229301454892
Merchant 5,Fair (580-669),6,Cost of Funds,Outstanding Balance,-0.01426864711490965
Merchant 5,Fair (580-669),7,Cost of Funds,Outstanding Balance,-0.014179899714309996
Merchant 5,Good (670-739),0,Cost of Funds,Outstanding Balance,-0.012594614312328197
Merchant 5,Good (670-739),1,Cost of Funds,Outstanding Balance,-0.013308680321535836
Merchant 5,Good (670-739),2,Cost of Funds,Outstanding Balance,-0.013789143931195534
Merchant 5,Good (670-739),3,Cost of Funds,Outstanding Balance,-0.013767177164452716
Merchant 5,Good (670-739),4,Cost of Funds,Outstanding Balance,-0.013656526327761922
Merchant 5,Good (670-739),5,Cost of Funds,Outstanding Balance,-0.01388693621559342
Merchant 5,Good (670-739),6,Cost of Funds,Outstanding Balance,-0.014436573801832036
Merchant 5,Good (670-739),7,Cost of Funds,Outstanding Balance,-0.014082251346076713
Merchant 5,Poor (300-579),0,Cost of Funds,Outstanding Balance,-0.012627210749925897
Merchant 5,Poor (300-579),1,Cost of Funds,Outstanding Balance,-0.013189731882302496
Merchant 5,Poor (300-579),2,Cost of Funds,Outstanding Balance,-0.01356831809467539
Merchant 5,Poor (300-579),3,Cost of Funds,Outstanding Balance,-0.013646996022375528
Merchant 5,Poor (300-579),4,Cost of Funds,Outstanding Balance,-0.013610736792911946
Merchant 5,Poor (300-579),5,Cost of Funds,Outstanding Balance,-0.013849370483159856
Merchant 5,Poor (300-579),6,Cost of Funds,Outstanding Balance,-0.014237968442593807
Merchant 5,Poor (300-579),7,Cost of Funds,Outstanding Balance,-0.014095550827179492
Merchant 5,Very Good (740-799),0,Cost of Funds,Outstanding Balance,-0.012944138444550404
Merchant 5,Very Good (740-799),1,Cost of Funds,Outstanding Balance,-0.0136025657620342
Merchant 5,Very Good (740-799),2,Cost of Funds,Outstanding Balance,-0.014007732230958782
Merchant 5,Very Good (740-799),3,Cost of Funds,Outstanding Balance,-0.013931667706354383
Merchant 5,Very Good (740-799),4,Cost of Funds,Outstanding Balance,-0.01375862953384487
Merchant 5,Very Good (740-799),5,Cost of Funds,Outstanding Balance,-0.014068078860836308
Merchant 5,Very Good (740-799),6,Cost of Funds,Outstanding Balance,-0.01463074009456833
Merchant 5,Very Good (740-799),7,Cost of Funds,Outstanding Balance,-0.014182641465900132
Merchant 6,Exceptional (800-850),0,Cost of Funds,Outstanding Balance,-0.011187990959115575
Merchant 6,Exceptional (800-850),1,Cost of Funds,Outstanding Balance,-0.012331396553182326
Merchant 6,Exceptional (800-850),2,Cost of Funds,Outstanding Balance,-0.012290591563648652
Merchant 6,Exceptional (800-850),3,Cost of Funds,Outstanding Balance,-0.012591725669517552
Merchant 6,Exceptional (800-850),4,Cost of Funds,Outstanding Balance,-0.012649300946387724
Merchant 6,Exceptional (800-850),5,Cost of Funds,Outstanding Balance,-0.013296313976032812
Merchant 6,Exceptional (800-850),6,Cost of Funds,Outstanding Balance,-0.012452484793742969
Merchant 6,Fair (580-669),0,Cost of Funds,Outstanding Balance,-0.011033482909779799
Merchant 6,Fair (580-669),1,Cost of Funds,Outstanding Balance,-0.011841601257753308
Merchant 6,Fair (580-669),2,Cost of Funds,Outstanding Balance,-0.012107364792516763
Merchant 6,Fair (580-669),3,Cost of Funds,Outstanding Balance,-0.012336481363805683
Merchant 6,Fair (580-669),4,Cost of Funds,Outstanding Balance,-0.012434754990381791
Merchant 6,Fair (580-669),5,Cost of Funds,Outstanding Balance,-0.012914644250759746
Merchant 6,Fair (580-669),6,Cost of Funds,Outstanding Balance,-0.012597163252659523
Merchant 6,Good (670-739),0,Cost of Funds,Outstanding Balance,-0.010940028818883717
Merchant 6,Good (670-739),1,Cost of Funds,Outstanding Balance,-0.011887928861601829
Merchant 6,Good (670-739),2,Cost of Funds,Outstanding Balance,-0.012082382427274465
Merchant 6,Good (670-739),3,Cost of Funds,Outstanding Balance,-0.012375330939687375
Merchant 6,Good (670-739),4,Cost of Funds,Outstanding Balance,-0.01240160317758338
Merchant 6,Good (670-739),5,Cost of Funds,Outstanding Balance,-0.012985511680441682
Merchant 6,Good (670-739),6,Cost of Funds,Outstanding Balance,-0.012575460120119404
Merchant 6,Poor (300-579),0,Cost of Funds,Outstanding Balance,-0.011200948538067405
Merchant 6,Poor (300-579),1,Cost of Funds,Outstanding Balance,-0.011946030098598858
Merchant 6,Poor (300-579),2,Cost of Funds,Outstanding Balance,-0.012107154349458329
Merchant 6,Poor (300-579),3,Cost of Funds,Outstanding Balance,-0.012293048619231316
Merchant 6,Poor (300-579),4,Cost of Funds,Outstanding Balance,-0.012381547075816733
Merchant 6,Poor (300-579),5,Cost of Funds,Outstanding Balance,-0.012856026852077776
Merchant 6,Poor (300-579),6,Cost of Funds,Outstanding Balance,-0.012645417220919095
Merchant 6,Very Good (740-799),0,Cost of Funds,Outstanding Balance,-0.0109835202347778
Merchant 6,Very Good (740-799),1,Cost of Funds,Outstanding Balance,-0.012133361583302095
Merchant 6,Very Good (740-799),2,Cost of Funds,Outstanding Balance,-0.01220746237075969
Merchant 6,Very Good (740-799),3,Cost of Funds,Outstanding Balance,-0.012465893336069353
Merchant 6,Very Good (740-799),4,Cost of Funds,Outstanding Balance,-0.01253901589123443
Merchant 6,Very Good (740-799),5,Cost of Funds,Outstanding Balance,-0.013211440535050478
Merchant 6,Very Good (740-799),6,Cost of Funds,Outstanding Balance,-0.012603407977177489
Merchant 7,Exceptional (800-850),0,Cost of Funds,Outstanding Balance,-0.010322652220968894
Merchant 7,Exceptional (800-850),1,Cost of Funds,Outstanding Balance,-0.011409691613561574
Merchant 7,Exceptional (800-850),2,Cost of Funds,Outstanding Balance,-0.01182422950491986
Merchant 7,Exceptional (800-850),3,Cost of Funds,Outstanding Balance,-0.012055323315632886
Merchant 7,Exceptional (800-850),4,Cost of Funds,Outstanding Balance,-0.012713077701014975
Merchant 7,Exceptional (800-850),5,Cost of Funds,Outstanding Balance,-0.012042340048484817
Merchant 7,Fair (580-669),0,Cost of Funds,Outstanding Balance,-0.010579505774912705
Merchant 7,Fair (580-669),1,Cost of Funds,Outstanding Balance,-0.011221517831257865
Merchant 7,Fair (580-669),2,Cost of Funds,Outstanding Balance,-0.011509540085288497
Merchant 7,Fair (580-669),3,Cost of Funds,Outstanding Balance,-0.01183788180913141
Merchant 7,Fair (580-669),4,Cost of Funds,Outstanding Balance,-0.012234887519856717
Merchant 7,Fair (580-669),5,Cost of Funds,Outstanding Balance,-0.01207915352409304
Merchant 7,Good (670-739),0,Cost of Funds,Outstanding Balance,-0.01024287120083974
Merchant 7,Good (670-739),1,Cost of Funds,Outstanding Balance,-0.011088786624869073
Merchant 7,Good (670-739),2,Cost of Funds,Outstanding Balance,-0.01159144382108341
Merchant 7,Good (670-739),3,Cost of Funds,Outstanding Balance,-0.011935798780276676
Merchant 7,Good (670-739),4,Cost of Funds,Outstanding Balance,-0.012337484658283562
Merchant 7,Good (670-739),5,Cost of Funds,Outstanding Balance,-0.012024623492265407
Merchant 7,Poor (300-579),0,Cost of Funds,Outstanding Balance,-0.01070227228201135
Merchant 7,Poor (300-579),1,Cost of Funds,Outstanding Balance,-0.011254246647295109
Merchant 7,Poor (300-579),2,Cost of Funds,Outstanding Balance,-0.011573140506880103
Merchant 7,Poor (300-579),3,Cost of Funds,Outstanding Balance,-0.011839321447845377
Merchant 7,Poor (300-579),4,Cost of Funds,Outstanding Balance,-0.012223226307518664
Merchant 7,Poor (300-579),5,Cost of Funds,Outstanding Balance,-0.012045721678354777
Merchant 7,Very Good (740-799),0,Cost of Funds,Outstanding Balance,-0.010124821639259395
Merchant 7,Very Good (740-799),1,Cost of Funds,Outstanding Balance,-0.011143503650638617
Merchant 7,Very Good (740-799),2,Cost of Funds,Outstanding Balance,-0.01169622981334384
Merchant 7,Very Good (740-799),3,Cost of Funds,Outstanding Balance,-0.011919661371150286
Merchant 7,Very Good (740-799),4,Cost of Funds,Outstanding Balance,-0.012691991997644468
Merchant 7,Very Good (740-799),5,Cost of Funds,Outstanding Balance,-0.01213044823227877
Merchant 8,Exceptional (800-850),0,Cost of Funds,Outstanding Balance,-0.014539545179827817
Merchant 8,Exceptional (800-850),1,Cost of Funds,Outstanding Balance,-0.014262474863972559
Merchant 8,Exceptional (800-850),2,Cost of Funds,Outstanding Balance,-0.01404203868118252
Merchant 8,Exceptional (800-850),3,Cost of Funds,Outstanding Balance,-0.014659104752365355
Merchant 8,Exceptional (800-850),4,Cost of Funds,Outstanding Balance,-0.01380608432003412
Merchant 8,Fair (580-669),0,Cost of Funds,Outstanding Balance,-0.01310057858567602
Merchant 8,Fair (580-669),1,Cost of Funds,Outstanding Balance,-0.013348939963849083
Merchant 8,Fair (580-669),2,Cost of Funds,Outstanding Balance,-0.01357511085953591
Merchant 8,Fair (580-669),3,Cost of Funds,Outstanding Balance,-0.013949163050216987
Merchant 8,Fair (580-669),4,Cost of Funds,Outstanding Balance,-0.013605269916834577
Merchant 8,Good (670-739),0,Cost of Funds,Outstanding Balance,-0.013360501697394438
Merchant 8,Good (670-739),1,Cost of Funds,Outstanding Balance,-0.013526511687652346
Merchant 8,Good (670-739),2,Cost of Funds,Outstanding Balance,-0.01365248360310488
Merchant 8,Good (670-739),3,Cost of Funds,Outstanding Balance,-0.014171573424890501
Merchant 8,Good (670-739),4,Cost of Funds,Outstanding Balance,-0.013682102803589563
Merchant 8,Poor (300-579),0,Cost of Funds,Outstanding Balance,-0.01291830102903284
Merchant 8,Poor (300-579),1,Cost of Funds,Outstanding Balance,-0.013266438091952205
Merchant 8,Poor (300-579),2,Cost of Funds,Outstanding Balance,-0.013447872370786838
Merchant 8,Poor (300-579),3,Cost of Funds,Outstanding Balance,-0.013832438014571432
Merchant 8,Poor (300-579),4,Cost of Funds,Outstanding Balance,-0.013714098208770847
Merchant 8,Very Good (740-799),0,Cost of Funds,Outstanding Balance,-0.013818519744379662
Merchant 8,Very Good (740-799),1,Cost of Funds,Outstanding Balance,-0.013851198949122671
Merchant 8,Very Good (740-799),2,Cost of Funds,Outstanding Balance,-0.013947669302556674
Merchant 8,Very Good (740-799),3,Cost of Funds,Outstanding Balance,-0.014296978481668172
Merchant 8,Very Good (740-799),4,Cost of Funds,Outstanding Balance,-0.013977833517419243
Merchant 9,ALL,0,Cost of Funds,Outstanding Balance,-0.014352344295978562
Merchant 9,ALL,1,Cost of Funds,Outstanding Balance,-0.01457064359099043
Merchant 9,ALL,2,Cost of Funds,Outstanding Balance,-0.014831669873416567
Merchant 9,ALL,3,Cost of Funds,Outstanding Balance,-0.014484802215292246
Merchant 1,Exceptional (800-850),0,Charge Offs,Outstanding Balance,0.0
Merchant 1,Exceptional (800-850),1,Charge Offs,Outstanding Balance,-0.0006035847099787081
Merchant 1,Exceptional (800-850),2,Charge Offs,Outstanding Balance,-0.000982438190306113
Merchant 1,Exceptional (800-850),3,Charge Offs,Outstanding Balance,-0.0013546336644476688
Merchant 1,Exceptional (800-850),4,Charge Offs,Outstanding Balance,-0.0016868953108967074
Merchant 1,Exceptional (800-850),5,Charge Offs,Outstanding Balance,-0.001987039594457157
Merchant 1,Exceptional (800-850),6,Charge Offs,Outstanding Balance,-0.0022808949656331757
Merchant 1,Exceptional (800-850),7,Charge Offs,Outstanding Balance,-0.002256523448026882
Merchant 1,Exceptional (800-850),8,Charge Offs,Outstanding Balance,-0.0023297411535312114
Merchant 1,Exceptional (800-850),9,Charge Offs,Outstanding Balance,-0.00239946921617285
Merchant 1,Exceptional (800-850),10,Charge Offs,Outstanding Balance,-0.0024407066819251313
Merchant 1,Exceptional (800-850),11,Charge Offs,Outstanding Balance,-0.002399491216645932
Merchant 1,Exceptional (800-850),12,Charge Offs,Outstanding Balance,-0.0025383938571719674
Merchant 1,Exceptional (800-850),13,Charge Offs,Outstanding Balance,-0.0026290937071470743
Merchant 1,Fair (580-669),0,Charge Offs,Outstanding Balance,0.0
Merchant 1,Fair (580-669),1,Charge Offs,Outstanding Balance,-0.004472537784550064
Merchant 1,Fair (580-669),2,Charge Offs,Outstanding Balance,-0.0075285605301708405
Merchant 1,Fair (580-669),3,Charge Offs,Outstanding Balance,-0.009967873216529548
Merchant 1,Fair (580-669),4,Charge Offs,Outstanding Balance,-0.012765212591851885
Merchant 1,Fair (580-669),5,Charge Offs,Outstanding Balance,-0.015088421712471252
Merchant 1,Fair (580-669),6,Charge Offs,Outstanding Balance,-0.017729007329850624
Merchant 1,Fair (580-669),7,Charge Offs,Outstanding Balance,-0.01705724142272463
Merchant 1,Fair (580-669),8,Charge Offs,Outstanding Balance,-0.0180687879580851
Merchant 1,Fair (580-669),9,Charge Offs,Outstanding Balance,-0.018011354362185338
Merchant 1,Fair (580-669),10,Charge Offs,Outstanding Balance,-0.018816027779857938
Merchant 1,Fair (580-669),11,Charge Offs,Outstanding Balance,-0.018467125567566692
Merchant 1,Fair (580-669),12,Charge Offs,Outstanding Balance,-0.01860727760854571
Merchant 1,Fair (580-669),13,Charge Offs,Outstanding Balance,-0.01911850021408395
Merchant 1,Good (670-739),0,Charge Offs,Outstanding Balance,0.0
Merchant 1,Good (670-739),1,Charge Offs,Outstanding Balance,-0.002522333409742864
Merchant 1,Good (670-739),2,Charge Offs,Outstanding Balance,-0.004158663072262725
Merchant 1,Good (670-739),3,Charge Offs,Outstanding Balance,-0.00566220359571652
Merchant 1,Good (670-739),4,Charge Offs,Outstanding Balance,-0.00711278224617249
Merchant 1,Good (670-739),5,Charge Offs,Outstanding Balance,-0.008307671844750312
Merchant 1,Good (670-739),6,Charge Offs,Outstanding Balance,-0.009434324325673423
Merchant 1,Good (670-739),7,Charge Offs,Outstanding Balance,-0.009867800812436016
Merchant 1,Good (670-739),8,Charge Offs,Outstanding Balance,-0.010169337889580545
Merchant 1,Good (670-739),9,Charge Offs,Outstanding Balance,-0.009957909238708403
Merchant 1,Good (670-739),10,Charge Offs,Outstanding Balance,-0.009993720132851094
Merchant 1,Good (670-739),11,Charge Offs,Outstanding Balance,-0.01039560656642539
Merchant 1,Good (670-739),12,Charge Offs,Outstanding Balance,-0.010834709633574878
Merchant 1,Good (670-739),13,Charge Offs,Outstanding Balance,-0.011069138110035577
Merchant 1,Poor (300-579),0,Charge Offs,Outstanding Balance,0.0
Merchant 1,Poor (300-579),1,Charge Offs,Outstanding Balance,-0.00796184647541081
Merchant 1,Poor (300-579),2,Charge Offs,Outstanding Balance,-0.013135566250822121
Merchant 1,Poor (300-579),3,Charge Offs,Outstanding Balance,-0.017915958539607844
Merchant 1,Poor (300-579),4,Charge Offs,Outstanding Balance,-0.02188151374992407
Merchant 1,Poor (300-579),5,Charge Offs,Outstanding Balance,-0.02663004430269983
Merchant 1,Poor (300-579),6,Charge Offs,Outstanding Balance,-0.03058792194924086
Merchant 1,Poor (300-579),7,Charge Offs,Outstanding Balance,-0.030548292473196705
Merchant 1,Poor (300-579),8,Charge Offs,Outstanding Balance,-0.03106970161841433
Merchant 1,Poor (300-579),9,Charge Offs,Outstanding Balance,-0.03137444809602547
Merchant 1,Poor (300-579),10,Charge Offs,Outstanding Balance,-0.03303458128422912
Merchant 1,Poor (300-579),11,Charge Offs,Outstanding Balance,-0.032968426804043244
Merchant 1,Poor (300-579),12,Charge Offs,Outstanding Balance,-0.033184446332173295
Merchant 1,Poor (300-579),13,Charge Offs,Outstanding Balance,-0.034523118080856084
Merchant 1,Very Good (740-799),0,Charge Offs,Outstanding Balance,0.0
Merchant 1,Very Good (740-799),1,Charge Offs,Outstanding Balance,-0.0011990861650550556
Merchant 1,Very Good (740-799),2,Charge Offs,Outstanding Balance,-0.0019590128719967903
Merchant 1,Very Good (740-799),3,Charge Offs,Outstanding Balance,-0.002729697798028947
Merchant 1,Very Good (740-799),4,Charge Offs,Outstanding Balance,-0.003321363327239989
Merchant 1,Very Good (740-799),5,Charge Offs,Outstanding Balance,-0.004037776177262944
Merchant 1,Very Good (740-799),6,Charge Offs,Outstanding Balance,-0.004580764569337707
Merchant 1,Very Good (740-799),7,Charge Offs,Outstanding Balance,-0.004556802037842892
Merchant 1,Very Good (740-799),8,Charge Offs,Outstanding Balance,-0.004624555348465089
Merchant 1,Very Good (740-799),9,Charge Offs,Outstanding Balance,-0.004613511358245336
Merchant 1,Very Good (740-799),10,Charge Offs,Outstanding Balance,-0.004851083781481846
Merchant 1,Very Good (740-799),11,Charge Offs,Outstanding Balance,-0.004657848385249467
Merchant 1,Very Good (740-799),12,Charge Offs,Outstanding Balance,-0.005133570812700323
Merchant 1,Very Good (740-799),13,Charge Offs,Outstanding Balance,-0.005063938979183149
Merchant 10,ALL,0,Charge Offs,Outstanding Balance,0.0
Merchant 10,ALL,1,Charge Offs,Outstanding Balance,-0.003423030820251599
Merchant 2,Exceptional (800-850),0,Charge Offs,Outstanding Balance,0.0
Merchant 2,Exceptional (800-850),1,Charge Offs,Outstanding Balance,-0.0005962027713164308
Merchant 2,Exceptional (800-850),2,Charge Offs,Outstanding Balance,-0.0009896383264537505
Merchant 2,Exceptional (800-850),3,Charge Offs,Outstanding Balance,-0.0013412059551253463
Merchant 2,Exceptional (800-850),4,Charge Offs,Outstanding Balance,-0.0016834729675871494
Merchant 2,Exceptional (800-850),5,Charge Offs,Outstanding Balance,-0.002028944938562742
Merchant 2,Exceptional (800-850),6,Charge Offs,Outstanding Balance,-0.002369842920020799
Merchant 2,Exceptional (800-850),7,Charge Offs,Outstanding Balance,-0.002271009024868608
Merchant 2,Exceptional (800-850),8,Charge Offs,Outstanding Balance,-0.0023287196350823863
Merchant 2,Exceptional (800-850),9,Charge Offs,Outstanding Balance,-0.002340267280884858
Merchant 2,Exceptional (800-850),10,Charge Offs,Outstanding Balance,-0.0024252401329064306
Merchant 2,Exceptional (800-850),11,Charge Offs,Outstanding Balance,-0.0025325562172265788
Merchant 2,Fair (580-669),0,Charge Offs,Outstanding Balance,0.0
Merchant 2,Fair (580-669),1,Charge Offs,Outstanding Balance,-0.00452710750072954
Merchant 2,Fair (580-669),2,Charge Offs,Outstanding Balance,-0.007561396038225636
Merchant 2,Fair (580-669),3,Charge Offs,Outstanding Balance,-0.010114802203753607
Merchant 2,Fair (580-669),4,Charge Offs,Outstanding Balance,-0.012801877075610606
Merchant 2,Fair (580-669),5,Charge Offs,Outstanding Balance,-0.015207193169772643
Merchant 2,Fair (580-669),6,Charge Offs,Outstanding Balance,-0.017313982694186998
Merchant 2,Fair (580-669),7,Charge Offs,Outstanding Balance,-0.017838451946392254
Merchant 2,Fair (580-669),8,Charge Offs,Outstanding Balance,-0.01863863105758272
Merchant 2,Fair (580-669),9,Charge Offs,Outstanding Balance,-0.017597697425752713
Merchant 2,Fair (580-669),10,Charge Offs,Outstanding Balance,-0.019255365808797522
Merchant 2,Fair (580-669),11,Charge Offs,Outstanding Balance,-0.018285622772951114
Merchant 2,Good (670-739),0,Charge Offs,Outstanding Balance,0.0
Merchant 2,Good (670-739),1,Charge Offs,Outstanding Balance,-0.002484683382153289
Merchant 2,Good (670-739),2,Charge Offs,Outstanding Balance,-0.004240842567791992
Merchant 2,Good (670-739),3,Charge Offs,Outstanding Balance,-0.005713522945603372
Merchant 2,Good (670-739),4,Charge Offs,Outstanding Balance,-0.007054454559494186
Merchant 2,Good (670-739),5,Charge Offs,Outstanding Balance,-0.008409909102991569
Merchant 2,Good (670-739),6,Charge Offs,Outstanding Balance,-0.009688394401292948
Merchant 2,Good (670-739),7,Charge Offs,Outstanding Balance,-0.009939832175850954
Merchant 2,Good (670-739),8,Charge Offs,Outstanding Balance,-0.010028743414610861
Merchant 2,Good (670-739),9,Charge Offs,Outstanding Balance,-0.01037164005518616
Merchant 2,Good (670-739),10,Charge Offs,Outstanding Balance,-0.010117562374431215
Merchant 2,Good (670-739),11,Charge Offs,Outstanding Balance,-0.010627446182876565
Merchant 2,Poor (300-579),0,Charge Offs,Outstanding Balance,0.0
Merchant 2,Poor (300-579),1,Charge Offs,Outstanding Balance,-0.007957274986955287
Merchant 2,Poor (300-579),2,Charge Offs,Outstanding Balance,-0.01316077295498064
Merchant 2,Poor (300-579),3,Charge Offs,Outstanding Balance,-0.01808497460671374
Merchant 2,Poor (300-579),4,Charge Offs,Outstanding Balance,-0.02232343181936122
Merchant 2,Poor (300-579),5,Charge Offs,Outstanding Balance,-0.026722203941429705
Merchant 2,Poor (300-579),6,Charge Offs,Outstanding Balance,-0.030566362736278458
Merchant 2,Poor (300-579),7,Charge Offs,Outstanding Balance,-0.03060572623264998
Merchant 2,Poor (300-579),8,Charge Offs,Outstanding Balance,-0.03238288869832355
Merchant 2,Poor (300-579),9,Charge Offs,Outstanding Balance,-0.03285725162747611
Merchant 2,Poor (300-579),10,Charge Offs,Outstanding Balance,-0.03412572374606916
Merchant 2,Poor (300-579),11,Charge Offs,Outstanding Balance,-0.03497601121743726
Merchant 2,Very Good (740-799),0,Charge Offs,Outstanding Balance,0.0
Merchant 2,Very Good (740-799),1,Charge Offs,Outstanding Balance,-0.0012082406849572849
Merchant 2,Very Good (740-799),2,Charge Offs,Outstanding Balance,-0.0019910588538151037
Merchant 2,Very Good (740-799),3,Charge Offs,Outstanding Balance,-0.002720640418977445
Merchant 2,Very Good (740-799),4,Charge Offs,Outstanding Balance,-0.0033375012333175815
Merchant 2,Very Good (740-799),5,Charge Offs,Outstanding Balance,-0.003935744635631329
Merchant 2,Very Good (740-799),6,Charge Offs,Outstanding Balance,-0.004626640813933459
Merchant 2,Very Good (740-799),7,Charge Offs,Outstanding Balance,-0.004748587911829194
Merchant 2,Very Good (740-799),8,Charge Offs,Outstanding Balance,-0.004767567091904581
Merchant 2,Very Good (740-799),9,Charge Offs,Outstanding Balance,-0.005152365102706407
Merchant 2,Very Good (740-799),10,Charge Offs,Outstanding Balance,-0.00488201252543403
Merchant 2,Very Good (740-799),11,Charge Offs,Outstanding Balance,-0.004985494129580662
Merchant 3,Exceptional (800-850),0,Charge Offs,Outstanding Balance,0.0
Merchant 3,Exceptional (800-850),1,Charge Offs,Outstanding Balance,-0.0006359207550156356
Merchant 3,Exceptional (800-850),2,Charge Offs,Outstanding Balance,-0.0010434494413155682
Merchant 3,Exceptional (800-850),3,Charge Offs,Outstanding Balance,-0.0013843939428052619
Merchant 3,Exceptional (800-850),4,Charge Offs,Outstanding Balance,-0.0017394826900070006
Merchant 3,Exceptional (800-850),5,Charge Offs,Outstanding Balance,-0.0020414458643842857
Merchant 3,Exceptional (800-850),6,Charge Offs,Outstanding Balance,-0.00239620634820915
Merchant 3,Exceptional (800-850),7,Charge Offs,Outstanding Balance,-0.002443544467843836
Merchant 3,Exceptional (800-850),8,Charge Offs,Outstanding Balance,-0.002499627124438101
Merchant 3,Exceptional (800-850),9,Charge Offs,Outstanding Balance,-0.0025901025019287997
Merchant 3,Fair (580-669),0,Charge Offs,Outstanding Balance,0.0
Merchant 3,Fair (580-669),1,Charge Offs,Outstanding Balance,-0.004682253467066135
Merchant 3,Fair (580-669),2,Charge Offs,Outstanding Balance,-0.007793093460291155
Merchant 3,Fair (580-669),3,Charge Offs,Outstanding Balance,-0.010531435891711885
Merchant 3,Fair (580-669),4,Charge Offs,Outstanding Balance,-0.01367464664111904
Merchant 3,Fair (580-669),5,Charge Offs,Outstanding Balance,-0.015477188625934668
Merchant 3,Fair (580-669),6,Charge Offs,Outstanding Balance,-0.01893189119100435
Merchant 3,Fair (580-669),7,Charge Offs,Outstanding Balance,-0.01815903201990134
Merchant 3,Fair (580-669),8,Charge Offs,Outstanding Balance,-0.019103360888191638
Merchant 3,Fair (580-669),9,Charge Offs,Outstanding Balance,-0.01811352380694904
Merchant 3,Good (670-739),0,Charge Offs,Outstanding Balance,0.0
Merchant 3,Good (670-739),1,Charge Offs,Outstanding Balance,-0.0026771722895236136
Merchant 3,Good (670-739),2,Charge Offs,Outstanding Balance,-0.004389603952216513
Merchant 3,Good (670-739),3,Charge Offs,Outstanding Balance,-0.005797271736359469
Merchant 3,Good (670-739),4,Charge Offs,Outstanding Balance,-0.007378764071913371
Merchant 3,Good (670-739),5,Charge Offs,Outstanding Balance,-0.008974783081083213
Merchant 3,Good (670-739),6,Charge Offs,Outstanding Balance,-0.010070864752939812
Merchant 3,Good (670-739),7,Charge Offs,Outstanding Balance,-0.010281627952685064
Merchant 3,Good (670-739),8,Charge Offs,Outstanding Balance,-0.010994280981746147
Merchant 3,Good (670-739),9,Charge Offs,Outstanding Balance,-0.01054876272935044
Merchant 3,Poor (300-579),0,Charge Offs,Outstanding Balance,0.0
Merchant 3,Poor (300-579),1,Charge Offs,Outstanding Balance,-0.0081235284710079
Merchant 3,Poor (300-579),2,Charge Offs,Outstanding Balance,-0.013537249238988927
Merchant 3,Poor (300-579),3,Charge Offs,Outstanding Balance,-0.01888723594168402
Merchant 3,Poor (300-579),4,Charge Offs,Outstanding Balance,-0.02362722444521377
Merchant 3,Poor (300-579),5,Charge Offs,Outstanding Balance,-0.027496962774436435
Merchant 3,Poor (300-579),6,Charge Offs,Outstanding Balance,-0.031358588998866614
Merchant 3,Poor (300-579),7,Charge Offs,Outstanding Balance,-0.03248024046622769
Merchant 3,Poor (300-579),8,Charge Offs,Outstanding Balance,-0.03335188132734621
Merchant 3,Poor (300-579),9,Charge Offs,Outstanding Balance,-0.03223995470379931
Merchant 3,Very Good (740-799),0,Charge Offs,Outstanding Balance,0.0
Merchant 3,Very Good (740-799),1,Charge Offs,Outstanding Balance,-0.00126449745595506
Merchant 3,Very Good (740-799),2,Charge Offs,Outstanding Balance,-0.0020668114944839156
Merchant 3,Very Good (740-799),3,Charge Offs,Outstanding Balance,-0.002835931970486167
Merchant 3,Very Good (740-799),4,Charge Offs,Outstanding Balance,-0.0034844118802132245
Merchant 3,Very Good (740-799),5,Charge Offs,Outstanding Balance,-0.004067783530147647
Merchant 3,Very Good (740-799),6,Charge Offs,Outstanding Balance,-0.004678372552897577
Merchant 3,Very Good (740-799),7,Charge Offs,Outstanding Balance,-0.004688139099262455
Merchant 3,Very Good (740-799),8,Charge Offs,Outstanding Balance,-0.004929049932581384
Merchant 3,Very Good (740-799),9,Charge Offs,Outstanding Balance,-0.0051031266776151735
Merchant 4,Exceptional (800-850),0,Charge Offs,Outstanding Balance,0.0
Merchant 4,Exceptional (800-850),1,Charge Offs,Outstanding Balance,-0.0006702037966647001
Merchant 4,Exceptional (800-850),2,Charge Offs,Outstanding Balance,-0.0010745266214085302
Merchant 4,Exceptional (800-850),3,Charge Offs,Outstanding Balance,-0.0014935837644684702
Merchant 4,Exceptional (800-850),4,Charge Offs,Outstanding Balance,-0.001854485948003727
Merchant 4,Exceptional (800-850),5,Charge Offs,Outstanding Balance,-0.0021455031108727693
Merchant 4,Exceptional (800-850),6,Charge Offs,Outstanding Balance,-0.002469194864161664
Merchant 4,Exceptional (800-850),7,Charge Offs,Outstanding Balance,-0.0025525736945055445
Merchant 4,Exceptional (800-850),8,Charge Offs,Outstanding Balance,-0.002520884353484006
Merchant 4,Fair (580-669),0,Charge Offs,Outstanding Balance,0.0
Merchant 4,Fair (580-669),1,Charge Offs,Outstanding Balance,-0.004926513779984155
Merchant 4,Fair (580-669),2,Charge Offs,Outstanding Balance,-0.008057500804858583
Merchant 4,Fair (580-669),3,Charge Offs,Outstanding Balance,-0.010937387086952967
Merchant 4,Fair (580-669),4,Charge Offs,Outstanding Balance,-0.013749218276472477
Merchant 4,Fair (580-669),5,Charge Offs,Outstanding Balance,-0.01618727797927931
Merchant 4,Fair (580-669),6,Charge Offs,Outstanding Balance,-0.01870032217436014
Merchant 4,Fair (580-669),7,Charge Offs,Outstanding Balance,-0.01882103871979482
Merchant 4,Fair (580-669),8,Charge Offs,Outstanding Balance,-0.019150710720840153
Merchant 4,Good (670-739),0,Charge Offs,Outstanding Balance,0.0
Merchant 4,Good (670-739),1,Charge Offs,Outstanding Balance,-0.0027620229914762633
Merchant 4,Good (670-739),2,Charge Offs,Outstanding Balance,-0.004508538019392589
Merchant 4,Good (670-739),3,Charge Offs,Outstanding Balance,-0.006114252310073264
Merchant 4,Good (670-739),4,Charge Offs,Outstanding Balance,-0.007398914605310339
Merchant 4,Good (670-739),5,Charge Offs,Outstanding Balance,-0.00902103475712507
Merchant 4,Good (670-739),6,Charge Offs,Outstanding Balance,-0.01011232899536707
Merchant 4,Good (670-739),7,Charge Offs,Outstanding Balance,-0.010495445601088503
Merchant 4,Good (670-739),8,Charge Offs,Outstanding Balance,-0.010907094052671493
Merchant 4,Poor (300-579),0,Charge Offs,Outstanding Balance,0.0
Merchant 4,Poor (300-579),1,Charge Offs,Outstanding Balance,-0.008586350062939608
Merchant 4,Poor (300-579),2,Charge Offs,Outstanding Balance,-0.014536160268364594
Merchant 4,Poor (300-579),3,Charge Offs,Outstanding Balance,-0.01940858750785377
Merchant 4,Poor (300-579),4,Charge Offs,Outstanding Balance,-0.023977292623750406
Merchant 4,Poor (300-579),5,Charge Offs,Outstanding Balance,-0.028233613641330212
Merchant 4,Poor (300-579),6,Charge Offs,Outstanding Balance,-0.031864517391121845
Merchant 4,Poor (300-579),7,Charge Offs,Outstanding Balance,-0.03227713422888136
Merchant 4,Poor (300-579),8,Charge Offs,Outstanding Balance,-0.034167689598121366
Merchant 4,Very Good (740-799),0,Charge Offs,Outstanding Balance,0.0
Merchant 4,Very Good (740-799),1,Charge Offs,Outstanding Balance,-0.0013380917250597915
Merchant 4,Very Good (740-799),2,Charge Offs,Outstanding Balance,-0.0021267551052071686
Merchant 4,Very Good (740-799),3,Charge Offs,Outstanding Balance,-0.0029295621305588534
Merchant 4,Very Good (740-799),4,Charge Offs,Outstanding Balance,-0.0036682681810014687
Merchant 4,Very Good (740-799),5,Charge Offs,Outstanding Balance,-0.004315482316967488
Merchant 4,Very Good (740-799),6,Charge Offs,Outstanding Balance,-0.0049790491030752915
Merchant 4,Very Good (740-799),7,Charge Offs,Outstanding Balance,-0.004938962194569624
Merchant 4,Very Good (740-799),8,Charge Offs,Outstanding Balance,-0.005042654368860122
Merchant 5,Exceptional (800-850),0,Charge Offs,Outstanding Balance,0.0
Merchant 5,Exceptional (800-850),1,Charge Offs,Outstanding Balance,-0.0006315167529871363
Merchant 5,Exceptional (800-850),2,Charge Offs,Outstanding Balance,-0.0010652098456932363
Merchant 5,Exceptional (800-850),3,Charge Offs,Outstanding Balance,-0.0014252562134517573
Merchant 5,Exceptional (800-850),4,Charge Offs,Outstanding Balance,-0.0018186030014639178
Merchant 5,Exceptional (800-850),5,Charge Offs,Outstanding Balance,-0.002166659951363878
Merchant 5,Exceptional (800-850),6,Charge Offs,Outstanding Balance,-0.002439153615657679
Merchant 5,Exceptional (800-850),7,Charge Offs,Outstanding Balance,-0.0023593417301237866
Merchant 5,Fair (580-669),0,Charge Offs,Outstanding Balance,0.0
Merchant 5,Fair (580-669),1,Charge Offs,Outstanding Balance,-0.0048307771420899506
Merchant 5,Fair (580-669),2,Charge Offs,Outstanding Balance,-0.007909573271106451
Merchant 5,Fair (580-669),3,Charge Offs,Outstanding Balance,-0.011143786897535961
Merchant 5,Fair (580-669),4,Charge Offs,Outstanding Balance,-0.013352097715403854
Merchant 5,Fair (580-669),5,Charge Offs,Outstanding Balance,-0.0159418207494499
Merchant 5,Fair (580-669),6,Charge Offs,Outstanding Balance,-0.018663197435985802
Merchant 5,Fair (580-669),7,Charge Offs,Outstanding Balance,-0.019900237312291208
Merchant 5,Good (670-739),0,Charge Offs,Outstanding Balance,0.0
Merchant 5,Good (670-739),1,Charge Offs,Outstanding Balance,-0.0026644227360435274
Merchant 5,Good (670-739),2,Charge Offs,Outstanding Balance,-0.004419661673406619
Merchant 5,Good (670-739),3,Charge Offs,Outstanding Balance,-0.006028395079484317
Merchant 5,Good (670-739),4,Charge Offs,Outstanding Balance,-0.007442251382713372
Merchant 5,Good (670-739),5,Charge Offs,Outstanding Balance,-0.009198520006995333
Merchant 5,Good (670-739),6,Charge Offs,Outstanding Balance,-0.010669040161601051
Merchant 5,Good (670-739),7,Charge Offs,Outstanding Balance,-0.010683575950757473
Merchant 5,Poor (300-579),0,Charge Offs,Outstanding Balance,0.0
Merchant 5,Poor (300-579),1,Charge Offs,Outstanding Balance,-0.008301213448294268
Merchant 5,Poor (300-579),2,Charge Offs,Outstanding Balance,-0.013565845958737579
Merchant 5,Poor (300-579),3,Charge Offs,Outstanding Balance,-0.019246809188942723
Merchant 5,Poor (300-579),4,Charge Offs,Outstanding Balance,-0.023627726056470413
Merchant 5,Poor (300-579),5,Charge Offs,Outstanding Balance,-0.02768283259851825
Merchant 5,Poor (300-579),6,Charge Offs,Outstanding Balance,-0.0332798685239762
Merchant 5,Poor (300-579),7,Charge Offs,Outstanding Balance,-0.0350308857851763
Merchant 5,Very Good (740-799),0,Charge Offs,Outstanding Balance,0.0
Merchant 5,Very Good (740-799),1,Charge Offs,Outstanding Balance,-0.0012748909758876536
Merchant 5,Very Good (740-799),2,Charge Offs,Outstanding Balance,-0.002159855050205084
Merchant 5,Very Good (740-799),3,Charge Offs,Outstanding Balance,-0.0029289952363399214
Merchant 5,Very Good (740-799),4,Charge Offs,Outstanding Balance,-0.0035896723448821254
Merchant 5,Very Good (740-799),5,Charge Offs,Outstanding Balance,-0.004236582508926177
Merchant 5,Very Good (740-799),6,Charge Offs,Outstanding Balance,-0.0048206226922550945
Merchant 5,Very Good (740-799),7,Charge Offs,Outstanding Balance,-0.004811667211444173
Merchant 6,Exceptional (800-850),0,Charge Offs,Outstanding Balance,0.0
Merchant 6,Exceptional (800-850),1,Charge Offs,Outstanding Balance,-0.0006655681455571794
Merchant 6,Exceptional (800-850),2,Charge Offs,Outstanding Balance,-0.0011210472796546773
Merchant 6,Exceptional (800-850),3,Charge Offs,Outstanding Balance,-0.001462792628555998
Merchant 6,Exceptional (800-850),4,Charge Offs,Outstanding Balance,-0.001867006214210902
Merchant 6,Exceptional (800-850),5,Charge Offs,Outstanding Balance,-0.002259508032423799
Merchant 6,Exceptional (800-850),6,Charge Offs,Outstanding Balance,-0.002571547537462709
Merchant 6,Fair (580-669),0,Charge Offs,Outstanding Balance,0.0
Merchant 6,Fair (580-669),1,Charge Offs,Outstanding Balance,-0.00508889030005315
Merchant 6,Fair (580-669),2,Charge Offs,Outstanding Balance,-0.008500196409226477
Merchant 6,Fair (580-669),3,Charge Offs,Outstanding Balance,-0.011157613340053028
Merchant 6,Fair (580-669),4,Charge Offs,Outstanding Balance,-0.01341570619036446
Merchant 6,Fair (580-669),5,Charge Offs,Outstanding Balance,-0.01691221527680759
Merchant 6,Fair (580-669),6,Charge Offs,Outstanding Balance,-0.01871696794316848
Merchant 6,Good (670-739),0,Charge Offs,Outstanding Balance,0.0
Merchant 6,Good (670-739),1,Charge Offs,Outstanding Balance,-0.002816844385470572
Merchant 6,Good (670-739),2,Charge Offs,Outstanding Balance,-0.004691535936092477
Merchant 6,Good (670-739),3,Charge Offs,Outstanding Balance,-0.006344295143800094
Merchant 6,Good (670-739),4,Charge Offs,Outstanding Balance,-0.007901197229186259
Merchant 6,Good (670-739),5,Charge Offs,Outstanding Balance,-0.009285857699999914
Merchant 6,Good (670-739),6,Charge Offs,Outstanding Balance,-0.010613654698415347
Merchant 6,Poor (300-579),0,Charge Offs,Outstanding Balance,0.0
Merchant 6,Poor (300-579),1,Charge Offs,Outstanding Balance,-0.008746756616502335
Merchant 6,Poor (300-579),2,Charge Offs,Outstanding Balance,-0.014679645321606065
Merchant 6,Poor (300-579),3,Charge Offs,Outstanding Balance,-0.019853125990361393
Merchant 6,Poor (300-579),4,Charge Offs,Outstanding Balance,-0.024754859915050127
Merchant 6,Poor (300-579),5,Charge Offs,Outstanding Balance,-0.030323410066248523
Merchant 6,Poor (300-579),6,Charge Offs,Outstanding Balance,-0.0327575877580447
Merchant 6,Very Good (740-799),0,Charge Offs,Outstanding Balance,0.0
Merchant 6,Very Good (740-799),1,Charge Offs,Outstanding Balance,-0.0013645355790506304
Merchant 6,Very Good (740-799),2,Charge Offs,Outstanding Balance,-0.002229215754909695
Merchant 6,Very Good (740-799),3,Charge Offs,Outstanding Balance,-0.00303390702750571
Merchant 6,Very Good (740-799),4,Charge Offs,Outstanding Balance,-0.0038871387933561512
Merchant 6,Very Good (740-799),5,Charge Offs,Outstanding Balance,-0.004463846023040424
Merchant 6,Very Good (740-799),6,Charge Offs,Outstanding Balance,-0.0052501693287274175
Merchant 7,Exceptional (800-850),0,Charge Offs,Outstanding Balance,0.0
Merchant 7,Exceptional (800-850),1,Charge Offs,Outstanding Balance,-0.0006846360791428887
Merchant 7,Exceptional (800-850),2,Charge Offs,Outstanding Balance,-0.001154287951785785
Merchant 7,Exceptional (800-850),3,Charge Offs,Outstanding Balance,-0.0014855195269837683
Merchant 7,Exceptional (800-850),4,Charge Offs,Outstanding Balance,-0.0018383472846681531
Merchant 7,Exceptional (800-850),5,Charge Offs,Outstanding Balance,-0.002195601374752639
Merchant 7,Fair (580-669),0,Charge Offs,Outstanding Balance,0.0
Merchant 7,Fair (580-669),1,Charge Offs,Outstanding Balance,-0.005205007934872045
Merchant 7,Fair (580-669),2,Charge Offs,Outstanding Balance,-0.00860084712518943
Merchant 7,Fair (580-669),3,Charge Offs,Outstanding Balance,-0.011112514206339184
Merchant 7,Fair (580-669),4,Charge Offs,Outstanding Balance,-0.014217634114401688
Merchant 7,Fair (580-669),5,Charge Offs,Outstanding Balance,-0.015946430902371217
Merchant 7,Good (670-739),0,Charge Offs,Outstanding Balance,0.0
Merchant 7,Good (670-739),1,Charge Offs,Outstanding Balance,-0.0028404764449157576
Merchant 7,Good (670-739),2,Charge Offs,Outstanding Balance,-0.0046698360465785346
Merchant 7,Good (670-739),3,Charge Offs,Outstanding Balance,-0.006151494028208618
Merchant 7,Good (670-739),4,Charge Offs,Outstanding Balance,-0.007783053358793564
Merchant 7,Good (670-739),5,Charge Offs,Outstanding Balance,-0.009228812211798379
Merchant 7,Poor (300-579),0,Charge Offs,Outstanding Balance,0.0
Merchant 7,Poor (300-579),1,Charge Offs,Outstanding Balance,-0.00897141067815043
Merchant 7,Poor (300-579),2,Charge Offs,Outstanding Balance,-0.01467162946051825
Merchant 7,Poor (300-579),3,Charge Offs,Outstanding Balance,-0.01989139726917144
Merchant 7,Poor (300-579),4,Charge Offs,Outstanding Balance,-0.02408353021873333
Merchant 7,Poor (300-579),5,Charge Offs,Outstanding Balance,-0.030504784368171528
Merchant 7,Very Good (740-799),0,Charge Offs,Outstanding Balance,0.0
Merchant 7,Very Good (740-799),1,Charge Offs,Outstanding Balance,-0.0013938369330299375
Merchant 7,Very Good (740-799),2,Charge Offs,Outstanding Balance,-0.0022940706289037134
Merchant 7,Very Good (740-799),3,Charge Offs,Outstanding Balance,-0.0030108064985724424
Merchant 7,Very Good (740-799),4,Charge Offs,Outstanding Balance,-0.0036669059844228343
Merchant 7,Very Good (740-799),5,Charge Offs,Outstanding Balance,-0.004260907299668283
Merchant 8,Exceptional (800-850),0,Charge Offs,Outstanding Balance,0.0
Merchant 8,Exceptional (800-850),1,Charge Offs,Outstanding Balance,-0.0006818177453151438
Merchant 8,Exceptional (800-850),2,Charge Offs,Outstanding Balance,-0.0011016792489595252
Merchant 8,Exceptional (800-850),3,Charge Offs,Outstanding Balance,-0.001520504247936942
Merchant 8,Exceptional (800-850),4,Charge Offs,Outstanding Balance,-0.0019842189687624594
Merchant 8,Fair (580-669),0,Charge Offs,Outstanding Balance,0.0
Merchant 8,Fair (580-669),1,Charge Offs,Outstanding Balance,-0.0051281958074750065
Merchant 8,Fair (580-669),2,Charge Offs,Outstanding Balance,-0.008596796322481573
Merchant 8,Fair (580-669),3,Charge Offs,Outstanding Balance,-0.01129506194125394
Merchant 8,Fair (580-669),4,Charge Offs,Outstanding Balance,-0.014817119271298704
Merchant 8,Good (670-739),0,Charge Offs,Outstanding Balance,0.0
Merchant 8,Good (670-739),1,Charge Offs,Outstanding Balance,-0.002913120204056042
Merchant 8,Good (670-739),2,Charge Offs,Outstanding Balance,-0.0047150475359528255
Merchant 8,Good (670-739),3,Charge Offs,Outstanding Balance,-0.006305251167193441
Merchant 8,Good (670-739),4,Charge Offs,Outstanding Balance,-0.007563675258568822
Merchant 8,Poor (300-579),0,Charge Offs,Outstanding Balance,0.0
Merchant 8,Poor (300-579),1,Charge Offs,Outstanding Balance,-0.008877036866657561
Merchant 8,Poor (300-579),2,Charge Offs,Outstanding Balance,-0.014538086132595109
Merchant 8,Poor (300-579),3,Charge Offs,Outstanding Balance,-0.019469630219139927
Merchant 8,Poor (300-579),4,Charge Offs,Outstanding Balance,-0.02658855775169858
Merchant 8,Very Good (740-799),0,Charge Offs,Outstanding Balance,0.0
Merchant 8,Very Good (740-799),1,Charge Offs,Outstanding Balance,-0.0013509944300696768
Merchant 8,Very Good (740-799),2,Charge Offs,Outstanding Balance,-0.0022073832855441086
Merchant 8,Very Good (740-799),3,Charge Offs,Outstanding Balance,-0.003057690155799072
Merchant 8,Very Good (740-799),4,Charge Offs,Outstanding Balance,-0.0038630836112758513
Merchant 9,ALL,0,Charge Offs,Outstanding Balance,0.0
Merchant 9,ALL,1,Charge Offs,Outstanding Balance,-0.004154090609055085
Merchant 9,ALL,2,Charge Offs,Outstanding Balance,-0.007113223465309203
Merchant 9,ALL,3,Charge Offs,Outstanding Balance,-0.009603912992844296
Merchant 1,Exceptional (800-850),1,Recoveries / Debt Sale,Charge Offs,-0.07278751603249252
Merchant 1,Exceptional (800-850),2,Recoveries / Debt Sale,Charge Offs,-0.09033459721945054
Merchant 1,Exceptional (800-850),3,Recoveries / Debt Sale,Charge Offs,-0.10567856764487764
Merchant 1,Exceptional (800-850),4,Recoveries / Debt Sale,Charge Offs,-0.12008281573498965
Merchant 1,Exceptional (800-850),5,Recoveries / Debt Sale,Charge Offs,-0.13560582855642586
Merchant 1,Exceptional (800-850),6,Recoveries / Debt Sale,Charge Offs,-0.1525974025974026
Merchant 1,Exceptional (800-850),7,Recoveries / Debt Sale,Charge Offs,-0.16899849018621035
Merchant 1,Exceptional (800-850),8,Recoveries / Debt Sale,Charge Offs,-0.1759678806997419
Merchant 1,Exceptional (800-850),9,Recoveries / Debt Sale,Charge Offs,-0.18301403130059363
Merchant 1,Exceptional (800-850),10,Recoveries / Debt Sale,Charge Offs,-0.186674096481452
Merchant 1,Exceptional (800-850),11,Recoveries / Debt Sale,Charge Offs,-0.1783409597559545
Merchant 1,Exceptional (800-850),12,Recoveries / Debt Sale,Charge Offs,-0.18401937046004843
Merchant 1,Exceptional (800-850),13,Recoveries / Debt Sale,Charge Offs,-0.18653465346534653
Merchant 1,Fair (580-669),1,Recoveries / Debt Sale,Charge Offs,-0.07582558901317546
Merchant 1,Fair (580-669),2,Recoveries / Debt Sale,Charge Offs,-0.08967638701133887
Merchant 1,Fair (580-669),3,Recoveries / Debt Sale,Charge Offs,-0.10400691337497402
Merchant 1,Fair (580-669),4,Recoveries / Debt Sale,Charge Offs,-0.12302338580263608
Merchant 1,Fair (580-669),5,Recoveries / Debt Sale,Charge Offs,-0.1375647324392511
Merchant 1,Fair (580-669),6,Recoveries / Debt Sale,Charge Offs,-0.14753431699775185
Merchant 1,Fair (580-669),7,Recoveries / Debt Sale,Charge Offs,-0.16239388475696792
Merchant 1,Fair (580-669),8,Recoveries / Debt Sale,Charge Offs,-0.18243334827805524
Merchant 1,Fair (580-669),9,Recoveries / Debt Sale,Charge Offs,-0.17847655604560417
Merchant 1,Fair (580-669),10,Recoveries / Debt Sale,Charge Offs,-0.18549254875370352
Merchant 1,Fair (580-669),11,Recoveries / Debt Sale,Charge Offs,-0.18068467680192496
Merchant 1,Fair (580-669),12,Recoveries / Debt Sale,Charge Offs,-0.1859708075186391
Merchant 1,Fair (580-669),13,Recoveries / Debt Sale,Charge Offs,-0.17274325460521286
Merchant 1,Good (670-739),1,Recoveries / Debt Sale,Charge Offs,-0.07507117526597074
Merchant 1,Good (670-739),2,Recoveries / Debt Sale,Charge Offs,-0.08980910425844346
Merchant 1,Good (670-739),3,Recoveries / Debt Sale,Charge Offs,-0.10437611216266761
Merchant 1,Good (670-739),4,Recoveries / Debt Sale,Charge Offs,-0.11660465651490161
Merchant 1,Good (670-739),5,Recoveries / Debt Sale,Charge Offs,-0.13517684539227276
Merchant 1,Good (670-739),6,Recoveries / Debt Sale,Charge Offs,-0.14799073648420086
Merchant 1,Good (670-739),7,Recoveries / Debt Sale,Charge Offs,-0.1609616474219956
Merchant 1,Good (670-739),8,Recoveries / Debt Sale,Charge Offs,-0.17921211171082393
Merchant 1,Good (670-739),9,Recoveries / Debt Sale,Charge Offs,-0.17479096989966555
Merchant 1,Good (670-739),10,Recoveries / Debt Sale,Charge Offs,-0.18051681844147988
Merchant 1,Good (670-739),11,Recoveries / Debt Sale,Charge Offs,-0.1733584816692208
Merchant 1,Good (670-739),12,Recoveries / Debt Sale,Charge Offs,-0.18248121945882867
Merchant 1,Good (670-739),13,Recoveries / Debt Sale,Charge Offs,-0.18024053595931874
Merchant 1,Poor (300-579),1,Recoveries / Debt Sale,Charge Offs,-0.07445618396519578
Merchant 1,Poor (300-579),2,Recoveries / Debt Sale,Charge Offs,-0.09035244202304614
Merchant 1,Poor (300-579),3,Recoveries / Debt Sale,Charge Offs,-0.10344827586206896
Merchant 1,Poor (300-579),4,Recoveries / Debt Sale,Charge Offs,-0.11670553149637526
Merchant 1,Poor (300-579),5,Recoveries / Debt Sale,Charge Offs,-0.1361413005173313
Merchant 1,Poor (300-579),6,Recoveries / Debt Sale,Charge Offs,-0.14935825744261597
Merchant 1,Poor (300-579),7,Recoveries / Debt Sale,Charge Offs,-0.16733687285979076
Merchant 1,Poor (300-579),8,Recoveries / Debt Sale,Charge Offs,-0.17844385210973907
Merchant 1,Poor (300-579),9,Recoveries / Debt Sale,Charge Offs,-0.18428119200960594
Merchant 1,Poor (300-579),10,Recoveries / Debt Sale,Charge Offs,-0.18368323012636562
Merchant 1,Poor (300-579),11,Recoveries / Debt Sale,Charge Offs,-0.18437407517016868
Merchant 1,Poor (300-579),12,Recoveries / Debt Sale,Charge Offs,-0.1888050017694939
Merchant 1,Poor (300-579),13,Recoveries / Debt Sale,Charge Offs,-0.19169003313790467
Merchant 1,Very Good (740-799),1,Recoveries / Debt Sale,Charge Offs,-0.07419179457153612
Merchant 1,Very Good (740-799),2,Recoveries / Debt Sale,Charge Offs,-0.0894914909312915
Merchant 1,Very Good (740-799),3,Recoveries / Debt Sale,Charge Offs,-0.10490122033628811
Merchant 1,Very Good (740-799),4,Recoveries / Debt Sale,Charge Offs,-0.11969457609268036
Merchant 1,Very Good (740-799),5,Recoveries / Debt Sale,Charge Offs,-0.13477382746128938
Merchant 1,Very Good (740-799),6,Recoveries / Debt Sale,Charge Offs,-0.1498270271947379
Merchant 1,Very Good (740-799),7,Recoveries / Debt Sale,Charge Offs,-0.1630879911455451
Merchant 1,Very Good (740-799),8,Recoveries / Debt Sale,Charge Offs,-0.18373416084820274
Merchant 1,Very Good (740-799),9,Recoveries / Debt Sale,Charge Offs,-0.17680483908979025
Merchant 1,Very Good (740-799),10,Recoveries / Debt Sale,Charge Offs,-0.17414312216781727
Merchant 1,Very Good (740-799),11,Recoveries / Debt Sale,Charge Offs,-0.19007849580138736
Merchant 1,Very Good (740-799),12,Recoveries / Debt Sale,Charge Offs,-0.17243955446889433
Merchant 1,Very Good (740-799),13,Recoveries / Debt Sale,Charge Offs,-0.1835883171070932
Merchant 10,ALL,1,Recoveries / Debt Sale,Charge Offs,-0.07496315013687092
Merchant 2,Exceptional (800-850),1,Recoveries / Debt Sale,Charge Offs,-0.07366526694661067
Merchant 2,Exceptional (800-850),2,Recoveries / Debt Sale,Charge Offs,-0.08947718701471567
Merchant 2,Exceptional (800-850),3,Recoveries / Debt Sale,Charge Offs,-0.10398509346637014
Merchant 2,Exceptional (800-850),4,Recoveries / Debt Sale,Charge Offs,-0.12215193128632412
Merchant 2,Exceptional (800-850),5,Recoveries / Debt Sale,Charge Offs,-0.13359801488833747
Merchant 2,Exceptional (800-850),6,Recoveries / Debt Sale,Charge Offs,-0.15160234150213314
Merchant 2,Exceptional (800-850),7,Recoveries / Debt Sale,Charge Offs,-0.1597298166613059
Merchant 2,Exceptional (800-850),8,Recoveries / Debt Sale,Charge Offs,-0.18327089227005122
Merchant 2,Exceptional (800-850),9,Recoveries / Debt Sale,Charge Offs,-0.17787574328480624
Merchant 2,Exceptional (800-850),10,Recoveries / Debt Sale,Charge Offs,-0.18061867761325318
Merchant 2,Exceptional (800-850),11,Recoveries / Debt Sale,Charge Offs,-0.18595703751202308
Merchant 2,Fair (580-669),1,Recoveries / Debt Sale,Charge Offs,-0.07557213350429343
Merchant 2,Fair (580-669),2,Recoveries / Debt Sale,Charge Offs,-0.08970714317945941
Merchant 2,Fair (580-669),3,Recoveries / Debt Sale,Charge Offs,-0.10512386576407892
Merchant 2,Fair (580-669),4,Recoveries / Debt Sale,Charge Offs,-0.1199255344703339
Merchant 2,Fair (580-669),5,Recoveries / Debt Sale,Charge Offs,-0.1367937128316158
Merchant 2,Fair (580-669),6,Recoveries / Debt Sale,Charge Offs,-0.1485233707116687
Merchant 2,Fair (580-669),7,Recoveries / Debt Sale,Charge Offs,-0.16597052828549472
Merchant 2,Fair (580-669),8,Recoveries / Debt Sale,Charge Offs,-0.18777050929860273
Merchant 2,Fair (580-669),9,Recoveries / Debt Sale,Charge Offs,-0.17382424530677335
Merchant 2,Fair (580-669),10,Recoveries / Debt Sale,Charge Offs,-0.17535545023696683
Merchant 2,Fair (580-669),11,Recoveries / Debt Sale,Charge Offs,-0.1742862147486425
Merchant 2,Good (670-739),1,Recoveries / Debt Sale,Charge Offs,-0.07647961666604275
Merchant 2,Good (670-739),2,Recoveries / Debt Sale,Charge Offs,-0.09012054340200268
Merchant 2,Good (670-739),3,Recoveries / Debt Sale,Charge Offs,-0.10590061064066665
Merchant 2,Good (670-739),4,Recoveries / Debt Sale,Charge Offs,-0.12085538238492208
Merchant 2,Good (670-739),5,Recoveries / Debt Sale,Charge Offs,-0.1374505277044855
Merchant 2,Good (670-739),6,Recoveries / Debt Sale,Charge Offs,-0.1513516459559625
Merchant 2,Good (670-739),7,Recoveries / Debt Sale,Charge Offs,-0.16273435150218896
Merchant 2,Good (670-739),8,Recoveries / Debt Sale,Charge Offs,-0.18500292438940766
Merchant 2,Good (670-739),9,Recoveries / Debt Sale,Charge Offs,-0.18257532243747063
Merchant 2,Good (670-739),10,Recoveries / Debt Sale,Charge Offs,-0.17104908565928778
Merchant 2,Good (670-739),11,Recoveries / Debt Sale,Charge Offs,-0.19113871635610766
Merchant 2,Poor (300-579),1,Recoveries / Debt Sale,Charge Offs,-0.07650273224043716
Merchant 2,Poor (300-579),2,Recoveries / Debt Sale,Charge Offs,-0.08998239652843165
Merchant 2,Poor (300-579),3,Recoveries / Debt Sale,Charge Offs,-0.10442034500253679
Merchant 2,Poor (300-579),4,Recoveries / Debt Sale,Charge Offs,-0.1207438807602899
Merchant 2,Poor (300-579),5,Recoveries / Debt Sale,Charge Offs,-0.1370079543136855
Merchant 2,Poor (300-579),6,Recoveries / Debt Sale,Charge Offs,-0.15147029305499798
Merchant 2,Poor (300-579),7,Recoveries / Debt Sale,Charge Offs,-0.16878713410271565
Merchant 2,Poor (300-579),8,Recoveries / Debt Sale,Charge Offs,-0.1822778363828162
Merchant 2,Poor (300-579),9,Recoveries / Debt Sale,Charge Offs,-0.18272665829873516
Merchant 2,Poor (300-579),10,Recoveries / Debt Sale,Charge Offs,-0.1808713993803968
Merchant 2,Poor (300-579),11,Recoveries / Debt Sale,Charge Offs,-0.18758414360508602
Merchant 2,Very Good (740-799),1,Recoveries / Debt Sale,Charge Offs,-0.07375441349548843
Merchant 2,Very Good (740-799),2,Recoveries / Debt Sale,Charge Offs,-0.0912863070539419
Merchant 2,Very Good (740-799),3,Recoveries / Debt Sale,Charge Offs,-0.10174145530746441
Merchant 2,Very Good (740-799),4,Recoveries / Debt Sale,Charge Offs,-0.11766190075693861
Merchant 2,Very Good (740-799),5,Recoveries / Debt Sale,Charge Offs,-0.13344894337796417
Merchant 2,Very Good (740-799),6,Recoveries / Debt Sale,Charge Offs,-0.14538746851260487
Merchant 2,Very Good (740-799),7,Recoveries / Debt Sale,Charge Offs,-0.1649780843572609
Merchant 2,Very Good (740-799),8,Recoveries / Debt Sale,Charge Offs,-0.1794027745121091
Merchant 2,Very Good (740-799),9,Recoveries / Debt Sale,Charge Offs,-0.17969037965352008
Merchant 2,Very Good (740-799),10,Recoveries / Debt Sale,Charge Offs,-0.18735904375281912
Merchant 2,Very Good (740-799),11,Recoveries / Debt Sale,Charge Offs,-0.1896153846153846
Merchant 3,Exceptional (800-850),1,Recoveries / Debt Sale,Charge Offs,-0.07447165380744716
Merchant 3,Exceptional (800-850),2,Recoveries / Debt Sale,Charge Offs,-0.09124166128685174
Merchant 3,Exceptional (800-850),3,Recoveries / Debt Sale,Charge Offs,-0.10192889561270801
Merchant 3,Exceptional (800-850),4,Recoveries / Debt Sale,Charge Offs,-0.11947218259629101
Merchant 3,Exceptional (800-850),5,Recoveries / Debt Sale,Charge Offs,-0.1330166270783848
Merchant 3,Exceptional (800-850),6,Recoveries / Debt Sale,Charge Offs,-0.1519152101152845
Merchant 3,Exceptional (800-850),7,Recoveries / Debt Sale,Charge Offs,-0.1681251657385309
Merchant 3,Exceptional (800-850),8,Recoveries / Debt Sale,Charge Offs,-0.18162020905923346
Merchant 3,Exceptional (800-850),9,Recoveries / Debt Sale,Charge Offs,-0.19241443108233117
Merchant 3,Fair (580-669),1,Recoveries / Debt Sale,Charge Offs,-0.07459463703820031
Merchant 3,Fair (580-669),2,Recoveries / Debt Sale,Charge Offs,-0.08859091978358033
Merchant 3,Fair (580-669),3,Recoveries / Debt Sale,Charge Offs,-0.10816382093267474
Merchant 3,Fair (580-669),4,Recoveries / Debt Sale,Charge Offs,-0.11931779574641571
Merchant 3,Fair (580-669),5,Recoveries / Debt Sale,Charge Offs,-0.13045889614455675
Merchant 3,Fair (580-669),6,Recoveries / Debt Sale,Charge Offs,-0.15181449516481232
Merchant 3,Fair (580-669),7,Recoveries / Debt Sale,Charge Offs,-0.16265699857568303
Merchant 3,Fair (580-669),8,Recoveries / Debt Sale,Charge Offs,-0.17004895767530007
Merchant 3,Fair (580-669),9,Recoveries / Debt Sale,Charge Offs,-0.19048507462686567
Merchant 3,Good (670-739),1,Recoveries / Debt Sale,Charge Offs,-0.07549201997454225
Merchant 3,Good (670-739),2,Recoveries / Debt Sale,Charge Offs,-0.08967448583215393
Merchant 3,Good (670-739),3,Recoveries / Debt Sale,Charge Offs,-0.1050617858435448
Merchant 3,Good (670-739),4,Recoveries / Debt Sale,Charge Offs,-0.12222863075325874
Merchant 3,Good (670-739),5,Recoveries / Debt Sale,Charge Offs,-0.1330087019252446
Merchant 3,Good (670-739),6,Recoveries / Debt Sale,Charge Offs,-0.1506405642723478
Merchant 3,Good (670-739),7,Recoveries / Debt Sale,Charge Offs,-0.16339649311749066
Merchant 3,Good (670-739),8,Recoveries / Debt Sale,Charge Offs,-0.18150353743574082
Merchant 3,Good (670-739),9,Recoveries / Debt Sale,Charge Offs,-0.16775854000935891
Merchant 3,Poor (300-579),1,Recoveries / Debt Sale,Charge Offs,-0.07314211212516297
Merchant 3,Poor (300-579),2,Recoveries / Debt Sale,Charge Offs,-0.09031275623755418
Merchant 3,Poor (300-579),3,Recoveries / Debt Sale,Charge Offs,-0.10346565847511027
Merchant 3,Poor (300-579),4,Recoveries / Debt Sale,Charge Offs,-0.12278509768287142
Merchant 3,Poor (300-579),5,Recoveries / Debt Sale,Charge Offs,-0.1353921286986498
Merchant 3,Poor (300-579),6,Recoveries / Debt Sale,Charge Offs,-0.14867962725892406
Merchant 3,Poor (300-579),7,Recoveries / Debt Sale,Charge Offs,-0.1688165778961385
Merchant 3,Poor (300-579),8,Recoveries / Debt Sale,Charge Offs,-0.18733833419555096
Merchant 3,Poor (300-579),9,Recoveries / Debt Sale,Charge Offs,-0.1928858461080518
Merchant 3,Very Good (740-799),1,Recoveries / Debt Sale,Charge Offs,-0.07397899649941657
Merchant 3,Very Good (740-799),2,Recoveries / Debt Sale,Charge Offs,-0.08835191142365527
Merchant 3,Very Good (740-799),3,Recoveries / Debt Sale,Charge Offs,-0.10199584461373797
Merchant 3,Very Good (740-799),4,Recoveries / Debt Sale,Charge Offs,-0.12101335900830425
Merchant 3,Very Good (740-799),5,Recoveries / Debt Sale,Charge Offs,-0.1397903145282077
Merchant 3,Very Good (740-799),6,Recoveries / Debt Sale,Charge Offs,-0.15014330380406463
Merchant 3,Very Good (740-799),7,Recoveries / Debt Sale,Charge Offs,-0.16532370102806335
Merchant 3,Very Good (740-799),8,Recoveries / Debt Sale,Charge Offs,-0.18280503690838038
Merchant 3,Very Good (740-799),9,Recoveries / Debt Sale,Charge Offs,-0.19078742608154373
Merchant 4,Exceptional (800-850),1,Recoveries / Debt Sale,Charge Offs,-0.07340846786475784
Merchant 4,Exceptional (800-850),2,Recoveries / Debt Sale,Charge Offs,-0.09042325780247969
Merchant 4,Exceptional (800-850),3,Recoveries / Debt Sale,Charge Offs,-0.10421032577633835
Merchant 4,Exceptional (800-850),4,Recoveries / Debt Sale,Charge Offs,-0.12121212121212122
Merchant 4,Exceptional (800-850),5,Recoveries / Debt Sale,Charge Offs,-0.13532338308457711
Merchant 4,Exceptional (800-850),6,Recoveries / Debt Sale,Charge Offs,-0.14927344782034346
Merchant 4,Exceptional (800-850),7,Recoveries / Debt Sale,Charge Offs,-0.1621319418561312
Merchant 4,Exceptional (800-850),8,Recoveries / Debt Sale,Charge Offs,-0.1921921921921922
Merchant 4,Fair (580-669),1,Recoveries / Debt Sale,Charge Offs,-0.0751112850364428
Merchant 4,Fair (580-669),2,Recoveries / Debt Sale,Charge Offs,-0.09049259011079772
Merchant 4,Fair (580-669),3,Recoveries / Debt Sale,Charge Offs,-0.10636339019767127
Merchant 4,Fair (580-669),4,Recoveries / Debt Sale,Charge Offs,-0.11830270581318256
Merchant 4,Fair (580-669),5,Recoveries / Debt Sale,Charge Offs,-0.13044510072777132
Merchant 4,Fair (580-669),6,Recoveries / Debt Sale,Charge Offs,-0.1444549978026963
Merchant 4,Fair (580-669),7,Recoveries / Debt Sale,Charge Offs,-0.15846955697701967
Merchant 4,Fair (580-669),8,Recoveries / Debt Sale,Charge Offs,-0.17331839611632358
Merchant 4,Good (670-739),1,Recoveries / Debt Sale,Charge Offs,-0.07435254803675856
Merchant 4,Good (670-739),2,Recoveries / Debt Sale,Charge Offs,-0.08857515204170287
Merchant 4,Good (670-739),3,Recoveries / Debt Sale,Charge Offs,-0.10395878421082871
Merchant 4,Good (670-739),4,Recoveries / Debt Sale,Charge Offs,-0.12347572241519474
Merchant 4,Good (670-739),5,Recoveries / Debt Sale,Charge Offs,-0.12988166798986805
Merchant 4,Good (670-739),6,Recoveries / Debt Sale,Charge Offs,-0.1523242412600845
Merchant 4,Good (670-739),7,Recoveries / Debt Sale,Charge Offs,-0.16138695682115556
Merchant 4,Good (670-739),8,Recoveries / Debt Sale,Charge Offs,-0.17129972403580804
Merchant 4,Poor (300-579),1,Recoveries / Debt Sale,Charge Offs,-0.07444694089180781
Merchant 4,Poor (300-579),2,Recoveries / Debt Sale,Charge Offs,-0.09118204804045513
Merchant 4,Poor (300-579),3,Recoveries / Debt Sale,Charge Offs,-0.10957508394118329
Merchant 4,Poor (300-579),4,Recoveries / Debt Sale,Charge Offs,-0.11868385021624324
Merchant 4,Poor (300-579),5,Recoveries / Debt Sale,Charge Offs,-0.1403362292677423
Merchant 4,Poor (300-579),6,Recoveries / Debt Sale,Charge Offs,-0.14933015186538415
Merchant 4,Poor (300-579),7,Recoveries / Debt Sale,Charge Offs,-0.16487702094898496
Merchant 4,Poor (300-579),8,Recoveries / Debt Sale,Charge Offs,-0.17658544204935958
Merchant 4,Very Good (740-799),1,Recoveries / Debt Sale,Charge Offs,-0.07520363705247206
Merchant 4,Very Good (740-799),2,Recoveries / Debt Sale,Charge Offs,-0.08885108610311437
Merchant 4,Very Good (740-799),3,Recoveries / Debt Sale,Charge Offs,-0.10443482330915048
Merchant 4,Very Good (740-799),4,Recoveries / Debt Sale,Charge Offs,-0.12157487232991049
Merchant 4,Very Good (740-799),5,Recoveries / Debt Sale,Charge Offs,-0.13597550203168246
Merchant 4,Very Good (740-799),6,Recoveries / Debt Sale,Charge Offs,-0.14759665621734588
Merchant 4,Very Good (740-799),7,Recoveries / Debt Sale,Charge Offs,-0.16407907963811014
Merchant 4,Very Good (740-799),8,Recoveries / Debt Sale,Charge Offs,-0.17872245715557533
Merchant 5,Exceptional (800-850),1,Recoveries / Debt Sale,Charge Offs,-0.07692307692307693
Merchant 5,Exceptional (800-850),2,Recoveries / Debt Sale,Charge Offs,-0.09283980582524272
Merchant 5,Exceptional (800-850),3,Recoveries / Debt Sale,Charge Offs,-0.10686164229471316
Merchant 5,Exceptional (800-850),4,Recoveries / Debt Sale,Charge Offs,-0.12526427061310783
Merchant 5,Exceptional (800-850),5,Recoveries / Debt Sale,Charge Offs,-0.14157168566286743
Merchant 5,Exceptional (800-850),6,Recoveries / Debt Sale,Charge Offs,-0.14802896218825423
Merchant 5,Exceptional (800-850),7,Recoveries / Debt Sale,Charge Offs,-0.16061185468451242
Merchant 5,Fair (580-669),1,Recoveries / Debt Sale,Charge Offs,-0.07677853522111519
Merchant 5,Fair (580-669),2,Recoveries / Debt Sale,Charge Offs,-0.09268292682926829
Merchant 5,Fair (580-669),3,Recoveries / Debt Sale,Charge Offs,-0.10819025907720073
Merchant 5,Fair (580-669),4,Recoveries / Debt Sale,Charge Offs,-0.12455659083384572
Merchant 5,Fair (580-669),5,Recoveries / Debt Sale,Charge Offs,-0.13037880153477713
Merchant 5,Fair (580-669),6,Recoveries / Debt Sale,Charge Offs,-0.14430800480103406
Merchant 5,Fair (580-669),7,Recoveries / Debt Sale,Charge Offs,-0.15473061760840998
Merchant 5,Good (670-739),1,Recoveries / Debt Sale,Charge Offs,-0.0749960611312431
Merchant 5,Good (670-739),2,Recoveries / Debt Sale,Charge Offs,-0.08830352080004124
Merchant 5,Good (670-739),3,Recoveries / Debt Sale,Charge Offs,-0.10607450908423564
Merchant 5,Good (670-739),4,Recoveries / Debt Sale,Charge Offs,-0.12266204629259407
Merchant 5,Good (670-739),5,Recoveries / Debt Sale,Charge Offs,-0.13173345759552657
Merchant 5,Good (670-739),6,Recoveries / Debt Sale,Charge Offs,-0.14886134332660708
Merchant 5,Good (670-739),7,Recoveries / Debt Sale,Charge Offs,-0.15600955160520033
Merchant 5,Poor (300-579),1,Recoveries / Debt Sale,Charge Offs,-0.07497173544375353
Merchant 5,Poor (300-579),2,Recoveries / Debt Sale,Charge Offs,-0.09407744874715263
Merchant 5,Poor (300-579),3,Recoveries / Debt Sale,Charge Offs,-0.10419876733436055
Merchant 5,Poor (300-579),4,Recoveries / Debt Sale,Charge Offs,-0.11975313231958955
Merchant 5,Poor (300-579),5,Recoveries / Debt Sale,Charge Offs,-0.12913553895410887
Merchant 5,Poor (300-579),6,Recoveries / Debt Sale,Charge Offs,-0.13898385565052232
Merchant 5,Poor (300-579),7,Recoveries / Debt Sale,Charge Offs,-0.15542244640605296
Merchant 5,Very Good (740-799),1,Recoveries / Debt Sale,Charge Offs,-0.07495612935572825
Merchant 5,Very Good (740-799),2,Recoveries / Debt Sale,Charge Offs,-0.09116525774904691
Merchant 5,Very Good (740-799),3,Recoveries / Debt Sale,Charge Offs,-0.10875813038874603
Merchant 5,Very Good (740-799),4,Recoveries / Debt Sale,Charge Offs,-0.1184876451324799
Merchant 5,Very Good (740-799),5,Recoveries / Debt Sale,Charge Offs,-0.13074616922051965
Merchant 5,Very Good (740-799),6,Recoveries / Debt Sale,Charge Offs,-0.15516870836019772
Merchant 5,Very Good (740-799),7,Recoveries / Debt Sale,Charge Offs,-0.15884115884115885
Merchant 6,Exceptional (800-850),1,Recoveries / Debt Sale,Charge Offs,-0.07642725598526703
Merchant 6,Exceptional (800-850),2,Recoveries / Debt Sale,Charge Offs,-0.092151503319016
Merchant 6,Exceptional (800-850),3,Recoveries / Debt Sale,Charge Offs,-0.10570662581386442
Merchant 6,Exceptional (800-850),4,Recoveries / Debt Sale,Charge Offs,-0.11811328049487725
Merchant 6,Exceptional (800-850),5,Recoveries / Debt Sale,Charge Offs,-0.13316645807259073
Merchant 6,Exceptional (800-850),6,Recoveries / Debt Sale,Charge Offs,-0.14569058781103497
Merchant 6,Fair (580-669),1,Recoveries / Debt Sale,Charge Offs,-0.07521367521367521
Merchant 6,Fair (580-669),2,Recoveries / Debt Sale,Charge Offs,-0.09232014641700689
Merchant 6,Fair (580-669),3,Recoveries / Debt Sale,Charge Offs,-0.10922361874836345
Merchant 6,Fair (580-669),4,Recoveries / Debt Sale,Charge Offs,-0.11682644400920868
Merchant 6,Fair (580-669),5,Recoveries / Debt Sale,Charge Offs,-0.13069970964707806
Merchant 6,Fair (580-669),6,Recoveries / Debt Sale,Charge Offs,-0.15841523341523342
Merchant 6,Good (670-739),1,Recoveries / Debt Sale,Charge Offs,-0.07650725006359704
Merchant 6,Good (670-739),2,Recoveries / Debt Sale,Charge Offs,-0.09146628948609146
Merchant 6,Good (670-739),3,Recoveries / Debt Sale,Charge Offs,-0.10493408124620386
Merchant 6,Good (670-739),4,Recoveries / Debt Sale,Charge Offs,-0.11927887889322963
Merchant 6,Good (670-739),5,Recoveries / Debt Sale,Charge Offs,-0.13137080544765292
Merchant 6,Good (670-739),6,Recoveries / Debt Sale,Charge Offs,-0.1541966585220894
Merchant 6,Poor (300-579),1,Recoveries / Debt Sale,Charge Offs,-0.07198655196282014
Merchant 6,Poor (300-579),2,Recoveries / Debt Sale,Charge Offs,-0.09182244413322779
Merchant 6,Poor (300-579),3,Recoveries / Debt Sale,Charge Offs,-0.10375956404469643
Merchant 6,Poor (300-579),4,Recoveries / Debt Sale,Charge Offs,-0.11847211442510257
Merchant 6,Poor (300-579),5,Recoveries / Debt Sale,Charge Offs,-0.13476232334843466
Merchant 6,Poor (300-579),6,Recoveries / Debt Sale,Charge Offs,-0.14889439966935317
Merchant 6,Very Good (740-799),1,Recoveries / Debt Sale,Charge Offs,-0.07564554658173131
Merchant 6,Very Good (740-799),2,Recoveries / Debt Sale,Charge Offs,-0.08920462868024022
Merchant 6,Very Good (740-799),3,Recoveries / Debt Sale,Charge Offs,-0.09918623265741729
Merchant 6,Very Good (740-799),4,Recoveries / Debt Sale,Charge Offs,-0.11942379182156133
Merchant 6,Very Good (740-799),5,Recoveries / Debt Sale,Charge Offs,-0.13652737752161384
Merchant 6,Very Good (740-799),6,Recoveries / Debt Sale,Charge Offs,-0.14926671638081035
Merchant 7,Exceptional (800-850),1,Recoveries / Debt Sale,Charge Offs,-0.07247689798876608
Merchant 7,Exceptional (800-850),2,Recoveries / Debt Sale,Charge Offs,-0.0874154904519037
Merchant 7,Exceptional (800-850),3,Recoveries / Debt Sale,Charge Offs,-0.1071111674483458
Merchant 7,Exceptional (800-850),4,Recoveries / Debt Sale,Charge Offs,-0.11764705882352941
Merchant 7,Exceptional (800-850),5,Recoveries / Debt Sale,Charge Offs,-0.130395412013281
Merchant 7,Fair (580-669),1,Recoveries / Debt Sale,Charge Offs,-0.0719575016097875
Merchant 7,Fair (580-669),2,Recoveries / Debt Sale,Charge Offs,-0.08822484906904773
Merchant 7,Fair (580-669),3,Recoveries / Debt Sale,Charge Offs,-0.10687103594080338
Merchant 7,Fair (580-669),4,Recoveries / Debt Sale,Charge Offs,-0.11938975754890169
Merchant 7,Fair (580-669),5,Recoveries / Debt Sale,Charge Offs,-0.1318265119120342
Merchant 7,Good (670-739),1,Recoveries / Debt Sale,Charge Offs,-0.07262240283148719
Merchant 7,Good (670-739),2,Recoveries / Debt Sale,Charge Offs,-0.09124782995299996
Merchant 7,Good (670-739),3,Recoveries / Debt Sale,Charge Offs,-0.10507025045815516
Merchant 7,Good (670-739),4,Recoveries / Debt Sale,Charge Offs,-0.12275223430601917
Merchant 7,Good (670-739),5,Recoveries / Debt Sale,Charge Offs,-0.1442355026090381
Merchant 7,Poor (300-579),1,Recoveries / Debt Sale,Charge Offs,-0.07562394445486958
Merchant 7,Poor (300-579),2,Recoveries / Debt Sale,Charge Offs,-0.09057883264713006
Merchant 7,Poor (300-579),3,Recoveries / Debt Sale,Charge Offs,-0.10744297719087635
Merchant 7,Poor (300-579),4,Recoveries / Debt Sale,Charge Offs,-0.12839059674502712
Merchant 7,Poor (300-579),5,Recoveries / Debt Sale,Charge Offs,-0.13705715024566847
Merchant 7,Very Good (740-799),1,Recoveries / Debt Sale,Charge Offs,-0.07390545564913878
Merchant 7,Very Good (740-799),2,Recoveries / Debt Sale,Charge Offs,-0.09074157079535833
Merchant 7,Very Good (740-799),3,Recoveries / Debt Sale,Charge Offs,-0.1031652388036731
Merchant 7,Very Good (740-799),4,Recoveries / Debt Sale,Charge Offs,-0.11583940602227416
Merchant 7,Very Good (740-799),5,Recoveries / Debt Sale,Charge Offs,-0.1309599491417673
Merchant 8,Exceptional (800-850),1,Recoveries / Debt Sale,Charge Offs,-0.07605633802816901
Merchant 8,Exceptional (800-850),2,Recoveries / Debt Sale,Charge Offs,-0.09070294784580499
Merchant 8,Exceptional (800-850),3,Recoveries / Debt Sale,Charge Offs,-0.10385756676557864
Merchant 8,Exceptional (800-850),4,Recoveries / Debt Sale,Charge Offs,-0.11214953271028037
Merchant 8,Fair (580-669),1,Recoveries / Debt Sale,Charge Offs,-0.07761828814460393
Merchant 8,Fair (580-669),2,Recoveries / Debt Sale,Charge Offs,-0.08886316872427984
Merchant 8,Fair (580-669),3,Recoveries / Debt Sale,Charge Offs,-0.10539136083143878
Merchant 8,Fair (580-669),4,Recoveries / Debt Sale,Charge Offs,-0.1201171875
Merchant 8,Good (670-739),1,Recoveries / Debt Sale,Charge Offs,-0.07506561679790026
Merchant 8,Good (670-739),2,Recoveries / Debt Sale,Charge Offs,-0.08833499501495513
Merchant 8,Good (670-739),3,Recoveries / Debt Sale,Charge Offs,-0.10559796437659033
Merchant 8,Good (670-739),4,Recoveries / Debt Sale,Charge Offs,-0.125
Merchant 8,Poor (300-579),1,Recoveries / Debt Sale,Charge Offs,-0.0766531713900135
Merchant 8,Poor (300-579),2,Recoveries / Debt Sale,Charge Offs,-0.08519827247742442
Merchant 8,Poor (300-579),3,Recoveries / Debt Sale,Charge Offs,-0.102676399026764
Merchant 8,Poor (300-579),4,Recoveries / Debt Sale,Charge Offs,-0.12486388384754991
Merchant 8,Very Good (740-799),1,Recoveries / Debt Sale,Charge Offs,-0.07612456747404844
Merchant 8,Very Good (740-799),2,Recoveries / Debt Sale,Charge Offs,-0.08949152542372882
Merchant 8,Very Good (740-799),3,Recoveries / Debt Sale,Charge Offs,-0.1072340425531915
Merchant 8,Very Good (740-799),4,Recoveries / Debt Sale,Charge Offs,-0.12253521126760564
Merchant 9,ALL,1,Recoveries / Debt Sale,Charge Offs,-0.0738542376179819
Merchant 9,ALL,2,Recoveries / Debt Sale,Charge Offs,-0.08853247794707297
Merchant 9,ALL,3,Recoveries / Debt Sale,Charge Offs,-0.10495823228240367
Merchant 1,Exceptional (800-850),0,3rd Party Fraud,Net Transaction Volume,-0.000495870163144595
Merchant 1,Exceptional (800-850),1,3rd Party Fraud,Net Transaction Volume,-0.0005072562523572124
Merchant 1,Exceptional (800-850),2,3rd Party Fraud,Net Transaction Volume,-0.0004961168946231796
Merchant 1,Exceptional (800-850),3,3rd Party Fraud,Net Transaction Volume,-0.0004855270409508063
Merchant 1,Exceptional (800-850),4,3rd Party Fraud,Net Transaction Volume,-0.0005028308329478113
Merchant 1,Exceptional (800-850),5,3rd Party Fraud,Net Transaction Volume,-0.0004955818230928525
Merchant 1,Exceptional (800-850),6,3rd Party Fraud,Net Transaction Volume,-0.0005041813889280836
Merchant 1,Exceptional (800-850),7,3rd Party Fraud,Net Transaction Volume,-0.0005092294568044674
Merchant 1,Exceptional (800-850),8,3rd Party Fraud,Net Transaction Volume,-0.0005243925892685429
Merchant 1,Exceptional (800-850),9,3rd Party Fraud,Net Transaction Volume,-0.0005061558418820084
Merchant 1,Exceptional (800-850),10,3rd Party Fraud,Net Transaction Volume,-0.000514864533133503
Merchant 1,Exceptional (800-850),11,3rd Party Fraud,Net Transaction Volume,-0.0005021805839464979
Merchant 1,Exceptional (800-850),12,3rd Party Fraud,Net Transaction Volume,-0.0004717507815989281
Merchant 1,Exceptional (800-850),13,3rd Party Fraud,Net Transaction Volume,-0.0005207642926127218
Merchant 1,Fair (580-669),0,3rd Party Fraud,Net Transaction Volume,-0.0008885475586022069
Merchant 1,Fair (580-669),1,3rd Party Fraud,Net Transaction Volume,-0.0009048941047805329
Merchant 1,Fair (580-669),2,3rd Party Fraud,Net Transaction Volume,-0.000896698374571015
Merchant 1,Fair (580-669),3,3rd Party Fraud,Net Transaction Volume,-0.0009067437142681503
Merchant 1,Fair (580-669),4,3rd Party Fraud,Net Transaction Volume,-0.0009043208573391626
Merchant 1,Fair (580-669),5,3rd Party Fraud,Net Transaction Volume,-0.000897453356938581
Merchant 1,Fair (580-669),6,3rd Party Fraud,Net Transaction Volume,-0.0009052433576299083
Merchant 1,Fair (580-669),7,3rd Party Fraud,Net Transaction Volume,-0.0009212842920708089
Merchant 1,Fair (580-669),8,3rd Party Fraud,Net Transaction Volume,-0.000914002135812551
Merchant 1,Fair (580-669),9,3rd Party Fraud,Net Transaction Volume,-0.0009122412107928797
Merchant 1,Fair (580-669),10,3rd Party Fraud,Net Transaction Volume,-0.0009127356478717052
Merchant 1,Fair (580-669),11,3rd Party Fraud,Net Transaction Volume,-0.0008910467474003386
Merchant 1,Fair (580-669),12,3rd Party Fraud,Net Transaction Volume,-0.0008623477417268513
Merchant 1,Fair (580-669),13,3rd Party Fraud,Net Transaction Volume,-0.0008839779005524862
Merchant 1,Good (670-739),0,3rd Party Fraud,Net Transaction Volume,-0.0007175648203692595
Merchant 1,Good (670-739),1,3rd Party Fraud,Net Transaction Volume,-0.00069151989073235
Merchant 1,Good (670-739),2,3rd Party Fraud,Net Transaction Volume,-0.000706946351005681
Merchant 1,Good (670-739),3,3rd Party Fraud,Net Transaction Volume,-0.0006912647355478932
Merchant 1,Good (670-739),4,3rd Party Fraud,Net Transaction Volume,-0.0007121383229426112
Merchant 1,Good (670-739),5,3rd Party Fraud,Net Transaction Volume,-0.000714486212944364
Merchant 1,Good (670-739),6,3rd Party Fraud,Net Transaction Volume,-0.0006988307412873198
Merchant 1,Good (670-739),7,3rd Party Fraud,Net Transaction Volume,-0.0007235545516951217
Merchant 1,Good (670-739),8,3rd Party Fraud,Net Transaction Volume,-0.0006944563521322382
Merchant 1,Good (670-739),9,3rd Party Fraud,Net Transaction Volume,-0.0006917525110830317
Merchant 1,Good (670-739),10,3rd Party Fraud,Net Transaction Volume,-0.0007143112071910388
Merchant 1,Good (670-739),11,3rd Party Fraud,Net Transaction Volume,-0.0007057003079135342
Merchant 1,Good (670-739),12,3rd Party Fraud,Net Transaction Volume,-0.0007376169299187241
Merchant 1,Good (670-739),13,3rd Party Fraud,Net Transaction Volume,-0.0007181162547001171
Merchant 1,Poor (300-579),0,3rd Party Fraud,Net Transaction Volume,-0.001210786547191144
Merchant 1,Poor (300-579),1,3rd Party Fraud,Net Transaction Volume,-0.0012006978750098015
Merchant 1,Poor (300-579),2,3rd Party Fraud,Net Transaction Volume,-0.001195124582029986
Merchant 1,Poor (300-579),3,3rd Party Fraud,Net Transaction Volume,-0.0012053068916235597
Merchant 1,Poor (300-579),4,3rd Party Fraud,Net Transaction Volume,-0.0012137986708760397
Merchant 1,Poor (300-579),5,3rd Party Fraud,Net Transaction Volume,-0.001184744480363161
Merchant 1,Poor (300-579),6,3rd Party Fraud,Net Transaction Volume,-0.0012072786655779773
Merchant 1,Poor (300-579),7,3rd Party Fraud,Net Transaction Volume,-0.0012171684817424728
Merchant 1,Poor (300-579),8,3rd Party Fraud,Net Transaction Volume,-0.001171374534805686
Merchant 1,Poor (300-579),9,3rd Party Fraud,Net Transaction Volume,-0.0011510182084151365
Merchant 1,Poor (300-579),10,3rd Party Fraud,Net Transaction Volume,-0.0012207719034651142
Merchant 1,Poor (300-579),11,3rd Party Fraud,Net Transaction Volume,-0.001165821868211441
Merchant 1,Poor (300-579),12,3rd Party Fraud,Net Transaction Volume,-0.0011794191360754828
Merchant 1,Poor (300-579),13,3rd Party Fraud,Net Transaction Volume,-0.0012338062924120913
Merchant 1,Very Good (740-799),0,3rd Party Fraud,Net Transaction Volume,-0.0006031271134207348
Merchant 1,Very Good (740-799),1,3rd Party Fraud,Net Transaction Volume,-0.0005967021281315955
Merchant 1,Very Good (740-799),2,3rd Party Fraud,Net Transaction Volume,-0.0006069976337243825
Merchant 1,Very Good (740-799),3,3rd Party Fraud,Net Transaction Volume,-0.0005861646872631159
Merchant 1,Very Good (740-799),4,3rd Party Fraud,Net Transaction Volume,-0.0005889573633797864
Merchant 1,Very Good (740-799),5,3rd Party Fraud,Net Transaction Volume,-0.0006004192144070845
Merchant 1,Very Good (740-799),6,3rd Party Fraud,Net Transaction Volume,-0.0005857570848648812
Merchant 1,Very Good (740-799),7,3rd Party Fraud,Net Transaction Volume,-0.0006035296473213008
Merchant 1,Very Good (740-799),8,3rd Party Fraud,Net Transaction Volume,-0.0005970904959494172
Merchant 1,Very Good (740-799),9,3rd Party Fraud,Net Transaction Volume,-0.0006133418919840991
Merchant 1,Very Good (740-799),10,3rd Party Fraud,Net Transaction Volume,-0.0005908665938445363
Merchant 1,Very Good (740-799),11,3rd Party Fraud,Net Transaction Volume,-0.0006155549612697698
Merchant 1,Very Good (740-799),12,3rd Party Fraud,Net Transaction Volume,-0.0005805898866163549
Merchant 1,Very Good (740-799),13,3rd Party Fraud,Net Transaction Volume,-0.0005779418847327019
Merchant 10,ALL,0,3rd Party Fraud,Net Transaction Volume,-0.0006774830965278992
Merchant 10,ALL,1,3rd Party Fraud,Net Transaction Volume,-0.0006912225494546873
Merchant 2,Exceptional (800-850),0,3rd Party Fraud,Net Transaction Volume,-0.0004992113167049604
Merchant 2,Exceptional (800-850),1,3rd Party Fraud,Net Transaction Volume,-0.0005003164423442049
Merchant 2,Exceptional (800-850),2,3rd Party Fraud,Net Transaction Volume,-0.000500941519490972
Merchant 2,Exceptional (800-850),3,3rd Party Fraud,Net Transaction Volume,-0.0004839782325791035
Merchant 2,Exceptional (800-850),4,3rd Party Fraud,Net Transaction Volume,-0.0004975368280084178
Merchant 2,Exceptional (800-850),5,3rd Party Fraud,Net Transaction Volume,-0.0004933352521091543
Merchant 2,Exceptional (800-850),6,3rd Party Fraud,Net Transaction Volume,-0.0005094133136308337
Merchant 2,Exceptional (800-850),7,3rd Party Fraud,Net Transaction Volume,-0.0005037395119423123
Merchant 2,Exceptional (800-850),8,3rd Party Fraud,Net Transaction Volume,-0.000510329115151254
Merchant 2,Exceptional (800-850),9,3rd Party Fraud,Net Transaction Volume,-0.0004967546922229773
Merchant 2,Exceptional (800-850),10,3rd Party Fraud,Net Transaction Volume,-0.0005101409239870478
Merchant 2,Exceptional (800-850),11,3rd Party Fraud,Net Transaction Volume,-0.00046752676967794124
Merchant 2,Fair (580-669),0,3rd Party Fraud,Net Transaction Volume,-0.0008962241050002449
Merchant 2,Fair (580-669),1,3rd Party Fraud,Net Transaction Volume,-0.0009026816893984318
Merchant 2,Fair (580-669),2,3rd Party Fraud,Net Transaction Volume,-0.0009070391751597653
Merchant 2,Fair (580-669),3,3rd Party Fraud,Net Transaction Volume,-0.0009120261892216106
Merchant 2,Fair (580-669),4,3rd Party Fraud,Net Transaction Volume,-0.0009120256313790216
Merchant 2,Fair (580-669),5,3rd Party Fraud,Net Transaction Volume,-0.0009188819885312474
Merchant 2,Fair (580-669),6,3rd Party Fraud,Net Transaction Volume,-0.0008822839998124795
Merchant 2,Fair (580-669),7,3rd Party Fraud,Net Transaction Volume,-0.0008999539393653081
Merchant 2,Fair (580-669),8,3rd Party Fraud,Net Transaction Volume,-0.0009008745930003359
Merchant 2,Fair (580-669),9,3rd Party Fraud,Net Transaction Volume,-0.0008914014694361515
Merchant 2,Fair (580-669),10,3rd Party Fraud,Net Transaction Volume,-0.0009366735233617396
Merchant 2,Fair (580-669),11,3rd Party Fraud,Net Transaction Volume,-0.0009463487332339791
Merchant 2,Good (670-739),0,3rd Party Fraud,Net Transaction Volume,-0.0007037269157452746
Merchant 2,Good (670-739),1,3rd Party Fraud,Net Transaction Volume,-0.0006971513219422618
Merchant 2,Good (670-739),2,3rd Party Fraud,Net Transaction Volume,-0.0007004336017534665
Merchant 2,Good (670-739),3,3rd Party Fraud,Net Transaction Volume,-0.0006990026425709658
Merchant 2,Good (670-739),4,3rd Party Fraud,Net Transaction Volume,-0.0007038216952238035
Merchant 2,Good (670-739),5,3rd Party Fraud,Net Transaction Volume,-0.0007238825926984683
Merchant 2,Good (670-739),6,3rd Party Fraud,Net Transaction Volume,-0.0006954851391904568
Merchant 2,Good (670-739),7,3rd Party Fraud,Net Transaction Volume,-0.0007098048995721987
Merchant 2,Good (670-739),8,3rd Party Fraud,Net Transaction Volume,-0.0007120831429876656
Merchant 2,Good (670-739),9,3rd Party Fraud,Net Transaction Volume,-0.0006937471474212689
Merchant 2,Good (670-739),10,3rd Party Fraud,Net Transaction Volume,-0.0006827292752671401
Merchant 2,Good (670-739),11,3rd Party Fraud,Net Transaction Volume,-0.000681966099776451
Merchant 2,Poor (300-579),0,3rd Party Fraud,Net Transaction Volume,-0.0011925449359952245
Merchant 2,Poor (300-579),1,3rd Party Fraud,Net Transaction Volume,-0.0012024981135710501
Merchant 2,Poor (300-579),2,3rd Party Fraud,Net Transaction Volume,-0.0012107665083356618
Merchant 2,Poor (300-579),3,3rd Party Fraud,Net Transaction Volume,-0.0012063436661503893
Merchant 2,Poor (300-579),4,3rd Party Fraud,Net Transaction Volume,-0.0012348986749805145
Merchant 2,Poor (300-579),5,3rd Party Fraud,Net Transaction Volume,-0.0011819817583917603
Merchant 2,Poor (300-579),6,3rd Party Fraud,Net Transaction Volume,-0.0012154569430111225
Merchant 2,Poor (300-579),7,3rd Party Fraud,Net Transaction Volume,-0.0012045889101338432
Merchant 2,Poor (300-579),8,3rd Party Fraud,Net Transaction Volume,-0.0012181286200513525
Merchant 2,Poor (300-579),9,3rd Party Fraud,Net Transaction Volume,-0.0011929460580912864
Merchant 2,Poor (300-579),10,3rd Party Fraud,Net Transaction Volume,-0.0012202380952380952
Merchant 2,Poor (300-579),11,3rd Party Fraud,Net Transaction Volume,-0.001248829222603809
Merchant 2,Very Good (740-799),0,3rd Party Fraud,Net Transaction Volume,-0.0006006178839605964
Merchant 2,Very Good (740-799),1,3rd Party Fraud,Net Transaction Volume,-0.000617418879700841
Merchant 2,Very Good (740-799),2,3rd Party Fraud,Net Transaction Volume,-0.0005888995751489578
Merchant 2,Very Good (740-799),3,3rd Party Fraud,Net Transaction Volume,-0.0005939385091147994
Merchant 2,Very Good (740-799),4,3rd Party Fraud,Net Transaction Volume,-0.0006074352409785159
Merchant 2,Very Good (740-799),5,3rd Party Fraud,Net Transaction Volume,-0.0005886392767596273
Merchant 2,Very Good (740-799),6,3rd Party Fraud,Net Transaction Volume,-0.0006057583063152936
Merchant 2,Very Good (740-799),7,3rd Party Fraud,Net Transaction Volume,-0.0005831836413297571
Merchant 2,Very Good (740-799),8,3rd Party Fraud,Net Transaction Volume,-0.0006010718702762128
Merchant 2,Very Good (740-799),9,3rd Party Fraud,Net Transaction Volume,-0.0005858503791499395
Merchant 2,Very Good (740-799),10,3rd Party Fraud,Net Transaction Volume,-0.0006087441372298206
Merchant 2,Very Good (740-799),11,3rd Party Fraud,Net Transaction Volume,-0.0006363560244494683
Merchant 3,Exceptional (800-850),0,3rd Party Fraud,Net Transaction Volume,-0.0005023719937358271
Merchant 3,Exceptional (800-850),1,3rd Party Fraud,Net Transaction Volume,-0.0004879241460655742
Merchant 3,Exceptional (800-850),2,3rd Party Fraud,Net Transaction Volume,-0.0005167419627850425
Merchant 3,Exceptional (800-850),3,3rd Party Fraud,Net Transaction Volume,-0.0005047246922902112
Merchant 3,Exceptional (800-850),4,3rd Party Fraud,Net Transaction Volume,-0.0004885362822614051
Merchant 3,Exceptional (800-850),5,3rd Party Fraud,Net Transaction Volume,-0.0005147861119659794
Merchant 3,Exceptional (800-850),6,3rd Party Fraud,Net Transaction Volume,-0.000522706532825165
Merchant 3,Exceptional (800-850),7,3rd Party Fraud,Net Transaction Volume,-0.0005026299222192888
Merchant 3,Exceptional (800-850),8,3rd Party Fraud,Net Transaction Volume,-0.000530210336188312
Merchant 3,Exceptional (800-850),9,3rd Party Fraud,Net Transaction Volume,-0.0005099620493358634
Merchant 3,Fair (580-669),0,3rd Party Fraud,Net Transaction Volume,-0.0009176959939268374
Merchant 3,Fair (580-669),1,3rd Party Fraud,Net Transaction Volume,-0.0009152347468730265
Merchant 3,Fair (580-669),2,3rd Party Fraud,Net Transaction Volume,-0.0009186463397768014
Merchant 3,Fair (580-669),3,3rd Party Fraud,Net Transaction Volume,-0.0009035846805818268
Merchant 3,Fair (580-669),4,3rd Party Fraud,Net Transaction Volume,-0.0008768349035808174
Merchant 3,Fair (580-669),5,3rd Party Fraud,Net Transaction Volume,-0.0008870096013225663
Merchant 3,Fair (580-669),6,3rd Party Fraud,Net Transaction Volume,-0.0009305971753341173
Merchant 3,Fair (580-669),7,3rd Party Fraud,Net Transaction Volume,-0.000927511690111032
Merchant 3,Fair (580-669),8,3rd Party Fraud,Net Transaction Volume,-0.0009218881493382297
Merchant 3,Fair (580-669),9,3rd Party Fraud,Net Transaction Volume,-0.0009156930849384276
Merchant 3,Good (670-739),0,3rd Party Fraud,Net Transaction Volume,-0.0007116168775485204
Merchant 3,Good (670-739),1,3rd Party Fraud,Net Transaction Volume,-0.0007205412536358194
Merchant 3,Good (670-739),2,3rd Party Fraud,Net Transaction Volume,-0.0007145204395885619
Merchant 3,Good (670-739),3,3rd Party Fraud,Net Transaction Volume,-0.0006893749183634966
Merchant 3,Good (670-739),4,3rd Party Fraud,Net Transaction Volume,-0.0007014920058398319
Merchant 3,Good (670-739),5,3rd Party Fraud,Net Transaction Volume,-0.0006998513786295779
Merchant 3,Good (670-739),6,3rd Party Fraud,Net Transaction Volume,-0.0007087854392719636
Merchant 3,Good (670-739),7,3rd Party Fraud,Net Transaction Volume,-0.0007326562578950028
Merchant 3,Good (670-739),8,3rd Party Fraud,Net Transaction Volume,-0.0007233678376395794
Merchant 3,Good (670-739),9,3rd Party Fraud,Net Transaction Volume,-0.0006496850612050866
Merchant 3,Poor (300-579),0,3rd Party Fraud,Net Transaction Volume,-0.0012127217159523843
Merchant 3,Poor (300-579),1,3rd Party Fraud,Net Transaction Volume,-0.0011727727457077194
Merchant 3,Poor (300-579),2,3rd Party Fraud,Net Transaction Volume,-0.0012170154686078254
Merchant 3,Poor (300-579),3,3rd Party Fraud,Net Transaction Volume,-0.0011820949481495576
Merchant 3,Poor (300-579),4,3rd Party Fraud,Net Transaction Volume,-0.0012194761862580092
Merchant 3,Poor (300-579),5,3rd Party Fraud,Net Transaction Volume,-0.0012317312038571645
Merchant 3,Poor (300-579),6,3rd Party Fraud,Net Transaction Volume,-0.0011721982164199687
Merchant 3,Poor (300-579),7,3rd Party Fraud,Net Transaction Volume,-0.001162290142057684
Merchant 3,Poor (300-579),8,3rd Party Fraud,Net Transaction Volume,-0.0012423268050277697
Merchant 3,Poor (300-579),9,3rd Party Fraud,Net Transaction Volume,-0.0011409013120365088
Merchant 3,Very Good (740-799),0,3rd Party Fraud,Net Transaction Volume,-0.0006108587564884214
Merchant 3,Very Good (740-799),1,3rd Party Fraud,Net Transaction Volume,-0.0006068277766057117
Merchant 3,Very Good (740-799),2,3rd Party Fraud,Net Transaction Volume,-0.0005846651724932448
Merchant 3,Very Good (740-799),3,3rd Party Fraud,Net Transaction Volume,-0.0006012279722510166
Merchant 3,Very Good (740-799),4,3rd Party Fraud,Net Transaction Volume,-0.0006188344360366071
Merchant 3,Very Good (740-799),5,3rd Party Fraud,Net Transaction Volume,-0.0006149108621340796
Merchant 3,Very Good (740-799),6,3rd Party Fraud,Net Transaction Volume,-0.0005975529360533685
Merchant 3,Very Good (740-799),7,3rd Party Fraud,Net Transaction Volume,-0.0005794521384750984
Merchant 3,Very Good (740-799),8,3rd Party Fraud,Net Transaction Volume,-0.0005864150040177121
Merchant 3,Very Good (740-799),9,3rd Party Fraud,Net Transaction Volume,-0.0005893503360330863
Merchant 4,Exceptional (800-850),0,3rd Party Fraud,Net Transaction Volume,-0.0005098713170105074
Merchant 4,Exceptional (800-850),1,3rd Party Fraud,Net Transaction Volume,-0.0005045476640878024
Merchant 4,Exceptional (800-850),2,3rd Party Fraud,Net Transaction Volume,-0.0004847975432512211
Merchant 4,Exceptional (800-850),3,3rd Party Fraud,Net Transaction Volume,-0.000498208161205621
Merchant 4,Exceptional (800-850),4,3rd Party Fraud,Net Transaction Volume,-0.0004867570550212833
Merchant 4,Exceptional (800-850),5,3rd Party Fraud,Net Transaction Volume,-0.0004828256642903435
Merchant 4,Exceptional (800-850),6,3rd Party Fraud,Net Transaction Volume,-0.0005033143082717898
Merchant 4,Exceptional (800-850),7,3rd Party Fraud,Net Transaction Volume,-0.0004802844104124293
Merchant 4,Exceptional (800-850),8,3rd Party Fraud,Net Transaction Volume,-0.0004983684366656778
Merchant 4,Fair (580-669),0,3rd Party Fraud,Net Transaction Volume,-0.0009092356054275596
Merchant 4,Fair (580-669),1,3rd Party Fraud,Net Transaction Volume,-0.0008731702716956618
Merchant 4,Fair (580-669),2,3rd Party Fraud,Net Transaction Volume,-0.0009203139847798833
Merchant 4,Fair (580-669),3,3rd Party Fraud,Net Transaction Volume,-0.0009112599993608931
Merchant 4,Fair (580-669),4,3rd Party Fraud,Net Transaction Volume,-0.0009339872665793401
Merchant 4,Fair (580-669),5,3rd Party Fraud,Net Transaction Volume,-0.0008663572930925116
Merchant 4,Fair (580-669),6,3rd Party Fraud,Net Transaction Volume,-0.0008810901226281416
Merchant 4,Fair (580-669),7,3rd Party Fraud,Net Transaction Volume,-0.0008652124193583188
Merchant 4,Fair (580-669),8,3rd Party Fraud,Net Transaction Volume,-0.0008888545370227237
Merchant 4,Good (670-739),0,3rd Party Fraud,Net Transaction Volume,-0.0007000900238460111
Merchant 4,Good (670-739),1,3rd Party Fraud,Net Transaction Volume,-0.0006951927494466024
Merchant 4,Good (670-739),2,3rd Party Fraud,Net Transaction Volume,-0.0006899558900406891
Merchant 4,Good (670-739),3,3rd Party Fraud,Net Transaction Volume,-0.0007022094292176059
Merchant 4,Good (670-739),4,3rd Party Fraud,Net Transaction Volume,-0.0006954514302203946
Merchant 4,Good (670-739),5,3rd Party Fraud,Net Transaction Volume,-0.0007184859129409605
Merchant 4,Good (670-739),6,3rd Party Fraud,Net Transaction Volume,-0.0006815829186465622
Merchant 4,Good (670-739),7,3rd Party Fraud,Net Transaction Volume,-0.0007032055372833931
Merchant 4,Good (670-739),8,3rd Party Fraud,Net Transaction Volume,-0.0006441079775456802
Merchant 4,Poor (300-579),0,3rd Party Fraud,Net Transaction Volume,-0.0011710204606871703
Merchant 4,Poor (300-579),1,3rd Party Fraud,Net Transaction Volume,-0.0012208598642319635
Merchant 4,Poor (300-579),2,3rd Party Fraud,Net Transaction Volume,-0.0012046034660337648
Merchant 4,Poor (300-579),3,3rd Party Fraud,Net Transaction Volume,-0.0012072068428608982
Merchant 4,Poor (300-579),4,3rd Party Fraud,Net Transaction Volume,-0.0012188759781835428
Merchant 4,Poor (300-579),5,3rd Party Fraud,Net Transaction Volume,-0.0011883596893421913
Merchant 4,Poor (300-579),6,3rd Party Fraud,Net Transaction Volume,-0.0012053701317594246
Merchant 4,Poor (300-579),7,3rd Party Fraud,Net Transaction Volume,-0.0012371832895517328
Merchant 4,Poor (300-579),8,3rd Party Fraud,Net Transaction Volume,-0.0012225317239244816
Merchant 4,Very Good (740-799),0,3rd Party Fraud,Net Transaction Volume,-0.0006054973267937168
Merchant 4,Very Good (740-799),1,3rd Party Fraud,Net Transaction Volume,-0.0005984850641515549
Merchant 4,Very Good (740-799),2,3rd Party Fraud,Net Transaction Volume,-0.0006009977315158694
Merchant 4,Very Good (740-799),3,3rd Party Fraud,Net Transaction Volume,-0.0006054574106328274
Merchant 4,Very Good (740-799),4,3rd Party Fraud,Net Transaction Volume,-0.0006114069464803902
Merchant 4,Very Good (740-799),5,3rd Party Fraud,Net Transaction Volume,-0.0005963800770386234
Merchant 4,Very Good (740-799),6,3rd Party Fraud,Net Transaction Volume,-0.0005854235957875234
Merchant 4,Very Good (740-799),7,3rd Party Fraud,Net Transaction Volume,-0.0005976801904472471
Merchant 4,Very Good (740-799),8,3rd Party Fraud,Net Transaction Volume,-0.0006213628248823352
Merchant 5,Exceptional (800-850),0,3rd Party Fraud,Net Transaction Volume,-0.0004956749339603823
Merchant 5,Exceptional (800-850),1,3rd Party Fraud,Net Transaction Volume,-0.0005120536523472902
Merchant 5,Exceptional (800-850),2,3rd Party Fraud,Net Transaction Volume,-0.0004958433945918048
Merchant 5,Exceptional (800-850),3,3rd Party Fraud,Net Transaction Volume,-0.000495603517186251
Merchant 5,Exceptional (800-850),4,3rd Party Fraud,Net Transaction Volume,-0.0004756806570084972
Merchant 5,Exceptional (800-850),5,3rd Party Fraud,Net Transaction Volume,-0.000499110113750677
Merchant 5,Exceptional (800-850),6,3rd Party Fraud,Net Transaction Volume,-0.0004730803177405119
Merchant 5,Exceptional (800-850),7,3rd Party Fraud,Net Transaction Volume,-0.000524266027561414
Merchant 5,Fair (580-669),0,3rd Party Fraud,Net Transaction Volume,-0.0009127573763532159
Merchant 5,Fair (580-669),1,3rd Party Fraud,Net Transaction Volume,-0.0008911361127475934
Merchant 5,Fair (580-669),2,3rd Party Fraud,Net Transaction Volume,-0.0008768384740845518
Merchant 5,Fair (580-669),3,3rd Party Fraud,Net Transaction Volume,-0.0009134825741813928
Merchant 5,Fair (580-669),4,3rd Party Fraud,Net Transaction Volume,-0.0008977937768772297
Merchant 5,Fair (580-669),5,3rd Party Fraud,Net Transaction Volume,-0.0008931197275752651
Merchant 5,Fair (580-669),6,3rd Party Fraud,Net Transaction Volume,-0.0009057555606512268
Merchant 5,Fair (580-669),7,3rd Party Fraud,Net Transaction Volume,-0.0009280885064535956
Merchant 5,Good (670-739),0,3rd Party Fraud,Net Transaction Volume,-0.0006921969232523989
Merchant 5,Good (670-739),1,3rd Party Fraud,Net Transaction Volume,-0.0007053979052904843
Merchant 5,Good (670-739),2,3rd Party Fraud,Net Transaction Volume,-0.0007133721756430297
Merchant 5,Good (670-739),3,3rd Party Fraud,Net Transaction Volume,-0.000677566442705152
Merchant 5,Good (670-739),4,3rd Party Fraud,Net Transaction Volume,-0.0007277805158534582
Merchant 5,Good (670-739),5,3rd Party Fraud,Net Transaction Volume,-0.0007234613212874082
Merchant 5,Good (670-739),6,3rd Party Fraud,Net Transaction Volume,-0.0006819630337794774
Merchant 5,Good (670-739),7,3rd Party Fraud,Net Transaction Volume,-0.0007494356659142212
Merchant 5,Poor (300-579),0,3rd Party Fraud,Net Transaction Volume,-0.0012018151125152937
Merchant 5,Poor (300-579),1,3rd Party Fraud,Net Transaction Volume,-0.001169407669593445
Merchant 5,Poor (300-579),2,3rd Party Fraud,Net Transaction Volume,-0.0011617738913179262
Merchant 5,Poor (300-579),3,3rd Party Fraud,Net Transaction Volume,-0.001179753900799188
Merchant 5,Poor (300-579),4,3rd Party Fraud,Net Transaction Volume,-0.001177829960117783
Merchant 5,Poor (300-579),5,3rd Party Fraud,Net Transaction Volume,-0.0011667127453690903
Merchant 5,Poor (300-579),6,3rd Party Fraud,Net Transaction Volume,-0.0011345562506627081
Merchant 5,Poor (300-579),7,3rd Party Fraud,Net Transaction Volume,-0.0011902137976636544
Merchant 5,Very Good (740-799),0,3rd Party Fraud,Net Transaction Volume,-0.000591450959381174
Merchant 5,Very Good (740-799),1,3rd Party Fraud,Net Transaction Volume,-0.0005959469368015434
Merchant 5,Very Good (740-799),2,3rd Party Fraud,Net Transaction Volume,-0.0006014551333872271
Merchant 5,Very Good (740-799),3,3rd Party Fraud,Net Transaction Volume,-0.0005995125382363044
Merchant 5,Very Good (740-799),4,3rd Party Fraud,Net Transaction Volume,-0.0006181377645925346
Merchant 5,Very Good (740-799),5,3rd Party Fraud,Net Transaction Volume,-0.0005900603911574049
Merchant 5,Very Good (740-799),6,3rd Party Fraud,Net Transaction Volume,-0.0005853875413723262
Merchant 5,Very Good (740-799),7,3rd Party Fraud,Net Transaction Volume,-0.0005742666459723731
Merchant 6,Exceptional (800-850),0,3rd Party Fraud,Net Transaction Volume,-0.000508758833965081
Merchant 6,Exceptional (800-850),1,3rd Party Fraud,Net Transaction Volume,-0.0004930103890688485
Merchant 6,Exceptional (800-850),2,3rd Party Fraud,Net Transaction Volume,-0.000499105616278348
Merchant 6,Exceptional (800-850),3,3rd Party Fraud,Net Transaction Volume,-0.0005031074282332051
Merchant 6,Exceptional (800-850),4,3rd Party Fraud,Net Transaction Volume,-0.000481321949200607
Merchant 6,Exceptional (800-850),5,3rd Party Fraud,Net Transaction Volume,-0.0005277963327092604
Merchant 6,Exceptional (800-850),6,3rd Party Fraud,Net Transaction Volume,-0.0004750528220070982
Merchant 6,Fair (580-669),0,3rd Party Fraud,Net Transaction Volume,-0.0009050144463681994
Merchant 6,Fair (580-669),1,3rd Party Fraud,Net Transaction Volume,-0.0008851032982964842
Merchant 6,Fair (580-669),2,3rd Party Fraud,Net Transaction Volume,-0.0008898645931089958
Merchant 6,Fair (580-669),3,3rd Party Fraud,Net Transaction Volume,-0.0009186081139898747
Merchant 6,Fair (580-669),4,3rd Party Fraud,Net Transaction Volume,-0.0008923315259488768
Merchant 6,Fair (580-669),5,3rd Party Fraud,Net Transaction Volume,-0.0009028605482717521
Merchant 6,Fair (580-669),6,3rd Party Fraud,Net Transaction Volume,-0.0008801868151607688
Merchant 6,Good (670-739),0,3rd Party Fraud,Net Transaction Volume,-0.0007020218654710426
Merchant 6,Good (670-739),1,3rd Party Fraud,Net Transaction Volume,-0.0006892618600273606
Merchant 6,Good (670-739),2,3rd Party Fraud,Net Transaction Volume,-0.0006993968144261883
Merchant 6,Good (670-739),3,3rd Party Fraud,Net Transaction Volume,-0.0006958469998330398
Merchant 6,Good (670-739),4,3rd Party Fraud,Net Transaction Volume,-0.0007301232729378671
Merchant 6,Good (670-739),5,3rd Party Fraud,Net Transaction Volume,-0.0006688064893031251
Merchant 6,Good (670-739),6,3rd Party Fraud,Net Transaction Volume,-0.000743355888986957
Merchant 6,Poor (300-579),0,3rd Party Fraud,Net Transaction Volume,-0.0012268964285005262
Merchant 6,Poor (300-579),1,3rd Party Fraud,Net Transaction Volume,-0.001176950258222343
Merchant 6,Poor (300-579),2,3rd Party Fraud,Net Transaction Volume,-0.0012234605566278562
Merchant 6,Poor (300-579),3,3rd Party Fraud,Net Transaction Volume,-0.00117245789810275
Merchant 6,Poor (300-579),4,3rd Party Fraud,Net Transaction Volume,-0.0012013857845328566
Merchant 6,Poor (300-579),5,3rd Party Fraud,Net Transaction Volume,-0.0011990673920284224
Merchant 6,Poor (300-579),6,3rd Party Fraud,Net Transaction Volume,-0.0011258278145695364
Merchant 6,Very Good (740-799),0,3rd Party Fraud,Net Transaction Volume,-0.0006104735251474275
Merchant 6,Very Good (740-799),1,3rd Party Fraud,Net Transaction Volume,-0.0005882765226736444
Merchant 6,Very Good (740-799),2,3rd Party Fraud,Net Transaction Volume,-0.000613480737655152
Merchant 6,Very Good (740-799),3,3rd Party Fraud,Net Transaction Volume,-0.0006083817542265494
Merchant 6,Very Good (740-799),4,3rd Party Fraud,Net Transaction Volume,-0.0005752627757816221
Merchant 6,Very Good (740-799),5,3rd Party Fraud,Net Transaction Volume,-0.0006360580325548478
Merchant 6,Very Good (740-799),6,3rd Party Fraud,Net Transaction Volume,-0.0005554349630348456
Merchant 7,Exceptional (800-850),0,3rd Party Fraud,Net Transaction Volume,-0.0004980820008098345
Merchant 7,Exceptional (800-850),1,3rd Party Fraud,Net Transaction Volume,-0.0005029010854779157
Merchant 7,Exceptional (800-850),2,3rd Party Fraud,Net Transaction Volume,-0.000510293919040203
Merchant 7,Exceptional (800-850),3,3rd Party Fraud,Net Transaction Volume,-0.0004920644678736462
Merchant 7,Exceptional (800-850),4,3rd Party Fraud,Net Transaction Volume,-0.0005226984902456493
Merchant 7,Exceptional (800-850),5,3rd Party Fraud,Net Transaction Volume,-0.0005234116657209384
Merchant 7,Fair (580-669),0,3rd Party Fraud,Net Transaction Volume,-0.0008877945722585556
Merchant 7,Fair (580-669),1,3rd Party Fraud,Net Transaction Volume,-0.0009052286944828796
Merchant 7,Fair (580-669),2,3rd Party Fraud,Net Transaction Volume,-0.0008737335962466853
Merchant 7,Fair (580-669),3,3rd Party Fraud,Net Transaction Volume,-0.0009261568054714494
Merchant 7,Fair (580-669),4,3rd Party Fraud,Net Transaction Volume,-0.0008995090465890754
Merchant 7,Fair (580-669),5,3rd Party Fraud,Net Transaction Volume,-0.0008844382720561363
Merchant 7,Good (670-739),0,3rd Party Fraud,Net Transaction Volume,-0.0006753732536206401
Merchant 7,Good (670-739),1,3rd Party Fraud,Net Transaction Volume,-0.0007139521576416888
Merchant 7,Good (670-739),2,3rd Party Fraud,Net Transaction Volume,-0.0006926068437622173
Merchant 7,Good (670-739),3,3rd Party Fraud,Net Transaction Volume,-0.000705125407582436
Merchant 7,Good (670-739),4,3rd Party Fraud,Net Transaction Volume,-0.0007231958824300335
Merchant 7,Good (670-739),5,3rd Party Fraud,Net Transaction Volume,-0.0007077663656077974
Merchant 7,Poor (300-579),0,3rd Party Fraud,Net Transaction Volume,-0.0012292654028436018
Merchant 7,Poor (300-579),1,3rd Party Fraud,Net Transaction Volume,-0.001166784286050341
Merchant 7,Poor (300-579),2,3rd Party Fraud,Net Transaction Volume,-0.0011757283780683644
Merchant 7,Poor (300-579),3,3rd Party Fraud,Net Transaction Volume,-0.0012398190045248868
Merchant 7,Poor (300-579),4,3rd Party Fraud,Net Transaction Volume,-0.0011771097428467947
Merchant 7,Poor (300-579),5,3rd Party Fraud,Net Transaction Volume,-0.0012802275960170698
Merchant 7,Very Good (740-799),0,3rd Party Fraud,Net Transaction Volume,-0.0005917605908416714
Merchant 7,Very Good (740-799),1,3rd Party Fraud,Net Transaction Volume,-0.0006042234991530185
Merchant 7,Very Good (740-799),2,3rd Party Fraud,Net Transaction Volume,-0.0006067161399386837
Merchant 7,Very Good (740-799),3,3rd Party Fraud,Net Transaction Volume,-0.0005745654832202841
Merchant 7,Very Good (740-799),4,3rd Party Fraud,Net Transaction Volume,-0.0005942139066722471
Merchant 7,Very Good (740-799),5,3rd Party Fraud,Net Transaction Volume,-0.0006221257686146851
Merchant 8,Exceptional (800-850),0,3rd Party Fraud,Net Transaction Volume,-0.0004918409561020455
Merchant 8,Exceptional (800-850),1,3rd Party Fraud,Net Transaction Volume,-0.0005109619155130415
Merchant 8,Exceptional (800-850),2,3rd Party Fraud,Net Transaction Volume,-0.0004922377887163953
Merchant 8,Exceptional (800-850),3,3rd Party Fraud,Net Transaction Volume,-0.0005144594278587575
Merchant 8,Exceptional (800-850),4,3rd Party Fraud,Net Transaction Volume,-0.0005245250921463
Merchant 8,Fair (580-669),0,3rd Party Fraud,Net Transaction Volume,-0.0008960813160358433
Merchant 8,Fair (580-669),1,3rd Party Fraud,Net Transaction Volume,-0.0009124193642122392
Merchant 8,Fair (580-669),2,3rd Party Fraud,Net Transaction Volume,-0.000858568279382759
Merchant 8,Fair (580-669),3,3rd Party Fraud,Net Transaction Volume,-0.0009011108521712111
Merchant 8,Fair (580-669),4,3rd Party Fraud,Net Transaction Volume,-0.0008507018290089324
Merchant 8,Good (670-739),0,3rd Party Fraud,Net Transaction Volume,-0.0006795684094076405
Merchant 8,Good (670-739),1,3rd Party Fraud,Net Transaction Volume,-0.0007098777117328588
Merchant 8,Good (670-739),2,3rd Party Fraud,Net Transaction Volume,-0.0007024622639216354
Merchant 8,Good (670-739),3,3rd Party Fraud,Net Transaction Volume,-0.000686148682002172
Merchant 8,Good (670-739),4,3rd Party Fraud,Net Transaction Volume,-0.0006599482743244448
Merchant 8,Poor (300-579),0,3rd Party Fraud,Net Transaction Volume,-0.0011814809726610799
Merchant 8,Poor (300-579),1,3rd Party Fraud,Net Transaction Volume,-0.0012451655504197717
Merchant 8,Poor (300-579),2,3rd Party Fraud,Net Transaction Volume,-0.0011465910491924548
Merchant 8,Poor (300-579),3,3rd Party Fraud,Net Transaction Volume,-0.001214040643969385
Merchant 8,Poor (300-579),4,3rd Party Fraud,Net Transaction Volume,-0.00123334977799704
Merchant 8,Very Good (740-799),0,3rd Party Fraud,Net Transaction Volume,-0.0005999798326106685
Merchant 8,Very Good (740-799),1,3rd Party Fraud,Net Transaction Volume,-0.0006293691064700887
Merchant 8,Very Good (740-799),2,3rd Party Fraud,Net Transaction Volume,-0.000619372598497448
Merchant 8,Very Good (740-799),3,3rd Party Fraud,Net Transaction Volume,-0.0006192292806988445
Merchant 8,Very Good (740-799),4,3rd Party Fraud,Net Transaction Volume,-0.0005544683626875407
Merchant 9,ALL,0,3rd Party Fraud,Net Transaction Volume,-0.0007512083987561959
Merchant 9,ALL,1,3rd Party Fraud,Net Transaction Volume,-0.0007498787789943731
Merchant 9,ALL,2,3rd Party Fraud,Net Transaction Volume,-0.0007477255147519245
Merchant 9,ALL,3,3rd Party Fraud,Net Transaction Volume,-0.0007334009518608098
Merchant 1,Exceptional (800-850),0,Rewards,Net Transaction Volume,-0.019754037913233758
Merchant 1,Exceptional (800-850),1,Rewards,Net Transaction Volume,-0.019619660814969526
Merchant 1,Exceptional (800-850),2,Rewards,Net Transaction Volume,-0.01937874640068664
Merchant 1,Exceptional (800-850),3,Rewards,Net Transaction Volume,-0.019332682369667488
Merchant 1,Exceptional (800-850),4,Rewards,Net Transaction Volume,-0.019107472517789086
Merchant 1,Exceptional (800-850),5,Rewards,Net Transaction Volume,-0.018743539943663422
Merchant 1,Exceptional (800-850),6,Rewards,Net Transaction Volume,-0.018759664325166448
Merchant 1,Exceptional (800-850),7,Rewards,Net Transaction Volume,-0.018614543481636162
Merchant 1,Exceptional (800-850),8,Rewards,Net Transaction Volume,-0.018315084300275657
Merchant 1,Exceptional (800-850),9,Rewards,Net Transaction Volume,-0.018415079624043994
Merchant 1,Exceptional (800-850),10,Rewards,Net Transaction Volume,-0.01815472422124317
Merchant 1,Exceptional (800-850),11,Rewards,Net Transaction Volume,-0.017868293687077826
Merchant 1,Exceptional (800-850),12,Rewards,Net Transaction Volume,-0.01752540196516302
Merchant 1,Exceptional (800-850),13,Rewards,Net Transaction Volume,-0.0173266801749768
Merchant 1,Fair (580-669),0,Rewards,Net Transaction Volume,-0.016130886997898844
Merchant 1,Fair (580-669),1,Rewards,Net Transaction Volume,-0.01596430899951627
Merchant 1,Fair (580-669),2,Rewards,Net Transaction Volume,-0.01582433298811461
Merchant 1,Fair (580-669),3,Rewards,Net Transaction Volume,-0.0156374869367431
Merchant 1,Fair (580-669),4,Rewards,Net Transaction Volume,-0.015541652112832835
Merchant 1,Fair (580-669),5,Rewards,Net Transaction Volume,-0.015356257660356802
Merchant 1,Fair (580-669),6,Rewards,Net Transaction Volume,-0.015216369008065918
Merchant 1,Fair (580-669),7,Rewards,Net Transaction Volume,-0.0151214827619322
Merchant 1,Fair (580-669),8,Rewards,Net Transaction Volume,-0.01493199949745587
Merchant 1,Fair (580-669),9,Rewards,Net Transaction Volume,-0.014679876393290485
Merchant 1,Fair (580-669),10,Rewards,Net Transaction Volume,-0.01447435444364558
Merchant 1,Fair (580-669),11,Rewards,Net Transaction Volume,-0.014610562345368975
Merchant 1,Fair (580-669),12,Rewards,Net Transaction Volume,-0.014152922999532896
Merchant 1,Fair (580-669),13,Rewards,Net Transaction Volume,-0.014015469613259668
Merchant 1,Good (670-739),0,Rewards,Net Transaction Volume,-0.017905689695394255
Merchant 1,Good (670-739),1,Rewards,Net Transaction Volume,-0.01781369042285515
Merchant 1,Good (670-739),2,Rewards,Net Transaction Volume,-0.017577135425065917
Merchant 1,Good (670-739),3,Rewards,Net Transaction Volume,-0.017466126520292426
Merchant 1,Good (670-739),4,Rewards,Net Transaction Volume,-0.017319743747088622
Merchant 1,Good (670-739),5,Rewards,Net Transaction Volume,-0.017123620647437186
Merchant 1,Good (670-739),6,Rewards,Net Transaction Volume,-0.016936723805199227
Merchant 1,Good (670-739),7,Rewards,Net Transaction Volume,-0.016722469496667332
Merchant 1,Good (670-739),8,Rewards,Net Transaction Volume,-0.016817332258783586
Merchant 1,Good (670-739),9,Rewards,Net Transaction Volume,-0.016445976913027648
Merchant 1,Good (670-739),10,Rewards,Net Transaction Volume,-0.016246934478134734
Merchant 1,Good (670-739),11,Rewards,Net Transaction Volume,-0.016298941840291344
Merchant 1,Good (670-739),12,Rewards,Net Transaction Volume,-0.016217297960435514
Merchant 1,Good (670-739),13,Rewards,Net Transaction Volume,-0.01614251371509585
Merchant 1,Poor (300-579),0,Rewards,Net Transaction Volume,-0.01424627482745237
Merchant 1,Poor (300-579),1,Rewards,Net Transaction Volume,-0.014113541911707049
Merchant 1,Poor (300-579),2,Rewards,Net Transaction Volume,-0.014055010247006795
Merchant 1,Poor (300-579),3,Rewards,Net Transaction Volume,-0.013881138781033807
Merchant 1,Poor (300-579),4,Rewards,Net Transaction Volume,-0.013609825714656403
Merchant 1,Poor (300-579),5,Rewards,Net Transaction Volume,-0.013530848063828324
Merchant 1,Poor (300-579),6,Rewards,Net Transaction Volume,-0.013442979898129787
Merchant 1,Poor (300-579),7,Rewards,Net Transaction Volume,-0.013332429901936628
Merchant 1,Poor (300-579),8,Rewards,Net Transaction Volume,-0.013177658471112196
Merchant 1,Poor (300-579),9,Rewards,Net Transaction Volume,-0.013028448242676214
Merchant 1,Poor (300-579),10,Rewards,Net Transaction Volume,-0.012899333270729646
Merchant 1,Poor (300-579),11,Rewards,Net Transaction Volume,-0.01289210716871832
Merchant 1,Poor (300-579),12,Rewards,Net Transaction Volume,-0.012843874391862008
Merchant 1,Poor (300-579),13,Rewards,Net Transaction Volume,-0.012341147439851943
Merchant 1,Very Good (740-799),0,Rewards,Net Transaction Volume,-0.01977533075238104
Merchant 1,Very Good (740-799),1,Rewards,Net Transaction Volume,-0.019593874282130882
Merchant 1,Very Good (740-799),2,Rewards,Net Transaction Volume,-0.01942037929698169
Merchant 1,Very Good (740-799),3,Rewards,Net Transaction Volume,-0.019316499446933692
Merchant 1,Very Good (740-799),4,Rewards,Net Transaction Volume,-0.019116082575422227
Merchant 1,Very Good (740-799),5,Rewards,Net Transaction Volume,-0.01892994902452032
Merchant 1,Very Good (740-799),6,Rewards,Net Transaction Volume,-0.018800335501484265
Merchant 1,Very Good (740-799),7,Rewards,Net Transaction Volume,-0.018570726708921032
Merchant 1,Very Good (740-799),8,Rewards,Net Transaction Volume,-0.018235547158005665
Merchant 1,Very Good (740-799),9,Rewards,Net Transaction Volume,-0.01811870579048322
Merchant 1,Very Good (740-799),10,Rewards,Net Transaction Volume,-0.018049038464565317
Merchant 1,Very Good (740-799),11,Rewards,Net Transaction Volume,-0.01784752816210865
Merchant 1,Very Good (740-799),12,Rewards,Net Transaction Volume,-0.01772120748113311
Merchant 1,Very Good (740-799),13,Rewards,Net Transaction Volume,-0.017271900251511745
Merchant 10,ALL,0,Rewards,Net Transaction Volume,-0.018046119930638635
Merchant 10,ALL,1,Rewards,Net Transaction Volume,-0.017924046207017118
Merchant 2,Exceptional (800-850),0,Rewards,Net Transaction Volume,-0.01895034536405477
Merchant 2,Exceptional (800-850),1,Rewards,Net Transaction Volume,-0.01884622589764145
Merchant 2,Exceptional (800-850),2,Rewards,Net Transaction Volume,-0.018594649283989614
Merchant 2,Exceptional (800-850),3,Rewards,Net Transaction Volume,-0.01847097787685897
Merchant 2,Exceptional (800-850),4,Rewards,Net Transaction Volume,-0.018123457528218864
Merchant 2,Exceptional (800-850),5,Rewards,Net Transaction Volume,-0.017782015074382544
Merchant 2,Exceptional (800-850),6,Rewards,Net Transaction Volume,-0.01768490073754752
Merchant 2,Exceptional (800-850),7,Rewards,Net Transaction Volume,-0.017346800639782688
Merchant 2,Exceptional (800-850),8,Rewards,Net Transaction Volume,-0.017261485098120536
Merchant 2,Exceptional (800-850),9,Rewards,Net Transaction Volume,-0.016922385984644343
Merchant 2,Exceptional (800-850),10,Rewards,Net Transaction Volume,-0.01689550255070462
Merchant 2,Exceptional (800-850),11,Rewards,Net Transaction Volume,-0.016557988400948763
Merchant 2,Fair (580-669),0,Rewards,Net Transaction Volume,-0.015325921935452276
Merchant 2,Fair (580-669),1,Rewards,Net Transaction Volume,-0.015167811491072016
Merchant 2,Fair (580-669),2,Rewards,Net Transaction Volume,-0.014995937566816336
Merchant 2,Fair (580-669),3,Rewards,Net Transaction Volume,-0.014796629931499938
Merchant 2,Fair (580-669),4,Rewards,Net Transaction Volume,-0.014635250427796453
Merchant 2,Fair (580-669),5,Rewards,Net Transaction Volume,-0.014511963889549924
Merchant 2,Fair (580-669),6,Rewards,Net Transaction Volume,-0.014361258262622474
Merchant 2,Fair (580-669),7,Rewards,Net Transaction Volume,-0.014048257372654156
Merchant 2,Fair (580-669),8,Rewards,Net Transaction Volume,-0.013884419395815386
Merchant 2,Fair (580-669),9,Rewards,Net Transaction Volume,-0.013849118126574774
Merchant 2,Fair (580-669),10,Rewards,Net Transaction Volume,-0.013608213341169557
Merchant 2,Fair (580-669),11,Rewards,Net Transaction Volume,-0.013163189269746647
Merchant 2,Good (670-739),0,Rewards,Net Transaction Volume,-0.017163091824638547
Merchant 2,Good (670-739),1,Rewards,Net Transaction Volume,-0.016851367679484468
Merchant 2,Good (670-739),2,Rewards,Net Transaction Volume,-0.016832286653642732
Merchant 2,Good (670-739),3,Rewards,Net Transaction Volume,-0.016613605875570352
Merchant 2,Good (670-739),4,Rewards,Net Transaction Volume,-0.016438234172622048
Merchant 2,Good (670-739),5,Rewards,Net Transaction Volume,-0.016098841480470538
Merchant 2,Good (670-739),6,Rewards,Net Transaction Volume,-0.015893236864823253
Merchant 2,Good (670-739),7,Rewards,Net Transaction Volume,-0.01591842998829781
Merchant 2,Good (670-739),8,Rewards,Net Transaction Volume,-0.015569552306989493
Merchant 2,Good (670-739),9,Rewards,Net Transaction Volume,-0.015245176548690925
Merchant 2,Good (670-739),10,Rewards,Net Transaction Volume,-0.015350736772975413
Merchant 2,Good (670-739),11,Rewards,Net Transaction Volume,-0.015278021449390193
Merchant 2,Poor (300-579),0,Rewards,Net Transaction Volume,-0.013591695960734894
Merchant 2,Poor (300-579),1,Rewards,Net Transaction Volume,-0.013344357570600606
Merchant 2,Poor (300-579),2,Rewards,Net Transaction Volume,-0.013143149855639379
Merchant 2,Poor (300-579),3,Rewards,Net Transaction Volume,-0.013103553587399926
Merchant 2,Poor (300-579),4,Rewards,Net Transaction Volume,-0.012867546765393608
Merchant 2,Poor (300-579),5,Rewards,Net Transaction Volume,-0.01273810262455792
Merchant 2,Poor (300-579),6,Rewards,Net Transaction Volume,-0.012584183770974276
Merchant 2,Poor (300-579),7,Rewards,Net Transaction Volume,-0.012333652007648183
Merchant 2,Poor (300-579),8,Rewards,Net Transaction Volume,-0.012357437152922911
Merchant 2,Poor (300-579),9,Rewards,Net Transaction Volume,-0.011992565698478562
Merchant 2,Poor (300-579),10,Rewards,Net Transaction Volume,-0.01211904761904762
Merchant 2,Poor (300-579),11,Rewards,Net Transaction Volume,-0.011595379331876366
Merchant 2,Very Good (740-799),0,Rewards,Net Transaction Volume,-0.018929318508665725
Merchant 2,Very Good (740-799),1,Rewards,Net Transaction Volume,-0.01876866800956394
Merchant 2,Very Good (740-799),2,Rewards,Net Transaction Volume,-0.018500207467481516
Merchant 2,Very Good (740-799),3,Rewards,Net Transaction Volume,-0.018272733908911733
Merchant 2,Very Good (740-799),4,Rewards,Net Transaction Volume,-0.01801021153153504
Merchant 2,Very Good (740-799),5,Rewards,Net Transaction Volume,-0.018074541240271986
Merchant 2,Very Good (740-799),6,Rewards,Net Transaction Volume,-0.017664126509084527
Merchant 2,Very Good (740-799),7,Rewards,Net Transaction Volume,-0.017505463851338502
Merchant 2,Very Good (740-799),8,Rewards,Net Transaction Volume,-0.017145884292977875
Merchant 2,Very Good (740-799),9,Rewards,Net Transaction Volume,-0.017011087746128847
Merchant 2,Very Good (740-799),10,Rewards,Net Transaction Volume,-0.01661130243694447
Merchant 2,Very Good (740-799),11,Rewards,Net Transaction Volume,-0.016728069440955652
Merchant 3,Exceptional (800-850),0,Rewards,Net Transaction Volume,-0.019455782780861713
Merchant 3,Exceptional (800-850),1,Rewards,Net Transaction Volume,-0.019343263771900834
Merchant 3,Exceptional (800-850),2,Rewards,Net Transaction Volume,-0.019047841842390723
Merchant 3,Exceptional (800-850),3,Rewards,Net Transaction Volume,-0.01892706599907632
Merchant 3,Exceptional (800-850),4,Rewards,Net Transaction Volume,-0.018709904003746194
Merchant 3,Exceptional (800-850),5,Rewards,Net Transaction Volume,-0.018406065523319252
Merchant 3,Exceptional (800-850),6,Rewards,Net Transaction Volume,-0.018211390842235223
Merchant 3,Exceptional (800-850),7,Rewards,Net Transaction Volume,-0.018065230194350235
Merchant 3,Exceptional (800-850),8,Rewards,Net Transaction Volume,-0.01783176989259842
Merchant 3,Exceptional (800-850),9,Rewards,Net Transaction Volume,-0.01754427577482606
Merchant 3,Fair (580-669),0,Rewards,Net Transaction Volume,-0.015870407566148444
Merchant 3,Fair (580-669),1,Rewards,Net Transaction Volume,-0.015558425155288285
Merchant 3,Fair (580-669),2,Rewards,Net Transaction Volume,-0.01556453929380725
Merchant 3,Fair (580-669),3,Rewards,Net Transaction Volume,-0.015359291895418806
Merchant 3,Fair (580-669),4,Rewards,Net Transaction Volume,-0.015055353264862924
Merchant 3,Fair (580-669),5,Rewards,Net Transaction Volume,-0.014926029545791739
Merchant 3,Fair (580-669),6,Rewards,Net Transaction Volume,-0.014893221560520427
Merchant 3,Fair (580-669),7,Rewards,Net Transaction Volume,-0.01467027151846364
Merchant 3,Fair (580-669),8,Rewards,Net Transaction Volume,-0.014419325223777828
Merchant 3,Fair (580-669),9,Rewards,Net Transaction Volume,-0.014575307862330281
Merchant 3,Good (670-739),0,Rewards,Net Transaction Volume,-0.01779162510281584
Merchant 3,Good (670-739),1,Rewards,Net Transaction Volume,-0.017552861767339348
Merchant 3,Good (670-739),2,Rewards,Net Transaction Volume,-0.01727449857066831
Merchant 3,Good (670-739),3,Rewards,Net Transaction Volume,-0.017106149224271804
Merchant 3,Good (670-739),4,Rewards,Net Transaction Volume,-0.017062947334686464
Merchant 3,Good (670-739),5,Rewards,Net Transaction Volume,-0.016603835318648653
Merchant 3,Good (670-739),6,Rewards,Net Transaction Volume,-0.016406868420344094
Merchant 3,Good (670-739),7,Rewards,Net Transaction Volume,-0.0164242332373301
Merchant 3,Good (670-739),8,Rewards,Net Transaction Volume,-0.01623074415192762
Merchant 3,Good (670-739),9,Rewards,Net Transaction Volume,-0.015729905320286813
Merchant 3,Poor (300-579),0,Rewards,Net Transaction Volume,-0.014114741058096208
Merchant 3,Poor (300-579),1,Rewards,Net Transaction Volume,-0.013952953900229824
Merchant 3,Poor (300-579),2,Rewards,Net Transaction Volume,-0.013785828025477707
Merchant 3,Poor (300-579),3,Rewards,Net Transaction Volume,-0.013577680525164114
Merchant 3,Poor (300-579),4,Rewards,Net Transaction Volume,-0.013448489680219684
Merchant 3,Poor (300-579),5,Rewards,Net Transaction Volume,-0.013217191502184722
Merchant 3,Poor (300-579),6,Rewards,Net Transaction Volume,-0.01315620115840765
Merchant 3,Poor (300-579),7,Rewards,Net Transaction Volume,-0.012908595207346822
Merchant 3,Poor (300-579),8,Rewards,Net Transaction Volume,-0.012920198772288805
Merchant 3,Poor (300-579),9,Rewards,Net Transaction Volume,-0.012472903593839133
Merchant 3,Very Good (740-799),0,Rewards,Net Transaction Volume,-0.01956241968808708
Merchant 3,Very Good (740-799),1,Rewards,Net Transaction Volume,-0.01920592899094182
Merchant 3,Very Good (740-799),2,Rewards,Net Transaction Volume,-0.01916269558660271
Merchant 3,Very Good (740-799),3,Rewards,Net Transaction Volume,-0.018973670361215215
Merchant 3,Very Good (740-799),4,Rewards,Net Transaction Volume,-0.018545184422170277
Merchant 3,Very Good (740-799),5,Rewards,Net Transaction Volume,-0.018418952811643602
Merchant 3,Very Good (740-799),6,Rewards,Net Transaction Volume,-0.018384550716398232
Merchant 3,Very Good (740-799),7,Rewards,Net Transaction Volume,-0.01827551901981831
Merchant 3,Very Good (740-799),8,Rewards,Net Transaction Volume,-0.01816330717546289
Merchant 3,Very Good (740-799),9,Rewards,Net Transaction Volume,-0.017929346889539892
Merchant 4,Exceptional (800-850),0,Rewards,Net Transaction Volume,-0.020341261633919337
Merchant 4,Exceptional (800-850),1,Rewards,Net Transaction Volume,-0.020207148588262166
Merchant 4,Exceptional (800-850),2,Rewards,Net Transaction Volume,-0.01984307781910599
Merchant 4,Exceptional (800-850),3,Rewards,Net Transaction Volume,-0.01982577681984964
Merchant 4,Exceptional (800-850),4,Rewards,Net Transaction Volume,-0.019733613826265175
Merchant 4,Exceptional (800-850),5,Rewards,Net Transaction Volume,-0.019553078418664938
Merchant 4,Exceptional (800-850),6,Rewards,Net Transaction Volume,-0.019394049048472785
Merchant 4,Exceptional (800-850),7,Rewards,Net Transaction Volume,-0.01958056300955441
Merchant 4,Exceptional (800-850),8,Rewards,Net Transaction Volume,-0.019514387422129933
Merchant 4,Fair (580-669),0,Rewards,Net Transaction Volume,-0.016486610162747203
Merchant 4,Fair (580-669),1,Rewards,Net Transaction Volume,-0.016479936293496977
Merchant 4,Fair (580-669),2,Rewards,Net Transaction Volume,-0.016282769965423344
Merchant 4,Fair (580-669),3,Rewards,Net Transaction Volume,-0.016162642068150105
Merchant 4,Fair (580-669),4,Rewards,Net Transaction Volume,-0.016115819295092454
Merchant 4,Fair (580-669),5,Rewards,Net Transaction Volume,-0.015837395252562347
Merchant 4,Fair (580-669),6,Rewards,Net Transaction Volume,-0.015752762063050683
Merchant 4,Fair (580-669),7,Rewards,Net Transaction Volume,-0.015571665911493731
Merchant 4,Fair (580-669),8,Rewards,Net Transaction Volume,-0.015627995053331272
Merchant 4,Good (670-739),0,Rewards,Net Transaction Volume,-0.018432657352749165
Merchant 4,Good (670-739),1,Rewards,Net Transaction Volume,-0.018373846218101324
Merchant 4,Good (670-739),2,Rewards,Net Transaction Volume,-0.01794875439353022
Merchant 4,Good (670-739),3,Rewards,Net Transaction Volume,-0.01823350045074254
Merchant 4,Good (670-739),4,Rewards,Net Transaction Volume,-0.01791011073837608
Merchant 4,Good (670-739),5,Rewards,Net Transaction Volume,-0.01782777597928132
Merchant 4,Good (670-739),6,Rewards,Net Transaction Volume,-0.017572554595228294
Merchant 4,Good (670-739),7,Rewards,Net Transaction Volume,-0.01752699916548034
Merchant 4,Good (670-739),8,Rewards,Net Transaction Volume,-0.017597343054592623
Merchant 4,Poor (300-579),0,Rewards,Net Transaction Volume,-0.014684081842748681
Merchant 4,Poor (300-579),1,Rewards,Net Transaction Volume,-0.014524943429984739
Merchant 4,Poor (300-579),2,Rewards,Net Transaction Volume,-0.01449912677443912
Merchant 4,Poor (300-579),3,Rewards,Net Transaction Volume,-0.014406608294744504
Merchant 4,Poor (300-579),4,Rewards,Net Transaction Volume,-0.014202276499881433
Merchant 4,Poor (300-579),5,Rewards,Net Transaction Volume,-0.014299928261751037
Merchant 4,Poor (300-579),6,Rewards,Net Transaction Volume,-0.013975643210440999
Merchant 4,Poor (300-579),7,Rewards,Net Transaction Volume,-0.014076773154817389
Merchant 4,Poor (300-579),8,Rewards,Net Transaction Volume,-0.014032807180439493
Merchant 4,Very Good (740-799),0,Rewards,Net Transaction Volume,-0.020250480809047493
Merchant 4,Very Good (740-799),1,Rewards,Net Transaction Volume,-0.020080104587071584
Merchant 4,Very Good (740-799),2,Rewards,Net Transaction Volume,-0.019926148796498906
Merchant 4,Very Good (740-799),3,Rewards,Net Transaction Volume,-0.01998288131375964
Merchant 4,Very Good (740-799),4,Rewards,Net Transaction Volume,-0.019725558680108893
Merchant 4,Very Good (740-799),5,Rewards,Net Transaction Volume,-0.019875469097795428
Merchant 4,Very Good (740-799),6,Rewards,Net Transaction Volume,-0.019378679001305944
Merchant 4,Very Good (740-799),7,Rewards,Net Transaction Volume,-0.019215798004355973
Merchant 4,Very Good (740-799),8,Rewards,Net Transaction Volume,-0.01892606246087501
Merchant 5,Exceptional (800-850),0,Rewards,Net Transaction Volume,-0.019316210383785386
Merchant 5,Exceptional (800-850),1,Rewards,Net Transaction Volume,-0.018792746661833122
Merchant 5,Exceptional (800-850),2,Rewards,Net Transaction Volume,-0.018774216143481227
Merchant 5,Exceptional (800-850),3,Rewards,Net Transaction Volume,-0.01861630695443645
Merchant 5,Exceptional (800-850),4,Rewards,Net Transaction Volume,-0.018237135616419792
Merchant 5,Exceptional (800-850),5,Rewards,Net Transaction Volume,-0.018182504062524182
Merchant 5,Exceptional (800-850),6,Rewards,Net Transaction Volume,-0.01788243601059135
Merchant 5,Exceptional (800-850),7,Rewards,Net Transaction Volume,-0.01781980227681246
Merchant 5,Fair (580-669),0,Rewards,Net Transaction Volume,-0.015569039414317781
Merchant 5,Fair (580-669),1,Rewards,Net Transaction Volume,-0.015474938941732968
Merchant 5,Fair (580-669),2,Rewards,Net Transaction Volume,-0.015074332808914164
Merchant 5,Fair (580-669),3,Rewards,Net Transaction Volume,-0.0149509326808883
Merchant 5,Fair (580-669),4,Rewards,Net Transaction Volume,-0.01473405688542082
Merchant 5,Fair (580-669),5,Rewards,Net Transaction Volume,-0.01468152619766272
Merchant 5,Fair (580-669),6,Rewards,Net Transaction Volume,-0.014385462049988534
Merchant 5,Fair (580-669),7,Rewards,Net Transaction Volume,-0.014083589428395821
Merchant 5,Good (670-739),0,Rewards,Net Transaction Volume,-0.017354610131310684
Merchant 5,Good (670-739),1,Rewards,Net Transaction Volume,-0.017402202130516516
Merchant 5,Good (670-739),2,Rewards,Net Transaction Volume,-0.017133267017194826
Merchant 5,Good (670-739),3,Rewards,Net Transaction Volume,-0.016676373243938124
Merchant 5,Good (670-739),4,Rewards,Net Transaction Volume,-0.01668638081156563
Merchant 5,Good (670-739),5,Rewards,Net Transaction Volume,-0.016437629399585922
Merchant 5,Good (670-739),6,Rewards,Net Transaction Volume,-0.016027830890163585
Merchant 5,Good (670-739),7,Rewards,Net Transaction Volume,-0.015857336343115123
Merchant 5,Poor (300-579),0,Rewards,Net Transaction Volume,-0.013821803032414936
Merchant 5,Poor (300-579),1,Rewards,Net Transaction Volume,-0.013606586229149148
Merchant 5,Poor (300-579),2,Rewards,Net Transaction Volume,-0.013454590880699563
Merchant 5,Poor (300-579),3,Rewards,Net Transaction Volume,-0.013185335532157809
Merchant 5,Poor (300-579),4,Rewards,Net Transaction Volume,-0.013127958552312797
Merchant 5,Poor (300-579),5,Rewards,Net Transaction Volume,-0.01279015758916229
Merchant 5,Poor (300-579),6,Rewards,Net Transaction Volume,-0.012739900328703212
Merchant 5,Poor (300-579),7,Rewards,Net Transaction Volume,-0.012653735948864889
Merchant 5,Very Good (740-799),0,Rewards,Net Transaction Volume,-0.01911935338043733
Merchant 5,Very Good (740-799),1,Rewards,Net Transaction Volume,-0.018967129314245004
Merchant 5,Very Good (740-799),2,Rewards,Net Transaction Volume,-0.01860682295877122
Merchant 5,Very Good (740-799),3,Rewards,Net Transaction Volume,-0.018546284330885118
Merchant 5,Very Good (740-799),4,Rewards,Net Transaction Volume,-0.018308515610840306
Merchant 5,Very Good (740-799),5,Rewards,Net Transaction Volume,-0.018267355532162445
Merchant 5,Very Good (740-799),6,Rewards,Net Transaction Volume,-0.017880007903966804
Merchant 5,Very Good (740-799),7,Rewards,Net Transaction Volume,-0.017975063376273994
Merchant 6,Exceptional (800-850),0,Rewards,Net Transaction Volume,-0.019933942784019856
Merchant 6,Exceptional (800-850),1,Rewards,Net Transaction Volume,-0.019733331977279316
Merchant 6,Exceptional (800-850),2,Rewards,Net Transaction Volume,-0.019637139777786555
Merchant 6,Exceptional (800-850),3,Rewards,Net Transaction Volume,-0.01922904263537587
Merchant 6,Exceptional (800-850),4,Rewards,Net Transaction Volume,-0.019323849962444625
Merchant 6,Exceptional (800-850),5,Rewards,Net Transaction Volume,-0.01927049326847993
Merchant 6,Exceptional (800-850),6,Rewards,Net Transaction Volume,-0.019002941460787428
Merchant 6,Fair (580-669),0,Rewards,Net Transaction Volume,-0.016370165655329862
Merchant 6,Fair (580-669),1,Rewards,Net Transaction Volume,-0.015992243566509606
Merchant 6,Fair (580-669),2,Rewards,Net Transaction Volume,-0.01599292800643518
Merchant 6,Fair (580-669),3,Rewards,Net Transaction Volume,-0.01576661397842073
Merchant 6,Fair (580-669),4,Rewards,Net Transaction Volume,-0.015593493415956623
Merchant 6,Fair (580-669),5,Rewards,Net Transaction Volume,-0.015374255065554232
Merchant 6,Fair (580-669),6,Rewards,Net Transaction Volume,-0.0154701814262619
Merchant 6,Good (670-739),0,Rewards,Net Transaction Volume,-0.018119813856631358
Merchant 6,Good (670-739),1,Rewards,Net Transaction Volume,-0.017918884025569164
Merchant 6,Good (670-739),2,Rewards,Net Transaction Volume,-0.01773129967641607
Merchant 6,Good (670-739),3,Rewards,Net Transaction Volume,-0.01753809116026563
Merchant 6,Good (670-739),4,Rewards,Net Transaction Volume,-0.01738189790684206
Merchant 6,Good (670-739),5,Rewards,Net Transaction Volume,-0.017262190945595682
Merchant 6,Good (670-739),6,Rewards,Net Transaction Volume,-0.01719976463665784
Merchant 6,Poor (300-579),0,Rewards,Net Transaction Volume,-0.014385459887633758
Merchant 6,Poor (300-579),1,Rewards,Net Transaction Volume,-0.01420222886653982
Merchant 6,Poor (300-579),2,Rewards,Net Transaction Volume,-0.014031504887615964
Merchant 6,Poor (300-579),3,Rewards,Net Transaction Volume,-0.013898529098273289
Merchant 6,Poor (300-579),4,Rewards,Net Transaction Volume,-0.013884108180599016
Merchant 6,Poor (300-579),5,Rewards,Net Transaction Volume,-0.013624958365715555
Merchant 6,Poor (300-579),6,Rewards,Net Transaction Volume,-0.013829470198675496
Merchant 6,Very Good (740-799),0,Rewards,Net Transaction Volume,-0.019798295288173673
Merchant 6,Very Good (740-799),1,Rewards,Net Transaction Volume,-0.01975319486951849
Merchant 6,Very Good (740-799),2,Rewards,Net Transaction Volume,-0.019535586634355978
Merchant 6,Very Good (740-799),3,Rewards,Net Transaction Volume,-0.01967096272685647
Merchant 6,Very Good (740-799),4,Rewards,Net Transaction Volume,-0.019518425518730724
Merchant 6,Very Good (740-799),5,Rewards,Net Transaction Volume,-0.01901583510261854
Merchant 6,Very Good (740-799),6,Rewards,Net Transaction Volume,-0.019145268587918332
Merchant 7,Exceptional (800-850),0,Rewards,Net Transaction Volume,-0.017951164052375308
Merchant 7,Exceptional (800-850),1,Rewards,Net Transaction Volume,-0.01792634851891952
Merchant 7,Exceptional (800-850),2,Rewards,Net Transaction Volume,-0.017590745986457126
Merchant 7,Exceptional (800-850),3,Rewards,Net Transaction Volume,-0.01767620569882888
Merchant 7,Exceptional (800-850),4,Rewards,Net Transaction Volume,-0.017348419809419008
Merchant 7,Exceptional (800-850),5,Rewards,Net Transaction Volume,-0.01731524057369832
Merchant 7,Fair (580-669),0,Rewards,Net Transaction Volume,-0.014684184363009336
Merchant 7,Fair (580-669),1,Rewards,Net Transaction Volume,-0.014516594235378948
Merchant 7,Fair (580-669),2,Rewards,Net Transaction Volume,-0.014425670315722672
Merchant 7,Fair (580-669),3,Rewards,Net Transaction Volume,-0.014042852562960851
Merchant 7,Fair (580-669),4,Rewards,Net Transaction Volume,-0.013789954337899544
Merchant 7,Fair (580-669),5,Rewards,Net Transaction Volume,-0.013690519698852424
Merchant 7,Good (670-739),0,Rewards,Net Transaction Volume,-0.01631192919637243
Merchant 7,Good (670-739),1,Rewards,Net Transaction Volume,-0.016060207444044697
Merchant 7,Good (670-739),2,Rewards,Net Transaction Volume,-0.01591127389452458
Merchant 7,Good (670-739),3,Rewards,Net Transaction Volume,-0.01568676471505078
Merchant 7,Good (670-739),4,Rewards,Net Transaction Volume,-0.015491880428436968
Merchant 7,Good (670-739),5,Rewards,Net Transaction Volume,-0.01534137216118962
Merchant 7,Poor (300-579),0,Rewards,Net Transaction Volume,-0.012863225710900475
Merchant 7,Poor (300-579),1,Rewards,Net Transaction Volume,-0.012837450011761939
Merchant 7,Poor (300-579),2,Rewards,Net Transaction Volume,-0.012448382656572608
Merchant 7,Poor (300-579),3,Rewards,Net Transaction Volume,-0.012448868778280543
Merchant 7,Poor (300-579),4,Rewards,Net Transaction Volume,-0.01223650851140891
Merchant 7,Poor (300-579),5,Rewards,Net Transaction Volume,-0.012130156472261736
Merchant 7,Very Good (740-799),0,Rewards,Net Transaction Volume,-0.0179973209962501
Merchant 7,Very Good (740-799),1,Rewards,Net Transaction Volume,-0.01790650421180171
Merchant 7,Very Good (740-799),2,Rewards,Net Transaction Volume,-0.017592780292828285
Merchant 7,Very Good (740-799),3,Rewards,Net Transaction Volume,-0.017513952613371516
Merchant 7,Very Good (740-799),4,Rewards,Net Transaction Volume,-0.017164101212713077
Merchant 7,Very Good (740-799),5,Rewards,Net Transaction Volume,-0.01738851857593138
Merchant 8,Exceptional (800-850),0,Rewards,Net Transaction Volume,-0.01862123649735693
Merchant 8,Exceptional (800-850),1,Rewards,Net Transaction Volume,-0.01853128156378112
Merchant 8,Exceptional (800-850),2,Rewards,Net Transaction Volume,-0.01803067020068156
Merchant 8,Exceptional (800-850),3,Rewards,Net Transaction Volume,-0.018078571985345702
Merchant 8,Exceptional (800-850),4,Rewards,Net Transaction Volume,-0.01809753331443153
Merchant 8,Fair (580-669),0,Rewards,Net Transaction Volume,-0.015230261691409211
Merchant 8,Fair (580-669),1,Rewards,Net Transaction Volume,-0.015058987621316905
Merchant 8,Fair (580-669),2,Rewards,Net Transaction Volume,-0.014773175542406312
Merchant 8,Fair (580-669),3,Rewards,Net Transaction Volume,-0.0144752582925503
Merchant 8,Fair (580-669),4,Rewards,Net Transaction Volume,-0.014603714731320005
Merchant 8,Good (670-739),0,Rewards,Net Transaction Volume,-0.01694151114176113
Merchant 8,Good (670-739),1,Rewards,Net Transaction Volume,-0.016746109870139705
Merchant 8,Good (670-739),2,Rewards,Net Transaction Volume,-0.016677280571692474
Merchant 8,Good (670-739),3,Rewards,Net Transaction Volume,-0.016265179188468752
Merchant 8,Good (670-739),4,Rewards,Net Transaction Volume,-0.016137518951217338
Merchant 8,Poor (300-579),0,Rewards,Net Transaction Volume,-0.013308146723451023
Merchant 8,Poor (300-579),1,Rewards,Net Transaction Volume,-0.01320441467786058
Merchant 8,Poor (300-579),2,Rewards,Net Transaction Volume,-0.013093330045617062
Merchant 8,Poor (300-579),3,Rewards,Net Transaction Volume,-0.012860913169701768
Merchant 8,Poor (300-579),4,Rewards,Net Transaction Volume,-0.012545633941785891
Merchant 8,Very Good (740-799),0,Rewards,Net Transaction Volume,-0.01867937212194548
Merchant 8,Very Good (740-799),1,Rewards,Net Transaction Volume,-0.018426141684270127
Merchant 8,Very Good (740-799),2,Rewards,Net Transaction Volume,-0.018369272237196765
Merchant 8,Very Good (740-799),3,Rewards,Net Transaction Volume,-0.0179736827555703
Merchant 8,Very Good (740-799),4,Rewards,Net Transaction Volume,-0.017459230267449447
Merchant 9,ALL,0,Rewards,Net Transaction Volume,-0.017242772697884916
Merchant 9,ALL,1,Rewards,Net Transaction Volume,-0.017064083625579325
Merchant 9,ALL,2,Rewards,Net Transaction Volume,-0.016868208773803822
Merchant 9,ALL,3,Rewards,Net Transaction Volume,-0.01658383397050792
Merchant 1,Exceptional (800-850),0,Royalties,Net Transaction Volume,-0.007070199293171161
Merchant 1,Exceptional (800-850),1,Royalties,Net Transaction Volume,-0.006977657588559874
Merchant 1,Exceptional (800-850),2,Royalties,Net Transaction Volume,-0.006895730660612437
Merchant 1,Exceptional (800-850),3,Royalties,Net Transaction Volume,-0.0067454811939392486
Merchant 1,Exceptional (800-850),4,Royalties,Net Transaction Volume,-0.006759368184521842
Merchant 1,Exceptional (800-850),5,Royalties,Net Transaction Volume,-0.006647446203712041
Merchant 1,Exceptional (800-850),6,Royalties,Net Transaction Volume,-0.006608572829190735
Merchant 1,Exceptional (800-850),7,Royalties,Net Transaction Volume,-0.006518381281848648
Merchant 1,Exceptional (800-850),8,Royalties,Net Transaction Volume,-0.006533025621300511
Merchant 1,Exceptional (800-850),9,Royalties,Net Transaction Volume,-0.006407487286415764
Merchant 1,Exceptional (800-850),10,Royalties,Net Transaction Volume,-0.006413454954198375
Merchant 1,Exceptional (800-850),11,Royalties,Net Transaction Volume,-0.006212150950983536
Merchant 1,Exceptional (800-850),12,Royalties,Net Transaction Volume,-0.006196125502456453
Merchant 1,Exceptional (800-850),13,Royalties,Net Transaction Volume,-0.0061408525384892155
Merchant 1,Fair (580-669),0,Royalties,Net Transaction Volume,-0.007004211428284937
Merchant 1,Fair (580-669),1,Royalties,Net Transaction Volume,-0.006926882873788042
Merchant 1,Fair (580-669),2,Royalties,Net Transaction Volume,-0.00688783872773847
Merchant 1,Fair (580-669),3,Royalties,Net Transaction Volume,-0.006841184948395866
Merchant 1,Fair (580-669),4,Royalties,Net Transaction Volume,-0.006732737873617706
Merchant 1,Fair (580-669),5,Royalties,Net Transaction Volume,-0.006600526578600935
Merchant 1,Fair (580-669),6,Royalties,Net Transaction Volume,-0.006576892014843742
Merchant 1,Fair (580-669),7,Royalties,Net Transaction Volume,-0.006516917955120202
Merchant 1,Fair (580-669),8,Royalties,Net Transaction Volume,-0.006435313147810792
Merchant 1,Fair (580-669),9,Royalties,Net Transaction Volume,-0.006402373406786521
Merchant 1,Fair (580-669),10,Royalties,Net Transaction Volume,-0.006356734624242941
Merchant 1,Fair (580-669),11,Royalties,Net Transaction Volume,-0.006148408579347806
Merchant 1,Fair (580-669),12,Royalties,Net Transaction Volume,-0.006010563759836154
Merchant 1,Fair (580-669),13,Royalties,Net Transaction Volume,-0.006027255985267035
Merchant 1,Good (670-739),0,Royalties,Net Transaction Volume,-0.007016450876491369
Merchant 1,Good (670-739),1,Royalties,Net Transaction Volume,-0.006949841498942923
Merchant 1,Good (670-739),2,Royalties,Net Transaction Volume,-0.0069034779610261734
Merchant 1,Good (670-739),3,Royalties,Net Transaction Volume,-0.006800431795464037
Merchant 1,Good (670-739),4,Royalties,Net Transaction Volume,-0.006765623469108873
Merchant 1,Good (670-739),5,Royalties,Net Transaction Volume,-0.006680436137195687
Merchant 1,Good (670-739),6,Royalties,Net Transaction Volume,-0.006579362016119877
Merchant 1,Good (670-739),7,Royalties,Net Transaction Volume,-0.006596442569587458
Merchant 1,Good (670-739),8,Royalties,Net Transaction Volume,-0.006430837291448756
Merchant 1,Good (670-739),9,Royalties,Net Transaction Volume,-0.006378986143533292
Merchant 1,Good (670-739),10,Royalties,Net Transaction Volume,-0.006357879602106734
Merchant 1,Good (670-739),11,Royalties,Net Transaction Volume,-0.006312071148345551
Merchant 1,Good (670-739),12,Royalties,Net Transaction Volume,-0.006114552982671369
Merchant 1,Good (670-739),13,Royalties,Net Transaction Volume,-0.006215866362571657
Merchant 1,Poor (300-579),0,Royalties,Net Transaction Volume,-0.0070299870061931525
Merchant 1,Poor (300-579),1,Royalties,Net Transaction Volume,-0.006973947306516114
Merchant 1,Poor (300-579),2,Royalties,Net Transaction Volume,-0.006904109589041096
Merchant 1,Poor (300-579),3,Royalties,Net Transaction Volume,-0.006819532801295104
Merchant 1,Poor (300-579),4,Royalties,Net Transaction Volume,-0.006777955570932261
Merchant 1,Poor (300-579),5,Royalties,Net Transaction Volume,-0.006670678863745787
Merchant 1,Poor (300-579),6,Royalties,Net Transaction Volume,-0.00664489288074964
Merchant 1,Poor (300-579),7,Royalties,Net Transaction Volume,-0.006579855122456019
Merchant 1,Poor (300-579),8,Royalties,Net Transaction Volume,-0.006393752669147703
Merchant 1,Poor (300-579),9,Royalties,Net Transaction Volume,-0.0063309851022057976
Merchant 1,Poor (300-579),10,Royalties,Net Transaction Volume,-0.006277115222086581
Merchant 1,Poor (300-579),11,Royalties,Net Transaction Volume,-0.006296886314265025
Merchant 1,Poor (300-579),12,Royalties,Net Transaction Volume,-0.00627156125608138
Merchant 1,Poor (300-579),13,Royalties,Net Transaction Volume,-0.006276989512646515
Merchant 1,Very Good (740-799),0,Royalties,Net Transaction Volume,-0.007004509933973315
Merchant 1,Very Good (740-799),1,Royalties,Net Transaction Volume,-0.006978005806549894
Merchant 1,Very Good (740-799),2,Royalties,Net Transaction Volume,-0.006920280601454571
Merchant 1,Very Good (740-799),3,Royalties,Net Transaction Volume,-0.006812559503372135
Merchant 1,Very Good (740-799),4,Royalties,Net Transaction Volume,-0.00683810056017924
Merchant 1,Very Good (740-799),5,Royalties,Net Transaction Volume,-0.006595396083197936
Merchant 1,Very Good (740-799),6,Royalties,Net Transaction Volume,-0.006672806563110735
Merchant 1,Very Good (740-799),7,Royalties,Net Transaction Volume,-0.0065829823820492414
Merchant 1,Very Good (740-799),8,Royalties,Net Transaction Volume,-0.006407454060462359
Merchant 1,Very Good (740-799),9,Royalties,Net Transaction Volume,-0.006371856528035057
Merchant 1,Very Good (740-799),10,Royalties,Net Transaction Volume,-0.006356805354000548
Merchant 1,Very Good (740-799),11,Royalties,Net Transaction Volume,-0.006200027212033349
Merchant 1,Very Good (740-799),12,Royalties,Net Transaction Volume,-0.006041051441904553
Merchant 1,Very Good (740-799),13,Royalties,Net Transaction Volume,-0.006031822479085282
Merchant 10,ALL,0,Royalties,Net Transaction Volume,-0.006941244471926122
Merchant 10,ALL,1,Royalties,Net Transaction Volume,-0.006949879641209774
Merchant 2,Exceptional (800-850),0,Royalties,Net Transaction Volume,-0.006697404907842897
Merchant 2,Exceptional (800-850),1,Royalties,Net Transaction Volume,-0.006565208219062487
Merchant 2,Exceptional (800-850),2,Royalties,Net Transaction Volume,-0.006492080606217066
Merchant 2,Exceptional (800-850),3,Royalties,Net Transaction Volume,-0.006332735311078363
Merchant 2,Exceptional (800-850),4,Royalties,Net Transaction Volume,-0.006317533958293476
Merchant 2,Exceptional (800-850),5,Royalties,Net Transaction Volume,-0.006219816756909092
Merchant 2,Exceptional (800-850),6,Royalties,Net Transaction Volume,-0.006198250847633385
Merchant 2,Exceptional (800-850),7,Royalties,Net Transaction Volume,-0.006014001947941705
Merchant 2,Exceptional (800-850),8,Royalties,Net Transaction Volume,-0.005917797963530993
Merchant 2,Exceptional (800-850),9,Royalties,Net Transaction Volume,-0.005816520998820598
Merchant 2,Exceptional (800-850),10,Royalties,Net Transaction Volume,-0.005710190439581203
Merchant 2,Exceptional (800-850),11,Royalties,Net Transaction Volume,-0.0057402964201982536
Merchant 2,Fair (580-669),0,Royalties,Net Transaction Volume,-0.006680822483261388
Merchant 2,Fair (580-669),1,Royalties,Net Transaction Volume,-0.0065444422481386304
Merchant 2,Fair (580-669),2,Royalties,Net Transaction Volume,-0.006557004727626921
Merchant 2,Fair (580-669),3,Royalties,Net Transaction Volume,-0.00638367882327881
Merchant 2,Fair (580-669),4,Royalties,Net Transaction Volume,-0.006311180960933992
Merchant 2,Fair (580-669),5,Royalties,Net Transaction Volume,-0.0062618314692132315
Merchant 2,Fair (580-669),6,Royalties,Net Transaction Volume,-0.006134358445454972
Merchant 2,Fair (580-669),7,Royalties,Net Transaction Volume,-0.006006661076401601
Merchant 2,Fair (580-669),8,Royalties,Net Transaction Volume,-0.005824292952152901
Merchant 2,Fair (580-669),9,Royalties,Net Transaction Volume,-0.005999491837642127
Merchant 2,Fair (580-669),10,Royalties,Net Transaction Volume,-0.005859903026741111
Merchant 2,Fair (580-669),11,Royalties,Net Transaction Volume,-0.0057555886736214605
Merchant 2,Good (670-739),0,Royalties,Net Transaction Volume,-0.006630332048522709
Merchant 2,Good (670-739),1,Royalties,Net Transaction Volume,-0.006479018902443187
Merchant 2,Good (670-739),2,Royalties,Net Transaction Volume,-0.006492247581836375
Merchant 2,Good (670-739),3,Royalties,Net Transaction Volume,-0.006457541646290306
Merchant 2,Good (670-739),4,Royalties,Net Transaction Volume,-0.006286571790550929
Merchant 2,Good (670-739),5,Royalties,Net Transaction Volume,-0.006256374316461182
Merchant 2,Good (670-739),6,Royalties,Net Transaction Volume,-0.0061617143092049945
Merchant 2,Good (670-739),7,Royalties,Net Transaction Volume,-0.006038329464576899
Merchant 2,Good (670-739),8,Royalties,Net Transaction Volume,-0.00602084285061672
Merchant 2,Good (670-739),9,Royalties,Net Transaction Volume,-0.005824737562756732
Merchant 2,Good (670-739),10,Royalties,Net Transaction Volume,-0.005648729630997824
Merchant 2,Good (670-739),11,Royalties,Net Transaction Volume,-0.00556410764311384
Merchant 2,Poor (300-579),0,Royalties,Net Transaction Volume,-0.00662532334018704
Merchant 2,Poor (300-579),1,Royalties,Net Transaction Volume,-0.006617753303257501
Merchant 2,Poor (300-579),2,Royalties,Net Transaction Volume,-0.006443140542050852
Merchant 2,Poor (300-579),3,Royalties,Net Transaction Volume,-0.006429833555114417
Merchant 2,Poor (300-579),4,Royalties,Net Transaction Volume,-0.006283856196414653
Merchant 2,Poor (300-579),5,Royalties,Net Transaction Volume,-0.006241235962027672
Merchant 2,Poor (300-579),6,Royalties,Net Transaction Volume,-0.006102511179910561
Merchant 2,Poor (300-579),7,Royalties,Net Transaction Volume,-0.0060152963671128105
Merchant 2,Poor (300-579),8,Royalties,Net Transaction Volume,-0.005939571266495492
Merchant 2,Poor (300-579),9,Royalties,Net Transaction Volume,-0.0057806016597510375
Merchant 2,Poor (300-579),10,Royalties,Net Transaction Volume,-0.005834821428571429
Merchant 2,Poor (300-579),11,Royalties,Net Transaction Volume,-0.00581642210427724
Merchant 2,Very Good (740-799),0,Royalties,Net Transaction Volume,-0.006637996452993639
Merchant 2,Very Good (740-799),1,Royalties,Net Transaction Volume,-0.006597689050903429
Merchant 2,Very Good (740-799),2,Royalties,Net Transaction Volume,-0.006473572686304354
Merchant 2,Very Good (740-799),3,Royalties,Net Transaction Volume,-0.006358626044369529
Merchant 2,Very Good (740-799),4,Royalties,Net Transaction Volume,-0.006341918385624033
Merchant 2,Very Good (740-799),5,Royalties,Net Transaction Volume,-0.006206022266757052
Merchant 2,Very Good (740-799),6,Royalties,Net Transaction Volume,-0.006154164472894209
Merchant 2,Very Good (740-799),7,Royalties,Net Transaction Volume,-0.006112959114509349
Merchant 2,Very Good (740-799),8,Royalties,Net Transaction Volume,-0.00598304246255325
Merchant 2,Very Good (740-799),9,Royalties,Net Transaction Volume,-0.005868301153380488
Merchant 2,Very Good (740-799),10,Royalties,Net Transaction Volume,-0.005827347567975335
Merchant 2,Very Good (740-799),11,Royalties,Net Transaction Volume,-0.00585014932038293
Merchant 3,Exceptional (800-850),0,Royalties,Net Transaction Volume,-0.0069127165920331276
Merchant 3,Exceptional (800-850),1,Royalties,Net Transaction Volume,-0.006837601326207921
Merchant 3,Exceptional (800-850),2,Royalties,Net Transaction Volume,-0.00681306695593091
Merchant 3,Exceptional (800-850),3,Royalties,Net Transaction Volume,-0.006665408214880032
Merchant 3,Exceptional (800-850),4,Royalties,Net Transaction Volume,-0.006666786737027898
Merchant 3,Exceptional (800-850),5,Royalties,Net Transaction Volume,-0.0065429874380997675
Merchant 3,Exceptional (800-850),6,Royalties,Net Transaction Volume,-0.006270532503086585
Merchant 3,Exceptional (800-850),7,Royalties,Net Transaction Volume,-0.006296277492333625
Merchant 3,Exceptional (800-850),8,Royalties,Net Transaction Volume,-0.006286585484278196
Merchant 3,Exceptional (800-850),9,Royalties,Net Transaction Volume,-0.006268975332068311
Merchant 3,Fair (580-669),0,Royalties,Net Transaction Volume,-0.0069307596197947146
Merchant 3,Fair (580-669),1,Royalties,Net Transaction Volume,-0.006800213020651692
Merchant 3,Fair (580-669),2,Royalties,Net Transaction Volume,-0.006718778258880603
Merchant 3,Fair (580-669),3,Royalties,Net Transaction Volume,-0.006629583006544563
Merchant 3,Fair (580-669),4,Royalties,Net Transaction Volume,-0.006569077282301651
Merchant 3,Fair (580-669),5,Royalties,Net Transaction Volume,-0.00650738644793455
Merchant 3,Fair (580-669),6,Royalties,Net Transaction Volume,-0.00646461581256559
Merchant 3,Fair (580-669),7,Royalties,Net Transaction Volume,-0.00629110781842323
Merchant 3,Fair (580-669),8,Royalties,Net Transaction Volume,-0.006343814551296764
Merchant 3,Fair (580-669),9,Royalties,Net Transaction Volume,-0.006109883170192612
Merchant 3,Good (670-739),0,Royalties,Net Transaction Volume,-0.006970957806128699
Merchant 3,Good (670-739),1,Royalties,Net Transaction Volume,-0.006812187743381352
Merchant 3,Good (670-739),2,Royalties,Net Transaction Volume,-0.006760491701733519
Merchant 3,Good (670-739),3,Royalties,Net Transaction Volume,-0.006641837075308767
Merchant 3,Good (670-739),4,Royalties,Net Transaction Volume,-0.006560864223907702
Merchant 3,Good (670-739),5,Royalties,Net Transaction Volume,-0.006494975710387968
Merchant 3,Good (670-739),6,Royalties,Net Transaction Volume,-0.006392463853961929
Merchant 3,Good (670-739),7,Royalties,Net Transaction Volume,-0.006449093022080744
Merchant 3,Good (670-739),8,Royalties,Net Transaction Volume,-0.00627394245659793
Merchant 3,Good (670-739),9,Royalties,Net Transaction Volume,-0.006336410093887414
Merchant 3,Poor (300-579),0,Royalties,Net Transaction Volume,-0.006962194900707537
Merchant 3,Poor (300-579),1,Royalties,Net Transaction Volume,-0.006849736379613357
Merchant 3,Poor (300-579),2,Royalties,Net Transaction Volume,-0.006785903851986654
Merchant 3,Poor (300-579),3,Royalties,Net Transaction Volume,-0.006713205213585767
Merchant 3,Poor (300-579),4,Royalties,Net Transaction Volume,-0.0065898957687424336
Merchant 3,Poor (300-579),5,Royalties,Net Transaction Volume,-0.0065021847220129575
Merchant 3,Poor (300-579),6,Royalties,Net Transaction Volume,-0.0064778891238392936
Merchant 3,Poor (300-579),7,Royalties,Net Transaction Volume,-0.006330176495910461
Merchant 3,Poor (300-579),8,Royalties,Net Transaction Volume,-0.006293481438175972
Merchant 3,Poor (300-579),9,Royalties,Net Transaction Volume,-0.006292070735881347
Merchant 3,Very Good (740-799),0,Royalties,Net Transaction Volume,-0.006862787218835072
Merchant 3,Very Good (740-799),1,Royalties,Net Transaction Volume,-0.0068204946723923986
Merchant 3,Very Good (740-799),2,Royalties,Net Transaction Volume,-0.006720612261997026
Merchant 3,Very Good (740-799),3,Royalties,Net Transaction Volume,-0.0066641256678095845
Merchant 3,Very Good (740-799),4,Royalties,Net Transaction Volume,-0.006557109464759716
Merchant 3,Very Good (740-799),5,Royalties,Net Transaction Volume,-0.006521153902020974
Merchant 3,Very Good (740-799),6,Royalties,Net Transaction Volume,-0.00631767075317072
Merchant 3,Very Good (740-799),7,Royalties,Net Transaction Volume,-0.0064131563560838115
Merchant 3,Very Good (740-799),8,Royalties,Net Transaction Volume,-0.006244721410131473
Merchant 3,Very Good (740-799),9,Royalties,Net Transaction Volume,-0.006231604342581423
Merchant 4,Exceptional (800-850),0,Royalties,Net Transaction Volume,-0.007210686466338822
Merchant 4,Exceptional (800-850),1,Royalties,Net Transaction Volume,-0.0071955583407029115
Merchant 4,Exceptional (800-850),2,Royalties,Net Transaction Volume,-0.007155578646405549
Merchant 4,Exceptional (800-850),3,Royalties,Net Transaction Volume,-0.0071239918233991055
Merchant 4,Exceptional (800-850),4,Royalties,Net Transaction Volume,-0.007119314598770298
Merchant 4,Exceptional (800-850),5,Royalties,Net Transaction Volume,-0.006988334413480233
Merchant 4,Exceptional (800-850),6,Royalties,Net Transaction Volume,-0.006982416895570505
Merchant 4,Exceptional (800-850),7,Royalties,Net Transaction Volume,-0.006881056967542346
Merchant 4,Exceptional (800-850),8,Royalties,Net Transaction Volume,-0.006889943636902996
Merchant 4,Fair (580-669),0,Royalties,Net Transaction Volume,-0.007240431567159512
Merchant 4,Fair (580-669),1,Royalties,Net Transaction Volume,-0.007261214125799388
Merchant 4,Fair (580-669),2,Royalties,Net Transaction Volume,-0.007085259804039
Merchant 4,Fair (580-669),3,Royalties,Net Transaction Volume,-0.007035875203715342
Merchant 4,Fair (580-669),4,Royalties,Net Transaction Volume,-0.007090017363755446
Merchant 4,Fair (580-669),5,Royalties,Net Transaction Volume,-0.007038777417954796
Merchant 4,Fair (580-669),6,Royalties,Net Transaction Volume,-0.006881026198314529
Merchant 4,Fair (580-669),7,Royalties,Net Transaction Volume,-0.006781884480117376
Merchant 4,Fair (580-669),8,Royalties,Net Transaction Volume,-0.006904467460194775
Merchant 4,Good (670-739),0,Royalties,Net Transaction Volume,-0.00721761031357161
Merchant 4,Good (670-739),1,Royalties,Net Transaction Volume,-0.007314204569185148
Merchant 4,Good (670-739),2,Royalties,Net Transaction Volume,-0.0071577382744839185
Merchant 4,Good (670-739),3,Royalties,Net Transaction Volume,-0.007070616331113887
Merchant 4,Good (670-739),4,Royalties,Net Transaction Volume,-0.00704429535043105
Merchant 4,Good (670-739),5,Royalties,Net Transaction Volume,-0.0069162603943700085
Merchant 4,Good (670-739),6,Royalties,Net Transaction Volume,-0.006856175403150372
Merchant 4,Good (670-739),7,Royalties,Net Transaction Volume,-0.0068922733297334445
Merchant 4,Good (670-739),8,Royalties,Net Transaction Volume,-0.006768724979312505
Merchant 4,Poor (300-579),0,Royalties,Net Transaction Volume,-0.007240809848582336
Merchant 4,Poor (300-579),1,Royalties,Net Transaction Volume,-0.007225832763247908
Merchant 4,Poor (300-579),2,Royalties,Net Transaction Volume,-0.007167017449584285
Merchant 4,Poor (300-579),3,Royalties,Net Transaction Volume,-0.007078033688552767
Merchant 4,Poor (300-579),4,Royalties,Net Transaction Volume,-0.007095328432534977
Merchant 4,Poor (300-579),5,Royalties,Net Transaction Volume,-0.0069436386887495715
Merchant 4,Poor (300-579),6,Royalties,Net Transaction Volume,-0.007038530279729
Merchant 4,Poor (300-579),7,Royalties,Net Transaction Volume,-0.006685874078467926
Merchant 4,Poor (300-579),8,Royalties,Net Transaction Volume,-0.00694676570721139
Merchant 4,Very Good (740-799),0,Royalties,Net Transaction Volume,-0.007307782205004095
Merchant 4,Very Good (740-799),1,Royalties,Net Transaction Volume,-0.007304539770898253
Merchant 4,Very Good (740-799),2,Royalties,Net Transaction Volume,-0.007064972999016321
Merchant 4,Very Good (740-799),3,Royalties,Net Transaction Volume,-0.007090188272372896
Merchant 4,Very Good (740-799),4,Royalties,Net Transaction Volume,-0.00696644927753014
Merchant 4,Very Good (740-799),5,Royalties,Net Transaction Volume,-0.006977151157314456
Merchant 4,Very Good (740-799),6,Royalties,Net Transaction Volume,-0.007014018000167264
Merchant 4,Very Good (740-799),7,Royalties,Net Transaction Volume,-0.006825077242566986
Merchant 4,Very Good (740-799),8,Royalties,Net Transaction Volume,-0.0067774918272240385
Merchant 5,Exceptional (800-850),0,Royalties,Net Transaction Volume,-0.006791713765860087
Merchant 5,Exceptional (800-850),1,Royalties,Net Transaction Volume,-0.006665307232191408
Merchant 5,Exceptional (800-850),2,Royalties,Net Transaction Volume,-0.006699047022174706
Merchant 5,Exceptional (800-850),3,Royalties,Net Transaction Volume,-0.006444901221879639
Merchant 5,Exceptional (800-850),4,Royalties,Net Transaction Volume,-0.006352979441380151
Merchant 5,Exceptional (800-850),5,Royalties,Net Transaction Volume,-0.006387061827748975
Merchant 5,Exceptional (800-850),6,Royalties,Net Transaction Volume,-0.006375639894086496
Merchant 5,Exceptional (800-850),7,Royalties,Net Transaction Volume,-0.006298681845416417
Merchant 5,Fair (580-669),0,Royalties,Net Transaction Volume,-0.006795909979811848
Merchant 5,Fair (580-669),1,Royalties,Net Transaction Volume,-0.006728935612841969
Merchant 5,Fair (580-669),2,Royalties,Net Transaction Volume,-0.0066019802837636934
Merchant 5,Fair (580-669),3,Royalties,Net Transaction Volume,-0.006520461831072695
Merchant 5,Fair (580-669),4,Royalties,Net Transaction Volume,-0.006347606781414699
Merchant 5,Fair (580-669),5,Royalties,Net Transaction Volume,-0.006321027784227227
Merchant 5,Fair (580-669),6,Royalties,Net Transaction Volume,-0.006209298326072002
Merchant 5,Fair (580-669),7,Royalties,Net Transaction Volume,-0.006105716041794714
Merchant 5,Good (670-739),0,Royalties,Net Transaction Volume,-0.0068163575186415545
Merchant 5,Good (670-739),1,Royalties,Net Transaction Volume,-0.0067656879419926595
Merchant 5,Good (670-739),2,Royalties,Net Transaction Volume,-0.0065716640613897965
Merchant 5,Good (670-739),3,Royalties,Net Transaction Volume,-0.006543984999786929
Merchant 5,Good (670-739),4,Royalties,Net Transaction Volume,-0.006427632659766716
Merchant 5,Good (670-739),5,Royalties,Net Transaction Volume,-0.0063651656314699795
Merchant 5,Good (670-739),6,Royalties,Net Transaction Volume,-0.006314425323985553
Merchant 5,Good (670-739),7,Royalties,Net Transaction Volume,-0.005954401805869074
Merchant 5,Poor (300-579),0,Royalties,Net Transaction Volume,-0.006889993650203658
Merchant 5,Poor (300-579),1,Royalties,Net Transaction Volume,-0.006783151143007998
Merchant 5,Poor (300-579),2,Royalties,Net Transaction Volume,-0.006673828856964398
Merchant 5,Poor (300-579),3,Royalties,Net Transaction Volume,-0.006586325003171381
Merchant 5,Poor (300-579),4,Royalties,Net Transaction Volume,-0.006384882030638488
Merchant 5,Poor (300-579),5,Royalties,Net Transaction Volume,-0.00631407243572021
Merchant 5,Poor (300-579),6,Royalties,Net Transaction Volume,-0.006228395716254904
Merchant 5,Poor (300-579),7,Royalties,Net Transaction Volume,-0.006167070751597972
Merchant 5,Very Good (740-799),0,Royalties,Net Transaction Volume,-0.006783184877607742
Merchant 5,Very Good (740-799),1,Royalties,Net Transaction Volume,-0.006659785022283008
Merchant 5,Very Good (740-799),2,Royalties,Net Transaction Volume,-0.0066927081649151175
Merchant 5,Very Good (740-799),3,Royalties,Net Transaction Volume,-0.0064919928680090945
Merchant 5,Very Good (740-799),4,Royalties,Net Transaction Volume,-0.006410794516889088
Merchant 5,Very Good (740-799),5,Royalties,Net Transaction Volume,-0.006312538090752951
Merchant 5,Very Good (740-799),6,Royalties,Net Transaction Volume,-0.006117176307859507
Merchant 5,Very Good (740-799),7,Royalties,Net Transaction Volume,-0.0061089554555331365
Merchant 6,Exceptional (800-850),0,Royalties,Net Transaction Volume,-0.007081054356150572
Merchant 6,Exceptional (800-850),1,Royalties,Net Transaction Volume,-0.007007231158053181
Merchant 6,Exceptional (800-850),2,Royalties,Net Transaction Volume,-0.00699681746107879
Merchant 6,Exceptional (800-850),3,Royalties,Net Transaction Volume,-0.006922742838694303
Merchant 6,Exceptional (800-850),4,Royalties,Net Transaction Volume,-0.006796705346148147
Merchant 6,Exceptional (800-850),5,Royalties,Net Transaction Volume,-0.006737259034160935
Merchant 6,Exceptional (800-850),6,Royalties,Net Transaction Volume,-0.006849184538687805
Merchant 6,Fair (580-669),0,Royalties,Net Transaction Volume,-0.00710264294804223
Merchant 6,Fair (580-669),1,Royalties,Net Transaction Volume,-0.007102210945994926
Merchant 6,Fair (580-669),2,Royalties,Net Transaction Volume,-0.0069127899182196
Merchant 6,Fair (580-669),3,Royalties,Net Transaction Volume,-0.006872150825830986
Merchant 6,Fair (580-669),4,Royalties,Net Transaction Volume,-0.006863671572424477
Merchant 6,Fair (580-669),5,Royalties,Net Transaction Volume,-0.006889153754469607
Merchant 6,Fair (580-669),6,Royalties,Net Transaction Volume,-0.0068789294054248246
Merchant 6,Good (670-739),0,Royalties,Net Transaction Volume,-0.007028107436172586
Merchant 6,Good (670-739),1,Royalties,Net Transaction Volume,-0.0070525833324586356
Merchant 6,Good (670-739),2,Royalties,Net Transaction Volume,-0.006947511859508026
Merchant 6,Good (670-739),3,Royalties,Net Transaction Volume,-0.00680152741647951
Merchant 6,Good (670-739),4,Royalties,Net Transaction Volume,-0.006912040484266843
Merchant 6,Good (670-739),5,Royalties,Net Transaction Volume,-0.006748633512845651
Merchant 6,Good (670-739),6,Royalties,Net Transaction Volume,-0.006800235363342159
Merchant 6,Poor (300-579),0,Royalties,Net Transaction Volume,-0.007162057533104366
Merchant 6,Poor (300-579),1,Royalties,Net Transaction Volume,-0.0069978254960587115
Merchant 6,Poor (300-579),2,Royalties,Net Transaction Volume,-0.006971234667828902
Merchant 6,Poor (300-579),3,Royalties,Net Transaction Volume,-0.006858665529737796
Merchant 6,Poor (300-579),4,Royalties,Net Transaction Volume,-0.006896513187304425
Merchant 6,Poor (300-579),5,Royalties,Net Transaction Volume,-0.006739202842233818
Merchant 6,Poor (300-579),6,Royalties,Net Transaction Volume,-0.006857615894039735
Merchant 6,Very Good (740-799),0,Royalties,Net Transaction Volume,-0.007110295174597203
Merchant 6,Very Good (740-799),1,Royalties,Net Transaction Volume,-0.007111277246921945
Merchant 6,Very Good (740-799),2,Royalties,Net Transaction Volume,-0.006928979837496238
Merchant 6,Very Good (740-799),3,Royalties,Net Transaction Volume,-0.006815614895059471
Merchant 6,Very Good (740-799),4,Royalties,Net Transaction Volume,-0.00666379960138544
Merchant 6,Very Good (740-799),5,Royalties,Net Transaction Volume,-0.006792285916489738
Merchant 6,Very Good (740-799),6,Royalties,Net Transaction Volume,-0.006638533140952794
Merchant 7,Exceptional (800-850),0,Royalties,Net Transaction Volume,-0.006305350433847921
Merchant 7,Exceptional (800-850),1,Royalties,Net Transaction Volume,-0.006134490991366147
Merchant 7,Exceptional (800-850),2,Royalties,Net Transaction Volume,-0.006180266241792132
Merchant 7,Exceptional (800-850),3,Royalties,Net Transaction Volume,-0.006146400065574442
Merchant 7,Exceptional (800-850),4,Royalties,Net Transaction Volume,-0.005929544796968159
Merchant 7,Exceptional (800-850),5,Royalties,Net Transaction Volume,-0.005877570587199405
Merchant 7,Fair (580-669),0,Royalties,Net Transaction Volume,-0.006358333462787193
Merchant 7,Fair (580-669),1,Royalties,Net Transaction Volume,-0.006293921618303354
Merchant 7,Fair (580-669),2,Royalties,Net Transaction Volume,-0.006150925862967747
Merchant 7,Fair (580-669),3,Royalties,Net Transaction Volume,-0.006051187974210095
Merchant 7,Fair (580-669),4,Royalties,Net Transaction Volume,-0.006084389054828853
Merchant 7,Fair (580-669),5,Royalties,Net Transaction Volume,-0.005831445069804839
Merchant 7,Good (670-739),0,Royalties,Net Transaction Volume,-0.006273298379104192
Merchant 7,Good (670-739),1,Royalties,Net Transaction Volume,-0.006189448898652338
Merchant 7,Good (670-739),2,Royalties,Net Transaction Volume,-0.006137163316117616
Merchant 7,Good (670-739),3,Royalties,Net Transaction Volume,-0.006051048336315517
Merchant 7,Good (670-739),4,Royalties,Net Transaction Volume,-0.006095457090774785
Merchant 7,Good (670-739),5,Royalties,Net Transaction Volume,-0.005805590639372781
Merchant 7,Poor (300-579),0,Royalties,Net Transaction Volume,-0.00633071682464455
Merchant 7,Poor (300-579),1,Royalties,Net Transaction Volume,-0.006212185368148671
Merchant 7,Poor (300-579),2,Royalties,Net Transaction Volume,-0.006098302362927277
Merchant 7,Poor (300-579),3,Royalties,Net Transaction Volume,-0.006084162895927602
Merchant 7,Poor (300-579),4,Royalties,Net Transaction Volume,-0.0059597971749366175
Merchant 7,Poor (300-579),5,Royalties,Net Transaction Volume,-0.00587126600284495
Merchant 7,Very Good (740-799),0,Royalties,Net Transaction Volume,-0.006383309594579788
Merchant 7,Very Good (740-799),1,Royalties,Net Transaction Volume,-0.00621794214531113
Merchant 7,Very Good (740-799),2,Royalties,Net Transaction Volume,-0.0061407624423368955
Merchant 7,Very Good (740-799),3,Royalties,Net Transaction Volume,-0.005952069898935003
Merchant 7,Very Good (740-799),4,Royalties,Net Transaction Volume,-0.005887109691887171
Merchant 7,Very Good (740-799),5,Royalties,Net Transaction Volume,-0.005790420089908542
Merchant 8,Exceptional (800-850),0,Royalties,Net Transaction Volume,-0.006614571362905079
Merchant 8,Exceptional (800-850),1,Royalties,Net Transaction Volume,-0.006433069930485414
Merchant 8,Exceptional (800-850),2,Royalties,Net Transaction Volume,-0.006365770541461567
Merchant 8,Exceptional (800-850),3,Royalties,Net Transaction Volume,-0.006260815340244758
Merchant 8,Exceptional (800-850),4,Royalties,Net Transaction Volume,-0.006342500708817692
Merchant 8,Fair (580-669),0,Royalties,Net Transaction Volume,-0.0065563282956622535
Merchant 8,Fair (580-669),1,Royalties,Net Transaction Volume,-0.0065618643575289124
Merchant 8,Fair (580-669),2,Royalties,Net Transaction Volume,-0.006378543527864795
Merchant 8,Fair (580-669),3,Royalties,Net Transaction Volume,-0.006274372718092131
Merchant 8,Fair (580-669),4,Royalties,Net Transaction Volume,-0.00621295902452857
Merchant 8,Good (670-739),0,Royalties,Net Transaction Volume,-0.006459204344640318
Merchant 8,Good (670-739),1,Royalties,Net Transaction Volume,-0.006419944724188846
Merchant 8,Good (670-739),2,Royalties,Net Transaction Volume,-0.006478695218881408
Merchant 8,Good (670-739),3,Royalties,Net Transaction Volume,-0.006382663639056175
Merchant 8,Good (670-739),4,Royalties,Net Transaction Volume,-0.006216891108534736
Merchant 8,Poor (300-579),0,Royalties,Net Transaction Volume,-0.006536612172001649
Merchant 8,Poor (300-579),1,Royalties,Net Transaction Volume,-0.006566361663993963
Merchant 8,Poor (300-579),2,Royalties,Net Transaction Volume,-0.006279127111330292
Merchant 8,Poor (300-579),3,Royalties,Net Transaction Volume,-0.006307732911058327
Merchant 8,Poor (300-579),4,Royalties,Net Transaction Volume,-0.006388751850024667
Merchant 8,Very Good (740-799),0,Royalties,Net Transaction Volume,-0.006613223084938322
Merchant 8,Very Good (740-799),1,Royalties,Net Transaction Volume,-0.0064528844269256735
Merchant 8,Very Good (740-799),2,Royalties,Net Transaction Volume,-0.006437747318919539
Merchant 8,Very Good (740-799),3,Royalties,Net Transaction Volume,-0.0063222203792779345
Merchant 8,Very Good (740-799),4,Royalties,Net Transaction Volume,-0.006356816699282453
Merchant 9,ALL,0,Royalties,Net Transaction Volume,-0.006848080416243342
Merchant 9,ALL,1,Royalties,Net Transaction Volume,-0.006598933255150484
Merchant 9,ALL,2,Royalties,Net Transaction Volume,-0.006634314339386349
Merchant 9,ALL,3,Royalties,Net Transaction Volume,-0.006425450573457127
Merchant 1,Exceptional (800-850),0,Rebates,Net Transaction Volume,-0.0020034865439684654
Merchant 1,Exceptional (800-850),1,Rebates,Net Transaction Volume,-0.0020389292630284515
Merchant 1,Exceptional (800-850),2,Rebates,Net Transaction Volume,-0.0019875823689019328
Merchant 1,Exceptional (800-850),3,Rebates,Net Transaction Volume,-0.0019886340945215217
Merchant 1,Exceptional (800-850),4,Rebates,Net Transaction Volume,-0.0019707884475579935
Merchant 1,Exceptional (800-850),5,Rebates,Net Transaction Volume,-0.001998019216175544
Merchant 1,Exceptional (800-850),6,Rebates,Net Transaction Volume,-0.001988650827477158
Merchant 1,Exceptional (800-850),7,Rebates,Net Transaction Volume,-0.0019774292198967585
Merchant 1,Exceptional (800-850),8,Rebates,Net Transaction Volume,-0.0020076073252558923
Merchant 1,Exceptional (800-850),9,Rebates,Net Transaction Volume,-0.0020055231470796557
Merchant 1,Exceptional (800-850),10,Rebates,Net Transaction Volume,-0.0020100388893913358
Merchant 1,Exceptional (800-850),11,Rebates,Net Transaction Volume,-0.0019474457726352274
Merchant 1,Exceptional (800-850),12,Rebates,Net Transaction Volume,-0.0019512058954890576
Merchant 1,Exceptional (800-850),13,Rebates,Net Transaction Volume,-0.0019391368568560986
Merchant 1,Fair (580-669),0,Rebates,Net Transaction Volume,-0.0019960985036667684
Merchant 1,Fair (580-669),1,Rebates,Net Transaction Volume,-0.0019817233474246536
Merchant 1,Fair (580-669),2,Rebates,Net Transaction Volume,-0.001967456608327604
Merchant 1,Fair (580-669),3,Rebates,Net Transaction Volume,-0.0020293300000683045
Merchant 1,Fair (580-669),4,Rebates,Net Transaction Volume,-0.0020070856379569104
Merchant 1,Fair (580-669),5,Rebates,Net Transaction Volume,-0.0019801171183440013
Merchant 1,Fair (580-669),6,Rebates,Net Transaction Volume,-0.002005234156963371
Merchant 1,Fair (580-669),7,Rebates,Net Transaction Volume,-0.0019802170363968116
Merchant 1,Fair (580-669),8,Rebates,Net Transaction Volume,-0.0020298071486902444
Merchant 1,Fair (580-669),9,Rebates,Net Transaction Volume,-0.0020327972435308867
Merchant 1,Fair (580-669),10,Rebates,Net Transaction Volume,-0.0020033877237664666
Merchant 1,Fair (580-669),11,Rebates,Net Transaction Volume,-0.002012761128783228
Merchant 1,Fair (580-669),12,Rebates,Net Transaction Volume,-0.001990586037152815
Merchant 1,Fair (580-669),13,Rebates,Net Transaction Volume,-0.001974217311233886
Merchant 1,Good (670-739),0,Rebates,Net Transaction Volume,-0.0020070985802839434
Merchant 1,Good (670-739),1,Rebates,Net Transaction Volume,-0.002028910399073937
Merchant 1,Good (670-739),2,Rebates,Net Transaction Volume,-0.0019688822984147464
Merchant 1,Good (670-739),3,Rebates,Net Transaction Volume,-0.0019901187588292676
Merchant 1,Good (670-739),4,Rebates,Net Transaction Volume,-0.00200079412962877
Merchant 1,Good (670-739),5,Rebates,Net Transaction Volume,-0.0019989289674489717
Merchant 1,Good (670-739),6,Rebates,Net Transaction Volume,-0.001958678624134408
Merchant 1,Good (670-739),7,Rebates,Net Transaction Volume,-0.0019882526185256537
Merchant 1,Good (670-739),8,Rebates,Net Transaction Volume,-0.001981172516675526
Merchant 1,Good (670-739),9,Rebates,Net Transaction Volume,-0.0020135780523847257
Merchant 1,Good (670-739),10,Rebates,Net Transaction Volume,-0.002031274696252033
Merchant 1,Good (670-739),11,Rebates,Net Transaction Volume,-0.0020545804091967675
Merchant 1,Good (670-739),12,Rebates,Net Transaction Volume,-0.001993559270050606
Merchant 1,Good (670-739),13,Rebates,Net Transaction Volume,-0.0019910004314861616
Merchant 1,Poor (300-579),0,Rebates,Net Transaction Volume,-0.0020030712634367775
Merchant 1,Poor (300-579),1,Rebates,Net Transaction Volume,-0.0020005096839959225
Merchant 1,Poor (300-579),2,Rebates,Net Transaction Volume,-0.0019857620537158884
Merchant 1,Poor (300-579),3,Rebates,Net Transaction Volume,-0.001997040484652257
Merchant 1,Poor (300-579),4,Rebates,Net Transaction Volume,-0.001986478109818507
Merchant 1,Poor (300-579),5,Rebates,Net Transaction Volume,-0.0020118302496732925
Merchant 1,Poor (300-579),6,Rebates,Net Transaction Volume,-0.0020140751973249348
Merchant 1,Poor (300-579),7,Rebates,Net Transaction Volume,-0.0020524318730596757
Merchant 1,Poor (300-579),8,Rebates,Net Transaction Volume,-0.0019705936184491487
Merchant 1,Poor (300-579),9,Rebates,Net Transaction Volume,-0.001982523001116372
Merchant 1,Poor (300-579),10,Rebates,Net Transaction Volume,-0.0020048830876138604
Merchant 1,Poor (300-579),11,Rebates,Net Transaction Volume,-0.0019695872556118755
Merchant 1,Poor (300-579),12,Rebates,Net Transaction Volume,-0.0019312988353236032
Merchant 1,Poor (300-579),13,Rebates,Net Transaction Volume,-0.001974090067859346
Merchant 1,Very Good (740-799),0,Rebates,Net Transaction Volume,-0.001977412541030496
Merchant 1,Very Good (740-799),1,Rebates,Net Transaction Volume,-0.0020028603839777085
Merchant 1,Very Good (740-799),2,Rebates,Net Transaction Volume,-0.001999369959981985
Merchant 1,Very Good (740-799),3,Rebates,Net Transaction Volume,-0.0020033079357168605
Merchant 1,Very Good (740-799),4,Rebates,Net Transaction Volume,-0.0020125849347050555
Merchant 1,Very Good (740-799),5,Rebates,Net Transaction Volume,-0.0020295930643580936
Merchant 1,Very Good (740-799),6,Rebates,Net Transaction Volume,-0.0019925882678639463
Merchant 1,Very Good (740-799),7,Rebates,Net Transaction Volume,-0.0019933135577963343
Merchant 1,Very Good (740-799),8,Rebates,Net Transaction Volume,-0.0019756882697754066
Merchant 1,Very Good (740-799),9,Rebates,Net Transaction Volume,-0.001992413463701128
Merchant 1,Very Good (740-799),10,Rebates,Net Transaction Volume,-0.0019841407250943592
Merchant 1,Very Good (740-799),11,Rebates,Net Transaction Volume,-0.0019892934723962073
Merchant 1,Very Good (740-799),12,Rebates,Net Transaction Volume,-0.002009734222902767
Merchant 1,Very Good (740-799),13,Rebates,Net Transaction Volume,-0.0019889049428301313
Merchant 10,ALL,0,Rebates,Net Transaction Volume,-0.001994811339776592
Merchant 10,ALL,1,Rebates,Net Transaction Volume,-0.0020037385188472452
Merchant 2,Exceptional (800-850),0,Rebates,Net Transaction Volume,-0.0020428697988317404
Merchant 2,Exceptional (800-850),1,Rebates,Net Transaction Volume,-0.0020280156955402727
Merchant 2,Exceptional (800-850),2,Rebates,Net Transaction Volume,-0.002022558503287725
Merchant 2,Exceptional (800-850),3,Rebates,Net Transaction Volume,-0.0020115863129497595
Merchant 2,Exceptional (800-850),4,Rebates,Net Transaction Volume,-0.001999115171226325
Merchant 2,Exceptional (800-850),5,Rebates,Net Transaction Volume,-0.0020102174812469645
Merchant 2,Exceptional (800-850),6,Rebates,Net Transaction Volume,-0.0019802493551320014
Merchant 2,Exceptional (800-850),7,Rebates,Net Transaction Volume,-0.0019696103223039324
Merchant 2,Exceptional (800-850),8,Rebates,Net Transaction Volume,-0.001966988842778237
Merchant 2,Exceptional (800-850),9,Rebates,Net Transaction Volume,-0.001993657786004952
Merchant 2,Exceptional (800-850),10,Rebates,Net Transaction Volume,-0.002020366545700939
Merchant 2,Exceptional (800-850),11,Rebates,Net Transaction Volume,-0.0019674513621344447
Merchant 2,Fair (580-669),0,Rebates,Net Transaction Volume,-0.001970853476803817
Merchant 2,Fair (580-669),1,Rebates,Net Transaction Volume,-0.0020153851222244187
Merchant 2,Fair (580-669),2,Rebates,Net Transaction Volume,-0.0020207635473831753
Merchant 2,Fair (580-669),3,Rebates,Net Transaction Volume,-0.0019978250389587095
Merchant 2,Fair (580-669),4,Rebates,Net Transaction Volume,-0.002015194359154844
Merchant 2,Fair (580-669),5,Rebates,Net Transaction Volume,-0.001987456531585129
Merchant 2,Fair (580-669),6,Rebates,Net Transaction Volume,-0.0019886550091416247
Merchant 2,Fair (580-669),7,Rebates,Net Transaction Volume,-0.0019841504174983172
Merchant 2,Fair (580-669),8,Rebates,Net Transaction Volume,-0.0019433777686927829
Merchant 2,Fair (580-669),9,Rebates,Net Transaction Volume,-0.002051705519913612
Merchant 2,Fair (580-669),10,Rebates,Net Transaction Volume,-0.002001910079341757
Merchant 2,Fair (580-669),11,Rebates,Net Transaction Volume,-0.0019523099850968703
Merchant 2,Good (670-739),0,Rebates,Net Transaction Volume,-0.00201116526003303
Merchant 2,Good (670-739),1,Rebates,Net Transaction Volume,-0.001980353473639659
Merchant 2,Good (670-739),2,Rebates,Net Transaction Volume,-0.0020025730213941964
Merchant 2,Good (670-739),3,Rebates,Net Transaction Volume,-0.0020079501455881627
Merchant 2,Good (670-739),4,Rebates,Net Transaction Volume,-0.002009372809013641
Merchant 2,Good (670-739),5,Rebates,Net Transaction Volume,-0.002047158415019872
Merchant 2,Good (670-739),6,Rebates,Net Transaction Volume,-0.0020165705594152095
Merchant 2,Good (670-739),7,Rebates,Net Transaction Volume,-0.0019941680894737853
Merchant 2,Good (670-739),8,Rebates,Net Transaction Volume,-0.001971790772042028
Merchant 2,Good (670-739),9,Rebates,Net Transaction Volume,-0.0020405792290776317
Merchant 2,Good (670-739),10,Rebates,Net Transaction Volume,-0.002090601868954289
Merchant 2,Good (670-739),11,Rebates,Net Transaction Volume,-0.0020515577690370414
Merchant 2,Poor (300-579),0,Rebates,Net Transaction Volume,-0.001984479671022087
Merchant 2,Poor (300-579),1,Rebates,Net Transaction Volume,-0.002008444779809591
Merchant 2,Poor (300-579),2,Rebates,Net Transaction Volume,-0.001968892614324299
Merchant 2,Poor (300-579),3,Rebates,Net Transaction Volume,-0.0020112999280120416
Merchant 2,Poor (300-579),4,Rebates,Net Transaction Volume,-0.0020216289945440375
Merchant 2,Poor (300-579),5,Rebates,Net Transaction Volume,-0.0019761742259725755
Merchant 2,Poor (300-579),6,Rebates,Net Transaction Volume,-0.002014294996751137
Merchant 2,Poor (300-579),7,Rebates,Net Transaction Volume,-0.0019933078393881455
Merchant 2,Poor (300-579),8,Rebates,Net Transaction Volume,-0.0020600704603809636
Merchant 2,Poor (300-579),9,Rebates,Net Transaction Volume,-0.0020401106500691564
Merchant 2,Poor (300-579),10,Rebates,Net Transaction Volume,-0.0020089285714285712
Merchant 2,Poor (300-579),11,Rebates,Net Transaction Volume,-0.0020605682172962847
Merchant 2,Very Good (740-799),0,Rebates,Net Transaction Volume,-0.0020059202037254935
Merchant 2,Very Good (740-799),1,Rebates,Net Transaction Volume,-0.0019816422131574787
Merchant 2,Very Good (740-799),2,Rebates,Net Transaction Volume,-0.0020233615123272266
Merchant 2,Very Good (740-799),3,Rebates,Net Transaction Volume,-0.0020148562049430727
Merchant 2,Very Good (740-799),4,Rebates,Net Transaction Volume,-0.00199850088097579
Merchant 2,Very Good (740-799),5,Rebates,Net Transaction Volume,-0.0019870460876283626
Merchant 2,Very Good (740-799),6,Rebates,Net Transaction Volume,-0.002018085921984833
Merchant 2,Very Good (740-799),7,Rebates,Net Transaction Volume,-0.0019396951875605387
Merchant 2,Very Good (740-799),8,Rebates,Net Transaction Volume,-0.002010169025697403
Merchant 2,Very Good (740-799),9,Rebates,Net Transaction Volume,-0.002034744790671
Merchant 2,Very Good (740-799),10,Rebates,Net Transaction Volume,-0.0020682869231526124
Merchant 2,Very Good (740-799),11,Rebates,Net Transaction Volume,-0.0019607022244550504
Merchant 3,Exceptional (800-850),0,Rebates,Net Transaction Volume,-0.0020317289988558483
Merchant 3,Exceptional (800-850),1,Rebates,Net Transaction Volume,-0.0019922673695353704
Merchant 3,Exceptional (800-850),2,Rebates,Net Transaction Volume,-0.0020157108629054368
Merchant 3,Exceptional (800-850),3,Rebates,Net Transaction Volume,-0.0019910417781557207
Merchant 3,Exceptional (800-850),4,Rebates,Net Transaction Volume,-0.00198836518199665
Merchant 3,Exceptional (800-850),5,Rebates,Net Transaction Volume,-0.001928769269507316
Merchant 3,Exceptional (800-850),6,Rebates,Net Transaction Volume,-0.002019700467013796
Merchant 3,Exceptional (800-850),7,Rebates,Net Transaction Volume,-0.0020196584147356878
Merchant 3,Exceptional (800-850),8,Rebates,Net Transaction Volume,-0.0019693526772708732
Merchant 3,Exceptional (800-850),9,Rebates,Net Transaction Volume,-0.0019212523719165085
Merchant 3,Fair (580-669),0,Rebates,Net Transaction Volume,-0.0019923611001281057
Merchant 3,Fair (580-669),1,Rebates,Net Transaction Volume,-0.0019930626902811685
Merchant 3,Fair (580-669),2,Rebates,Net Transaction Volume,-0.001995276444992925
Merchant 3,Fair (580-669),3,Rebates,Net Transaction Volume,-0.0019699595990219404
Merchant 3,Fair (580-669),4,Rebates,Net Transaction Volume,-0.0020108420554185782
Merchant 3,Fair (580-669),5,Rebates,Net Transaction Volume,-0.0019923274199359913
Merchant 3,Fair (580-669),6,Rebates,Net Transaction Volume,-0.0020078645576502422
Merchant 3,Fair (580-669),7,Rebates,Net Transaction Volume,-0.0020320588065503107
Merchant 3,Fair (580-669),8,Rebates,Net Transaction Volume,-0.001973835207711728
Merchant 3,Fair (580-669),9,Rebates,Net Transaction Volume,-0.002020839911588254
Merchant 3,Good (670-739),0,Rebates,Net Transaction Volume,-0.002023284506746469
Merchant 3,Good (670-739),1,Rebates,Net Transaction Volume,-0.00198943559367831
Merchant 3,Good (670-739),2,Rebates,Net Transaction Volume,-0.0019684936327126474
Merchant 3,Good (670-739),3,Rebates,Net Transaction Volume,-0.0020006385788717473
Merchant 3,Good (670-739),4,Rebates,Net Transaction Volume,-0.0019580351102090232
Merchant 3,Good (670-739),5,Rebates,Net Transaction Volume,-0.0019825425345489233
Merchant 3,Good (670-739),6,Rebates,Net Transaction Volume,-0.0019735602164723622
Merchant 3,Good (670-739),7,Rebates,Net Transaction Volume,-0.0019857510989843867
Merchant 3,Good (670-739),8,Rebates,Net Transaction Volume,-0.0019806015160159754
Merchant 3,Good (670-739),9,Rebates,Net Transaction Volume,-0.0020045161034742305
Merchant 3,Poor (300-579),0,Rebates,Net Transaction Volume,-0.0019774760316507807
Merchant 3,Poor (300-579),1,Rebates,Net Transaction Volume,-0.0019974313911045017
Merchant 3,Poor (300-579),2,Rebates,Net Transaction Volume,-0.002005611161662117
Merchant 3,Poor (300-579),3,Rebates,Net Transaction Volume,-0.0019931500332984495
Merchant 3,Poor (300-579),4,Rebates,Net Transaction Volume,-0.0020344287949921754
Merchant 3,Poor (300-579),5,Rebates,Net Transaction Volume,-0.002045351815579328
Merchant 3,Poor (300-579),6,Rebates,Net Transaction Volume,-0.002059391376298612
Merchant 3,Poor (300-579),7,Rebates,Net Transaction Volume,-0.0020519443248672694
Merchant 3,Poor (300-579),8,Rebates,Net Transaction Volume,-0.0019731072785735167
Merchant 3,Poor (300-579),9,Rebates,Net Transaction Volume,-0.0019110096976611523
Merchant 3,Very Good (740-799),0,Rebates,Net Transaction Volume,-0.0020044291165591936
Merchant 3,Very Good (740-799),1,Rebates,Net Transaction Volume,-0.001985404374150725
Merchant 3,Very Good (740-799),2,Rebates,Net Transaction Volume,-0.002005089964600658
Merchant 3,Very Good (740-799),3,Rebates,Net Transaction Volume,-0.0020103659995215693
Merchant 3,Very Good (740-799),4,Rebates,Net Transaction Volume,-0.001995166594033517
Merchant 3,Very Good (740-799),5,Rebates,Net Transaction Volume,-0.0020359843899793737
Merchant 3,Very Good (740-799),6,Rebates,Net Transaction Volume,-0.0019698683327184427
Merchant 3,Very Good (740-799),7,Rebates,Net Transaction Volume,-0.0019923030604497736
Merchant 3,Very Good (740-799),8,Rebates,Net Transaction Volume,-0.001969533774426835
Merchant 3,Very Good (740-799),9,Rebates,Net Transaction Volume,-0.0020161985180079268
Merchant 4,Exceptional (800-850),0,Rebates,Net Transaction Volume,-0.0019988145987863276
Merchant 4,Exceptional (800-850),1,Rebates,Net Transaction Volume,-0.002029611061980591
Merchant 4,Exceptional (800-850),2,Rebates,Net Transaction Volume,-0.0019772459528505436
Merchant 4,Exceptional (800-850),3,Rebates,Net Transaction Volume,-0.0020069449790025575
Merchant 4,Exceptional (800-850),4,Rebates,Net Transaction Volume,-0.0019711690052025854
Merchant 4,Exceptional (800-850),5,Rebates,Net Transaction Volume,-0.001981205443940376
Merchant 4,Exceptional (800-850),6,Rebates,Net Transaction Volume,-0.0019630902840600687
Merchant 4,Exceptional (800-850),7,Rebates,Net Transaction Volume,-0.0019245560360298768
Merchant 4,Exceptional (800-850),8,Rebates,Net Transaction Volume,-0.0020943340255117175
Merchant 4,Fair (580-669),0,Rebates,Net Transaction Volume,-0.002004070101240926
Merchant 4,Fair (580-669),1,Rebates,Net Transaction Volume,-0.0019915267556834654
Merchant 4,Fair (580-669),2,Rebates,Net Transaction Volume,-0.001940045836028396
Merchant 4,Fair (580-669),3,Rebates,Net Transaction Volume,-0.001973242722169555
Merchant 4,Fair (580-669),4,Rebates,Net Transaction Volume,-0.0019898254485636825
Merchant 4,Fair (580-669),5,Rebates,Net Transaction Volume,-0.0020106500183621006
Merchant 4,Fair (580-669),6,Rebates,Net Transaction Volume,-0.0019752612906318917
Merchant 4,Fair (580-669),7,Rebates,Net Transaction Volume,-0.002013075279953395
Merchant 4,Fair (580-669),8,Rebates,Net Transaction Volume,-0.001940021641675684
Merchant 4,Good (670-739),0,Rebates,Net Transaction Volume,-0.001976401382656322
Merchant 4,Good (670-739),1,Rebates,Net Transaction Volume,-0.001997661111807209
Merchant 4,Good (670-739),2,Rebates,Net Transaction Volume,-0.001992295813769727
Merchant 4,Good (670-739),3,Rebates,Net Transaction Volume,-0.0020367236552847586
Merchant 4,Good (670-739),4,Rebates,Net Transaction Volume,-0.0019597446163835083
Merchant 4,Good (670-739),5,Rebates,Net Transaction Volume,-0.001987311741712287
Merchant 4,Good (670-739),6,Rebates,Net Transaction Volume,-0.0019674237038699942
Merchant 4,Good (670-739),7,Rebates,Net Transaction Volume,-0.0020605272200677435
Merchant 4,Good (670-739),8,Rebates,Net Transaction Volume,-0.0020620401225594346
Merchant 4,Poor (300-579),0,Rebates,Net Transaction Volume,-0.002008536009951529
Merchant 4,Poor (300-579),1,Rebates,Net Transaction Volume,-0.0019733726253749408
Merchant 4,Poor (300-579),2,Rebates,Net Transaction Volume,-0.0020181212962548326
Merchant 4,Poor (300-579),3,Rebates,Net Transaction Volume,-0.0019958344286494247
Merchant 4,Poor (300-579),4,Rebates,Net Transaction Volume,-0.0019990514583827367
Merchant 4,Poor (300-579),5,Rebates,Net Transaction Volume,-0.0020273852967780167
Merchant 4,Poor (300-579),6,Rebates,Net Transaction Volume,-0.001961843800656719
Merchant 4,Poor (300-579),7,Rebates,Net Transaction Volume,-0.0019998305228370477
Merchant 4,Poor (300-579),8,Rebates,Net Transaction Volume,-0.002073661405137728
Merchant 4,Very Good (740-799),0,Rebates,Net Transaction Volume,-0.0020012698880106008
Merchant 4,Very Good (740-799),1,Rebates,Net Transaction Volume,-0.0019618835308209954
Merchant 4,Very Good (740-799),2,Rebates,Net Transaction Volume,-0.00197062011924598
Merchant 4,Very Good (740-799),3,Rebates,Net Transaction Volume,-0.0019849050344198393
Merchant 4,Very Good (740-799),4,Rebates,Net Transaction Volume,-0.0020140904059592546
Merchant 4,Very Good (740-799),5,Rebates,Net Transaction Volume,-0.0019829761497543587
Merchant 4,Very Good (740-799),6,Rebates,Net Transaction Volume,-0.0020579891021146016
Merchant 4,Very Good (740-799),7,Rebates,Net Transaction Volume,-0.002024768272299043
Merchant 4,Very Good (740-799),8,Rebates,Net Transaction Volume,-0.0019475551227655283
Merchant 5,Exceptional (800-850),0,Rebates,Net Transaction Volume,-0.001992975923496805
Merchant 5,Exceptional (800-850),1,Rebates,Net Transaction Volume,-0.002002900126880551
Merchant 5,Exceptional (800-850),2,Rebates,Net Transaction Volume,-0.0020220825422572856
Merchant 5,Exceptional (800-850),3,Rebates,Net Transaction Volume,-0.002026949868676487
Merchant 5,Exceptional (800-850),4,Rebates,Net Transaction Volume,-0.002057217200395723
Merchant 5,Exceptional (800-850),5,Rebates,Net Transaction Volume,-0.0019828987077304032
Merchant 5,Exceptional (800-850),6,Rebates,Net Transaction Volume,-0.0019876434245366284
Merchant 5,Exceptional (800-850),7,Rebates,Net Transaction Volume,-0.0020446375074895146
Merchant 5,Fair (580-669),0,Rebates,Net Transaction Volume,-0.002030106089414995
Merchant 5,Fair (580-669),1,Rebates,Net Transaction Volume,-0.002005342240881298
Merchant 5,Fair (580-669),2,Rebates,Net Transaction Volume,-0.002031522884401657
Merchant 5,Fair (580-669),3,Rebates,Net Transaction Volume,-0.002007340006607792
Merchant 5,Fair (580-669),4,Rebates,Net Transaction Volume,-0.0019346216440511732
Merchant 5,Fair (580-669),5,Rebates,Net Transaction Volume,-0.0020354461728968347
Merchant 5,Fair (580-669),6,Rebates,Net Transaction Volume,-0.0020207521210731483
Merchant 5,Fair (580-669),7,Rebates,Net Transaction Volume,-0.001936078672403196
Merchant 5,Good (670-739),0,Rebates,Net Transaction Volume,-0.001982135473844794
Merchant 5,Good (670-739),1,Rebates,Net Transaction Volume,-0.0019608808522066064
Merchant 5,Good (670-739),2,Rebates,Net Transaction Volume,-0.0019786840983373596
Merchant 5,Good (670-739),3,Rebates,Net Transaction Volume,-0.002045483600619327
Merchant 5,Good (670-739),4,Rebates,Net Transaction Volume,-0.001964021685559389
Merchant 5,Good (670-739),5,Rebates,Net Transaction Volume,-0.0019798136645962734
Merchant 5,Good (670-739),6,Rebates,Net Transaction Volume,-0.002011897174421075
Merchant 5,Good (670-739),7,Rebates,Net Transaction Volume,-0.0020902934537246048
Merchant 5,Poor (300-579),0,Rebates,Net Transaction Volume,-0.0019777292508789046
Merchant 5,Poor (300-579),1,Rebates,Net Transaction Volume,-0.00201224162543755
Merchant 5,Poor (300-579),2,Rebates,Net Transaction Volume,-0.0020212367270455965
Merchant 5,Poor (300-579),3,Rebates,Net Transaction Volume,-0.0020265127489534442
Merchant 5,Poor (300-579),4,Rebates,Net Transaction Volume,-0.0019270192701927018
Merchant 5,Poor (300-579),5,Rebates,Net Transaction Volume,-0.0020293060547414985
Merchant 5,Poor (300-579),6,Rebates,Net Transaction Volume,-0.001961615947407486
Merchant 5,Poor (300-579),7,Rebates,Net Transaction Volume,-0.001939607670266696
Merchant 5,Very Good (740-799),0,Rebates,Net Transaction Volume,-0.0020414057529384187
Merchant 5,Very Good (740-799),1,Rebates,Net Transaction Volume,-0.0020390121633497836
Merchant 5,Very Good (740-799),2,Rebates,Net Transaction Volume,-0.0020300727566693612
Merchant 5,Very Good (740-799),3,Rebates,Net Transaction Volume,-0.001985016275988419
Merchant 5,Very Good (740-799),4,Rebates,Net Transaction Volume,-0.001960298003453177
Merchant 5,Very Good (740-799),5,Rebates,Net Transaction Volume,-0.001975178680259294
Merchant 5,Very Good (740-799),6,Rebates,Net Transaction Volume,-0.0019315318875660723
Merchant 5,Very Good (740-799),7,Rebates,Net Transaction Volume,-0.0020901236484039526
Merchant 6,Exceptional (800-850),0,Rebates,Net Transaction Volume,-0.0020443418998962706
Merchant 6,Exceptional (800-850),1,Rebates,Net Transaction Volume,-0.001991365326037763
Merchant 6,Exceptional (800-850),2,Rebates,Net Transaction Volume,-0.0019865475659784334
Merchant 6,Exceptional (800-850),3,Rebates,Net Transaction Volume,-0.0019739952264367774
Merchant 6,Exceptional (800-850),4,Rebates,Net Transaction Volume,-0.0020177711012666637
Merchant 6,Exceptional (800-850),5,Rebates,Net Transaction Volume,-0.0020189856149626967
Merchant 6,Exceptional (800-850),6,Rebates,Net Transaction Volume,-0.0019968790134368137
Merchant 6,Fair (580-669),0,Rebates,Net Transaction Volume,-0.001977705075618135
Merchant 6,Fair (580-669),1,Rebates,Net Transaction Volume,-0.001999275099673795
Merchant 6,Fair (580-669),2,Rebates,Net Transaction Volume,-0.0019816664432229522
Merchant 6,Fair (580-669),3,Rebates,Net Transaction Volume,-0.0020284974686734015
Merchant 6,Fair (580-669),4,Rebates,Net Transaction Volume,-0.002051123160340821
Merchant 6,Fair (580-669),5,Rebates,Net Transaction Volume,-0.0019785458879618594
Merchant 6,Fair (580-669),6,Rebates,Net Transaction Volume,-0.0020612538171366985
Merchant 6,Good (670-739),0,Rebates,Net Transaction Volume,-0.0020027411523464477
Merchant 6,Good (670-739),1,Rebates,Net Transaction Volume,-0.001960372691235178
Merchant 6,Good (670-739),2,Rebates,Net Transaction Volume,-0.0019917690301906946
Merchant 6,Good (670-739),3,Rebates,Net Transaction Volume,-0.0019857491396164224
Merchant 6,Good (670-739),4,Rebates,Net Transaction Volume,-0.002035933923499076
Merchant 6,Good (670-739),5,Rebates,Net Transaction Volume,-0.0020023905131545373
Merchant 6,Good (670-739),6,Rebates,Net Transaction Volume,-0.001955477101108169
Merchant 6,Poor (300-579),0,Rebates,Net Transaction Volume,-0.0019912251096861288
Merchant 6,Poor (300-579),1,Rebates,Net Transaction Volume,-0.002011416145691764
Merchant 6,Poor (300-579),2,Rebates,Net Transaction Volume,-0.002014195878214308
Merchant 6,Poor (300-579),3,Rebates,Net Transaction Volume,-0.0019612023022809637
Merchant 6,Poor (300-579),4,Rebates,Net Transaction Volume,-0.0019333929369691552
Merchant 6,Poor (300-579),5,Rebates,Net Transaction Volume,-0.002020650605084934
Merchant 6,Poor (300-579),6,Rebates,Net Transaction Volume,-0.001970198675496689
Merchant 6,Very Good (740-799),0,Rebates,Net Transaction Volume,-0.0020062218609859504
Merchant 6,Very Good (740-799),1,Rebates,Net Transaction Volume,-0.0020468191481905476
Merchant 6,Very Good (740-799),2,Rebates,Net Transaction Volume,-0.001997508064473552
Merchant 6,Very Good (740-799),3,Rebates,Net Transaction Volume,-0.002000844777465029
Merchant 6,Very Good (740-799),4,Rebates,Net Transaction Volume,-0.0019491419613501103
Merchant 6,Very Good (740-799),5,Rebates,Net Transaction Volume,-0.0020329087048832272
Merchant 6,Very Good (740-799),6,Rebates,Net Transaction Volume,-0.00196764431732574
Merchant 7,Exceptional (800-850),0,Rebates,Net Transaction Volume,-0.0020288720630813636
Merchant 7,Exceptional (800-850),1,Rebates,Net Transaction Volume,-0.0020017489797618058
Merchant 7,Exceptional (800-850),2,Rebates,Net Transaction Volume,-0.002037585668690177
Merchant 7,Exceptional (800-850),3,Rebates,Net Transaction Volume,-0.0020425414194817568
Merchant 7,Exceptional (800-850),4,Rebates,Net Transaction Volume,-0.002002570803826798
Merchant 7,Exceptional (800-850),5,Rebates,Net Transaction Volume,-0.0020642964760208974
Merchant 7,Fair (580-669),0,Rebates,Net Transaction Volume,-0.002009382815776801
Merchant 7,Fair (580-669),1,Rebates,Net Transaction Volume,-0.00201508389686824
Merchant 7,Fair (580-669),2,Rebates,Net Transaction Volume,-0.0020081140499988667
Merchant 7,Fair (580-669),3,Rebates,Net Transaction Volume,-0.001971645353186336
Merchant 7,Fair (580-669),4,Rebates,Net Transaction Volume,-0.0020050125313283208
Merchant 7,Fair (580-669),5,Rebates,Net Transaction Volume,-0.0020247057963599154
Merchant 7,Good (670-739),0,Rebates,Net Transaction Volume,-0.001976565746986796
Merchant 7,Good (670-739),1,Rebates,Net Transaction Volume,-0.0019978163784768583
Merchant 7,Good (670-739),2,Rebates,Net Transaction Volume,-0.0019477767032243462
Merchant 7,Good (670-739),3,Rebates,Net Transaction Volume,-0.001933327930073505
Merchant 7,Good (670-739),4,Rebates,Net Transaction Volume,-0.0020492535713009185
Merchant 7,Good (670-739),5,Rebates,Net Transaction Volume,-0.002049424493005743
Merchant 7,Poor (300-579),0,Rebates,Net Transaction Volume,-0.002017920616113744
Merchant 7,Poor (300-579),1,Rebates,Net Transaction Volume,-0.002008939073159257
Merchant 7,Poor (300-579),2,Rebates,Net Transaction Volume,-0.001967194310621702
Merchant 7,Poor (300-579),3,Rebates,Net Transaction Volume,-0.0019728506787330315
Merchant 7,Poor (300-579),4,Rebates,Net Transaction Volume,-0.0019739224918507788
Merchant 7,Poor (300-579),5,Rebates,Net Transaction Volume,-0.002062588904694168
Merchant 7,Very Good (740-799),0,Rebates,Net Transaction Volume,-0.0019802715053668435
Merchant 7,Very Good (740-799),1,Rebates,Net Transaction Volume,-0.002013982055255257
Merchant 7,Very Good (740-799),2,Rebates,Net Transaction Volume,-0.0020336093521675595
Merchant 7,Very Good (740-799),3,Rebates,Net Transaction Volume,-0.001987071623415307
Merchant 7,Very Good (740-799),4,Rebates,Net Transaction Volume,-0.0019981088496535473
Merchant 7,Very Good (740-799),5,Rebates,Net Transaction Volume,-0.0020027902650751822
Merchant 8,Exceptional (800-850),0,Rebates,Net Transaction Volume,-0.00202482188002758
Merchant 8,Exceptional (800-850),1,Rebates,Net Transaction Volume,-0.0019784920682074745
Merchant 8,Exceptional (800-850),2,Rebates,Net Transaction Volume,-0.0020295342673229836
Merchant 8,Exceptional (800-850),3,Rebates,Net Transaction Volume,-0.0020344531919869045
Merchant 8,Exceptional (800-850),4,Rebates,Net Transaction Volume,-0.0019563368301672808
Merchant 8,Fair (580-669),0,Rebates,Net Transaction Volume,-0.001979403504079176
Merchant 8,Fair (580-669),1,Rebates,Net Transaction Volume,-0.001996280583483466
Merchant 8,Fair (580-669),2,Rebates,Net Transaction Volume,-0.001983988861816916
Merchant 8,Fair (580-669),3,Rebates,Net Transaction Volume,-0.0019808902353763693
Merchant 8,Fair (580-669),4,Rebates,Net Transaction Volume,-0.002070041117255069
Merchant 8,Good (670-739),0,Rebates,Net Transaction Volume,-0.001986983319684496
Merchant 8,Good (670-739),1,Rebates,Net Transaction Volume,-0.0020198387157838943
Merchant 8,Good (670-739),2,Rebates,Net Transaction Volume,-0.001976130867018303
Merchant 8,Good (670-739),3,Rebates,Net Transaction Volume,-0.0019992101885674793
Merchant 8,Good (670-739),4,Rebates,Net Transaction Volume,-0.0020601088022830644
Merchant 8,Poor (300-579),0,Rebates,Net Transaction Volume,-0.0019989009479324084
Merchant 8,Poor (300-579),1,Rebates,Net Transaction Volume,-0.0019903782662013016
Merchant 8,Poor (300-579),2,Rebates,Net Transaction Volume,-0.001997287634077179
Merchant 8,Poor (300-579),3,Rebates,Net Transaction Volume,-0.002005806281340723
Merchant 8,Poor (300-579),4,Rebates,Net Transaction Volume,-0.001973359644795264
Merchant 8,Very Good (740-799),0,Rebates,Net Transaction Volume,-0.0019932103122584114
Merchant 8,Very Good (740-799),1,Rebates,Net Transaction Volume,-0.0019795727258868877
Merchant 8,Very Good (740-799),2,Rebates,Net Transaction Volume,-0.0019871537535126457
Merchant 8,Very Good (740-799),3,Rebates,Net Transaction Volume,-0.002018023995134627
Merchant 8,Very Good (740-799),4,Rebates,Net Transaction Volume,-0.0019678190911067623
Merchant 9,ALL,0,Rebates,Net Transaction Volume,-0.0019942427880915
Merchant 9,ALL,1,Rebates,Net Transaction Volume,-0.001976748119664866
Merchant 9,ALL,2,Rebates,Net Transaction Volume,-0.0019908652252384985
Merchant 9,ALL,3,Rebates,Net Transaction Volume,-0.0019817429975813373
Merchant 1,Exceptional (800-850),0,Payment Fees,Net Transaction Volume,-0.001483609311155768
Merchant 1,Exceptional (800-850),1,Payment Fees,Net Transaction Volume,-0.001508061270089788
Merchant 1,Exceptional (800-850),2,Payment Fees,Net Transaction Volume,-0.0014893024253834653
Merchant 1,Exceptional (800-850),3,Payment Fees,Net Transaction Volume,-0.001498714047236799
Merchant 1,Exceptional (800-850),4,Payment Fees,Net Transaction Volume,-0.0014730244751393388
Merchant 1,Exceptional (800-850),5,Payment Fees,Net Transaction Volume,-0.001493176585591727
Merchant 1,Exceptional (800-850),6,Payment Fees,Net Transaction Volume,-0.0014966884912524674
Merchant 1,Exceptional (800-850),7,Payment Fees,Net Transaction Volume,-0.0015104174844169506
Merchant 1,Exceptional (800-850),8,Payment Fees,Net Transaction Volume,-0.0015047973160672694
Merchant 1,Exceptional (800-850),9,Payment Fees,Net Transaction Volume,-0.0014991020243580867
Merchant 1,Exceptional (800-850),10,Payment Fees,Net Transaction Volume,-0.0014880683212961407
Merchant 1,Exceptional (800-850),11,Payment Fees,Net Transaction Volume,-0.001483563040657957
Merchant 1,Exceptional (800-850),12,Payment Fees,Net Transaction Volume,-0.001511091260979604
Merchant 1,Exceptional (800-850),13,Payment Fees,Net Transaction Volume,-0.0014770769026833564
Merchant 1,Fair (580-669),0,Payment Fees,Net Transaction Volume,-0.00150385363919363
Merchant 1,Fair (580-669),1,Payment Fees,Net Transaction Volume,-0.0015043010074242329
Merchant 1,Fair (580-669),2,Payment Fees,Net Transaction Volume,-0.0015024266845368123
Merchant 1,Fair (580-669),3,Payment Fees,Net Transaction Volume,-0.001496554032362725
Merchant 1,Fair (580-669),4,Payment Fees,Net Transaction Volume,-0.0014919758796593059
Merchant 1,Fair (580-669),5,Payment Fees,Net Transaction Volume,-0.0014830450769440283
Merchant 1,Fair (580-669),6,Payment Fees,Net Transaction Volume,-0.0015032866825463356
Merchant 1,Fair (580-669),7,Payment Fees,Net Transaction Volume,-0.0015122122987291527
Merchant 1,Fair (580-669),8,Payment Fees,Net Transaction Volume,-0.0014997801369432753
Merchant 1,Fair (580-669),9,Payment Fees,Net Transaction Volume,-0.0014828856045572569
Merchant 1,Fair (580-669),10,Payment Fees,Net Transaction Volume,-0.0014891361304395511
Merchant 1,Fair (580-669),11,Payment Fees,Net Transaction Volume,-0.0014677158323567164
Merchant 1,Fair (580-669),12,Payment Fees,Net Transaction Volume,-0.0014875498544788186
Merchant 1,Fair (580-669),13,Payment Fees,Net Transaction Volume,-0.0015027624309392265
Merchant 1,Good (670-739),0,Payment Fees,Net Transaction Volume,-0.001498137872425515
Merchant 1,Good (670-739),1,Payment Fees,Net Transaction Volume,-0.0015023091024892778
Merchant 1,Good (670-739),2,Payment Fees,Net Transaction Volume,-0.0015037032083983967
Merchant 1,Good (670-739),3,Payment Fees,Net Transaction Volume,-0.0014873122390796003
Merchant 1,Good (670-739),4,Payment Fees,Net Transaction Volume,-0.001507643067953088
Merchant 1,Good (670-739),5,Payment Fees,Net Transaction Volume,-0.0015088021755099846
Merchant 1,Good (670-739),6,Payment Fees,Net Transaction Volume,-0.0014907480985355886
Merchant 1,Good (670-739),7,Payment Fees,Net Transaction Volume,-0.0014969330587479793
Merchant 1,Good (670-739),8,Payment Fees,Net Transaction Volume,-0.00150516984173254
Merchant 1,Good (670-739),9,Payment Fees,Net Transaction Volume,-0.001503437346069004
Merchant 1,Good (670-739),10,Payment Fees,Net Transaction Volume,-0.0015183574411241352
Merchant 1,Good (670-739),11,Payment Fees,Net Transaction Volume,-0.0014645430531893277
Merchant 1,Good (670-739),12,Payment Fees,Net Transaction Volume,-0.0014767673669682565
Merchant 1,Good (670-739),13,Payment Fees,Net Transaction Volume,-0.0015256117857363003
Merchant 1,Poor (300-579),0,Payment Fees,Net Transaction Volume,-0.0014968190485833376
Merchant 1,Poor (300-579),1,Payment Fees,Net Transaction Volume,-0.001508468595624559
Merchant 1,Poor (300-579),2,Payment Fees,Net Transaction Volume,-0.0015003775213029878
Merchant 1,Poor (300-579),3,Payment Fees,Net Transaction Volume,-0.0014936699255062161
Merchant 1,Poor (300-579),4,Payment Fees,Net Transaction Volume,-0.0015006703282446048
Merchant 1,Poor (300-579),5,Payment Fees,Net Transaction Volume,-0.0015148909828736502
Merchant 1,Poor (300-579),6,Payment Fees,Net Transaction Volume,-0.001514444574050313
Merchant 1,Poor (300-579),7,Payment Fees,Net Transaction Volume,-0.00149066180456315
Merchant 1,Poor (300-579),8,Payment Fees,Net Transaction Volume,-0.0015130254407906777
Merchant 1,Poor (300-579),9,Payment Fees,Net Transaction Volume,-0.001485929861030912
Merchant 1,Poor (300-579),10,Payment Fees,Net Transaction Volume,-0.001511879049676026
Merchant 1,Poor (300-579),11,Payment Fees,Net Transaction Volume,-0.001491672700941347
Merchant 1,Poor (300-579),12,Payment Fees,Net Transaction Volume,-0.001518502137697184
Merchant 1,Poor (300-579),13,Payment Fees,Net Transaction Volume,-0.0015114127082048118
Merchant 1,Very Good (740-799),0,Payment Fees,Net Transaction Volume,-0.0014939726380833367
Merchant 1,Very Good (740-799),1,Payment Fees,Net Transaction Volume,-0.0014972645914339338
Merchant 1,Very Good (740-799),2,Payment Fees,Net Transaction Volume,-0.0014910678533763136
Merchant 1,Very Good (740-799),3,Payment Fees,Net Transaction Volume,-0.00149209015313707
Merchant 1,Very Good (740-799),4,Payment Fees,Net Transaction Volume,-0.0015091247578713398
Merchant 1,Very Good (740-799),5,Payment Fees,Net Transaction Volume,-0.0014790330782492218
Merchant 1,Very Good (740-799),6,Payment Fees,Net Transaction Volume,-0.0014971479632812264
Merchant 1,Very Good (740-799),7,Payment Fees,Net Transaction Volume,-0.001511600321029988
Merchant 1,Very Good (740-799),8,Payment Fees,Net Transaction Volume,-0.0014905651057103338
Merchant 1,Very Good (740-799),9,Payment Fees,Net Transaction Volume,-0.001515285531247078
Merchant 1,Very Good (740-799),10,Payment Fees,Net Transaction Volume,-0.0014829901564206768
Merchant 1,Very Good (740-799),11,Payment Fees,Net Transaction Volume,-0.0015004152180950639
Merchant 1,Very Good (740-799),12,Payment Fees,Net Transaction Volume,-0.0014965911990958475
Merchant 1,Very Good (740-799),13,Payment Fees,Net Transaction Volume,-0.0014680437380710297
Merchant 10,ALL,0,Payment Fees,Net Transaction Volume,-0.0014927479735996666
Merchant 10,ALL,1,Payment Fees,Net Transaction Volume,-0.0015169241941340218
Merchant 2,Exceptional (800-850),0,Payment Fees,Net Transaction Volume,-0.0014950410187339292
Merchant 2,Exceptional (800-850),1,Payment Fees,Net Transaction Volume,-0.00149158263364415
Merchant 2,Exceptional (800-850),2,Payment Fees,Net Transaction Volume,-0.0014865947366023294
Merchant 2,Exceptional (800-850),3,Payment Fees,Net Transaction Volume,-0.0015098220736495338
Merchant 2,Exceptional (800-850),4,Payment Fees,Net Transaction Volume,-0.001499306485555768
Merchant 2,Exceptional (800-850),5,Payment Fees,Net Transaction Volume,-0.0015174818465818808
Merchant 2,Exceptional (800-850),6,Payment Fees,Net Transaction Volume,-0.0015117594665511182
Merchant 2,Exceptional (800-850),7,Payment Fees,Net Transaction Volume,-0.0014745829349584053
Merchant 2,Exceptional (800-850),8,Payment Fees,Net Transaction Volume,-0.001494092839503513
Merchant 2,Exceptional (800-850),9,Payment Fees,Net Transaction Volume,-0.0015008083979661175
Merchant 2,Exceptional (800-850),10,Payment Fees,Net Transaction Volume,-0.0014945891182966636
Merchant 2,Exceptional (800-850),11,Payment Fees,Net Transaction Volume,-0.0014560511126040282
Merchant 2,Fair (580-669),0,Payment Fees,Net Transaction Volume,-0.0015104979256015056
Merchant 2,Fair (580-669),1,Payment Fees,Net Transaction Volume,-0.0015026849838571522
Merchant 2,Fair (580-669),2,Payment Fees,Net Transaction Volume,-0.0014962107713871666
Merchant 2,Fair (580-669),3,Payment Fees,Net Transaction Volume,-0.0015179882731482
Merchant 2,Fair (580-669),4,Payment Fees,Net Transaction Volume,-0.0015048726319494168
Merchant 2,Fair (580-669),5,Payment Fees,Net Transaction Volume,-0.0015115109736157277
Merchant 2,Fair (580-669),6,Payment Fees,Net Transaction Volume,-0.0014814120294407201
Merchant 2,Fair (580-669),7,Payment Fees,Net Transaction Volume,-0.0014869317712085603
Merchant 2,Fair (580-669),8,Payment Fees,Net Transaction Volume,-0.0014819898085824
Merchant 2,Fair (580-669),9,Payment Fees,Net Transaction Volume,-0.0015181350441466049
Merchant 2,Fair (580-669),10,Payment Fees,Net Transaction Volume,-0.0014913311783720247
Merchant 2,Fair (580-669),11,Payment Fees,Net Transaction Volume,-0.0014754098360655738
Merchant 2,Good (670-739),0,Payment Fees,Net Transaction Volume,-0.0015074693186933432
Merchant 2,Good (670-739),1,Payment Fees,Net Transaction Volume,-0.0014992593300520859
Merchant 2,Good (670-739),2,Payment Fees,Net Transaction Volume,-0.001507218754467051
Merchant 2,Good (670-739),3,Payment Fees,Net Transaction Volume,-0.0015023172969505
Merchant 2,Good (670-739),4,Payment Fees,Net Transaction Volume,-0.0014880871843442108
Merchant 2,Good (670-739),5,Payment Fees,Net Transaction Volume,-0.0015003273609177172
Merchant 2,Good (670-739),6,Payment Fees,Net Transaction Volume,-0.00151691250938961
Merchant 2,Good (670-739),7,Payment Fees,Net Transaction Volume,-0.0014795595372839412
Merchant 2,Good (670-739),8,Payment Fees,Net Transaction Volume,-0.0014921196893558702
Merchant 2,Good (670-739),9,Payment Fees,Net Transaction Volume,-0.0014887349072652586
Merchant 2,Good (670-739),10,Payment Fees,Net Transaction Volume,-0.0015063826293970366
Merchant 2,Good (670-739),11,Payment Fees,Net Transaction Volume,-0.0014714621239989812
Merchant 2,Poor (300-579),0,Payment Fees,Net Transaction Volume,-0.0015002984678649598
Merchant 2,Poor (300-579),1,Payment Fees,Net Transaction Volume,-0.0015027212741021401
Merchant 2,Poor (300-579),2,Payment Fees,Net Transaction Volume,-0.0014938995995156933
Merchant 2,Poor (300-579),3,Payment Fees,Net Transaction Volume,-0.0015030213127985865
Merchant 2,Poor (300-579),4,Payment Fees,Net Transaction Volume,-0.0014857755261106782
Merchant 2,Poor (300-579),5,Payment Fees,Net Transaction Volume,-0.001486008562387541
Merchant 2,Poor (300-579),6,Payment Fees,Net Transaction Volume,-0.0015021213163628024
Merchant 2,Poor (300-579),7,Payment Fees,Net Transaction Volume,-0.0015009560229445507
Merchant 2,Poor (300-579),8,Payment Fees,Net Transaction Volume,-0.0014748910252582552
Merchant 2,Poor (300-579),9,Payment Fees,Net Transaction Volume,-0.0015300829875518672
Merchant 2,Poor (300-579),10,Payment Fees,Net Transaction Volume,-0.0015178571428571428
Merchant 2,Poor (300-579),11,Payment Fees,Net Transaction Volume,-0.001529815797689666
Merchant 2,Very Good (740-799),0,Payment Fees,Net Transaction Volume,-0.0014957538241162328
Merchant 2,Very Good (740-799),1,Payment Fees,Net Transaction Volume,-0.001500082389774252
Merchant 2,Very Good (740-799),2,Payment Fees,Net Transaction Volume,-0.00149800186191234
Merchant 2,Very Good (740-799),3,Payment Fees,Net Transaction Volume,-0.001508625933766455
Merchant 2,Very Good (740-799),4,Payment Fees,Net Transaction Volume,-0.001503134521596075
Merchant 2,Very Good (740-799),5,Payment Fees,Net Transaction Volume,-0.0015141513204050762
Merchant 2,Very Good (740-799),6,Payment Fees,Net Transaction Volume,-0.001494721090697481
Merchant 2,Very Good (740-799),7,Payment Fees,Net Transaction Volume,-0.001503258177881077
Merchant 2,Very Good (740-799),8,Payment Fees,Net Transaction Volume,-0.00151106225092758
Merchant 2,Very Good (740-799),9,Payment Fees,Net Transaction Volume,-0.001483941884916842
Merchant 2,Very Good (740-799),10,Payment Fees,Net Transaction Volume,-0.0014792220144970317
Merchant 2,Very Good (740-799),11,Payment Fees,Net Transaction Volume,-0.001484830723715426
Merchant 3,Exceptional (800-850),0,Payment Fees,Net Transaction Volume,-0.0015064281144885367
Merchant 3,Exceptional (800-850),1,Payment Fees,Net Transaction Volume,-0.0015040745427726235
Merchant 3,Exceptional (800-850),2,Payment Fees,Net Transaction Volume,-0.0015102931184513238
Merchant 3,Exceptional (800-850),3,Payment Fees,Net Transaction Volume,-0.0014896159400634846
Merchant 3,Exceptional (800-850),4,Payment Fees,Net Transaction Volume,-0.0014908236226428687
Merchant 3,Exceptional (800-850),5,Payment Fees,Net Transaction Volume,-0.001492320174579638
Merchant 3,Exceptional (800-850),6,Payment Fees,Net Transaction Volume,-0.0015104138708465296
Merchant 3,Exceptional (800-850),7,Payment Fees,Net Transaction Volume,-0.0014946893848622083
Merchant 3,Exceptional (800-850),8,Payment Fees,Net Transaction Volume,-0.0014741012643477247
Merchant 3,Exceptional (800-850),9,Payment Fees,Net Transaction Volume,-0.0014824478178368122
Merchant 3,Fair (580-669),0,Payment Fees,Net Transaction Volume,-0.001499707412737826
Merchant 3,Fair (580-669),1,Payment Fees,Net Transaction Volume,-0.0014972712620059758
Merchant 3,Fair (580-669),2,Payment Fees,Net Transaction Volume,-0.0014888773045948274
Merchant 3,Fair (580-669),3,Payment Fees,Net Transaction Volume,-0.0015013609791140784
Merchant 3,Fair (580-669),4,Payment Fees,Net Transaction Volume,-0.0015087438564407361
Merchant 3,Fair (580-669),5,Payment Fees,Net Transaction Volume,-0.0014963650622072445
Merchant 3,Fair (580-669),6,Payment Fees,Net Transaction Volume,-0.0014995764265574227
Merchant 3,Fair (580-669),7,Payment Fees,Net Transaction Volume,-0.0014797852483306713
Merchant 3,Fair (580-669),8,Payment Fees,Net Transaction Volume,-0.0014995027159360416
Merchant 3,Fair (580-669),9,Payment Fees,Net Transaction Volume,-0.001523523839595832
Merchant 3,Good (670-739),0,Payment Fees,Net Transaction Volume,-0.0015028613429936472
Merchant 3,Good (670-739),1,Payment Fees,Net Transaction Volume,-0.0014892951940958003
Merchant 3,Good (670-739),2,Payment Fees,Net Transaction Volume,-0.0015084320391314083
Merchant 3,Good (670-739),3,Payment Fees,Net Transaction Volume,-0.001503925808745628
Merchant 3,Good (670-739),4,Payment Fees,Net Transaction Volume,-0.0015115906420254247
Merchant 3,Good (670-739),5,Payment Fees,Net Transaction Volume,-0.0015122778997803954
Merchant 3,Good (670-739),6,Payment Fees,Net Transaction Volume,-0.0014936323739263887
Merchant 3,Good (670-739),7,Payment Fees,Net Transaction Volume,-0.0014966398868172402
Merchant 3,Good (670-739),8,Payment Fees,Net Transaction Volume,-0.00150990300758008
Merchant 3,Good (670-739),9,Payment Fees,Net Transaction Volume,-0.0014617913877114448
Merchant 3,Poor (300-579),0,Payment Fees,Net Transaction Volume,-0.0015071800382377158
Merchant 3,Poor (300-579),1,Payment Fees,Net Transaction Volume,-0.001517507097471948
Merchant 3,Poor (300-579),2,Payment Fees,Net Transaction Volume,-0.001495677888989991
Merchant 3,Poor (300-579),3,Payment Fees,Net Transaction Volume,-0.0015008086766244886
Merchant 3,Poor (300-579),4,Payment Fees,Net Transaction Volume,-0.0015058906900522633
Merchant 3,Poor (300-579),5,Payment Fees,Net Transaction Volume,-0.0015067048365225253
Merchant 3,Poor (300-579),6,Payment Fees,Net Transaction Volume,-0.001521559253470626
Merchant 3,Poor (300-579),7,Payment Fees,Net Transaction Volume,-0.0015210216673841297
Merchant 3,Poor (300-579),8,Payment Fees,Net Transaction Volume,-0.0014615609470914938
Merchant 3,Poor (300-579),9,Payment Fees,Net Transaction Volume,-0.0015116942384483742
Merchant 3,Very Good (740-799),0,Payment Fees,Net Transaction Volume,-0.0015041029867243676
Merchant 3,Very Good (740-799),1,Payment Fees,Net Transaction Volume,-0.0014906412411499557
Merchant 3,Very Good (740-799),2,Payment Fees,Net Transaction Volume,-0.001518872667099558
Merchant 3,Very Good (740-799),3,Payment Fees,Net Transaction Volume,-0.0015054620843632884
Merchant 3,Very Good (740-799),4,Payment Fees,Net Transaction Volume,-0.00150311001941286
Merchant 3,Very Good (740-799),5,Payment Fees,Net Transaction Volume,-0.001522267520117753
Merchant 3,Very Good (740-799),6,Payment Fees,Net Transaction Volume,-0.0015077929854059187
Merchant 3,Very Good (740-799),7,Payment Fees,Net Transaction Volume,-0.0014992451414159926
Merchant 3,Very Good (740-799),8,Payment Fees,Net Transaction Volume,-0.001502795301841309
Merchant 3,Very Good (740-799),9,Payment Fees,Net Transaction Volume,-0.0015095640186110633
Merchant 4,Exceptional (800-850),0,Payment Fees,Net Transaction Volume,-0.0015020868517182117
Merchant 4,Exceptional (800-850),1,Payment Fees,Net Transaction Volume,-0.001499294277498287
Merchant 4,Exceptional (800-850),2,Payment Fees,Net Transaction Volume,-0.0015179292361046765
Merchant 4,Exceptional (800-850),3,Payment Fees,Net Transaction Volume,-0.0014766633310240422
Merchant 4,Exceptional (800-850),4,Payment Fees,Net Transaction Volume,-0.001513479426139051
Merchant 4,Exceptional (800-850),5,Payment Fees,Net Transaction Volume,-0.001493195074530136
Merchant 4,Exceptional (800-850),6,Payment Fees,Net Transaction Volume,-0.0015222790598220307
Merchant 4,Exceptional (800-850),7,Payment Fees,Net Transaction Volume,-0.0015109303160305604
Merchant 4,Exceptional (800-850),8,Payment Fees,Net Transaction Volume,-0.001456541085731237
Merchant 4,Fair (580-669),0,Payment Fees,Net Transaction Volume,-0.0014859280228744238
Merchant 4,Fair (580-669),1,Payment Fees,Net Transaction Volume,-0.0015116323743595297
Merchant 4,Fair (580-669),2,Payment Fees,Net Transaction Volume,-0.001500451173450239
Merchant 4,Fair (580-669),3,Payment Fees,Net Transaction Volume,-0.0015216071409550388
Merchant 4,Fair (580-669),4,Payment Fees,Net Transaction Volume,-0.0015164346422152496
Merchant 4,Fair (580-669),5,Payment Fees,Net Transaction Volume,-0.0014889994324441625
Merchant 4,Fair (580-669),6,Payment Fees,Net Transaction Volume,-0.0014766516444529676
Merchant 4,Fair (580-669),7,Payment Fees,Net Transaction Volume,-0.0014822965887759726
Merchant 4,Fair (580-669),8,Payment Fees,Net Transaction Volume,-0.001541969392487247
Merchant 4,Good (670-739),0,Payment Fees,Net Transaction Volume,-0.0015078994206862428
Merchant 4,Good (670-739),1,Payment Fees,Net Transaction Volume,-0.00149083239360147
Merchant 4,Good (670-739),2,Payment Fees,Net Transaction Volume,-0.001484465151686706
Merchant 4,Good (670-739),3,Payment Fees,Net Transaction Volume,-0.0015012098878679086
Merchant 4,Good (670-739),4,Payment Fees,Net Transaction Volume,-0.0014763914439274248
Merchant 4,Good (670-739),5,Payment Fees,Net Transaction Volume,-0.0015041335890956355
Merchant 4,Good (670-739),6,Payment Fees,Net Transaction Volume,-0.00149910826754468
Merchant 4,Good (670-739),7,Payment Fees,Net Transaction Volume,-0.0014849541014186835
Merchant 4,Good (670-739),8,Payment Fees,Net Transaction Volume,-0.0015319929327041353
Merchant 4,Poor (300-579),0,Payment Fees,Net Transaction Volume,-0.001505597735169219
Merchant 4,Poor (300-579),1,Payment Fees,Net Transaction Volume,-0.001502394358785455
Merchant 4,Poor (300-579),2,Payment Fees,Net Transaction Volume,-0.0015195617452569673
Merchant 4,Poor (300-579),3,Payment Fees,Net Transaction Volume,-0.0015004145350130426
Merchant 4,Poor (300-579),4,Payment Fees,Net Transaction Volume,-0.00150343846336258
Merchant 4,Poor (300-579),5,Payment Fees,Net Transaction Volume,-0.0015002651196157324
Merchant 4,Poor (300-579),6,Payment Fees,Net Transaction Volume,-0.0015046344403341785
Merchant 4,Poor (300-579),7,Payment Fees,Net Transaction Volume,-0.0015083467502754004
Merchant 4,Poor (300-579),8,Payment Fees,Net Transaction Volume,-0.0014701330857319714
Merchant 4,Very Good (740-799),0,Payment Fees,Net Transaction Volume,-0.0015058295221356203
Merchant 4,Very Good (740-799),1,Payment Fees,Net Transaction Volume,-0.0014936943368378177
Merchant 4,Very Good (740-799),2,Payment Fees,Net Transaction Volume,-0.001490574749563367
Merchant 4,Very Good (740-799),3,Payment Fees,Net Transaction Volume,-0.0014842829891349423
Merchant 4,Very Good (740-799),4,Payment Fees,Net Transaction Volume,-0.0015062673886379273
Merchant 4,Very Good (740-799),5,Payment Fees,Net Transaction Volume,-0.0014867363682783306
Merchant 4,Very Good (740-799),6,Payment Fees,Net Transaction Volume,-0.001485431958981749
Merchant 4,Very Good (740-799),7,Payment Fees,Net Transaction Volume,-0.001490401661348326
Merchant 4,Very Good (740-799),8,Payment Fees,Net Transaction Volume,-0.0015441329901926689
Merchant 5,Exceptional (800-850),0,Payment Fees,Net Transaction Volume,-0.0015045547690577944
Merchant 5,Exceptional (800-850),1,Payment Fees,Net Transaction Volume,-0.0015044408192858437
Merchant 5,Exceptional (800-850),2,Payment Fees,Net Transaction Volume,-0.0015004331717387697
Merchant 5,Exceptional (800-850),3,Payment Fees,Net Transaction Volume,-0.0014925202694986868
Merchant 5,Exceptional (800-850),4,Payment Fees,Net Transaction Volume,-0.0014934475328300966
Merchant 5,Exceptional (800-850),5,Payment Fees,Net Transaction Volume,-0.001470246846707421
Merchant 5,Exceptional (800-850),6,Payment Fees,Net Transaction Volume,-0.001496910856134157
Merchant 5,Exceptional (800-850),7,Payment Fees,Net Transaction Volume,-0.0014979029358897543
Merchant 5,Fair (580-669),0,Payment Fees,Net Transaction Volume,-0.0015016913787107584
Merchant 5,Fair (580-669),1,Payment Fees,Net Transaction Volume,-0.0014974289750790755
Merchant 5,Fair (580-669),2,Payment Fees,Net Transaction Volume,-0.0015083065109767187
Merchant 5,Fair (580-669),3,Payment Fees,Net Transaction Volume,-0.0014867531632571057
Merchant 5,Fair (580-669),4,Payment Fees,Net Transaction Volume,-0.001509974887641055
Merchant 5,Fair (580-669),5,Payment Fees,Net Transaction Volume,-0.0014782137605448495
Merchant 5,Fair (580-669),6,Payment Fees,Net Transaction Volume,-0.0014704196285255675
Merchant 5,Fair (580-669),7,Payment Fees,Net Transaction Volume,-0.0014996926859250153
Merchant 5,Good (670-739),0,Payment Fees,Net Transaction Volume,-0.001521977786965882
Merchant 5,Good (670-739),1,Payment Fees,Net Transaction Volume,-0.0015021036612657775
Merchant 5,Good (670-739),2,Payment Fees,Net Transaction Volume,-0.001491544692340486
Merchant 5,Good (670-739),3,Payment Fees,Net Transaction Volume,-0.0015000213071208399
Merchant 5,Good (670-739),4,Payment Fees,Net Transaction Volume,-0.0015040249712502053
Merchant 5,Good (670-739),5,Payment Fees,Net Transaction Volume,-0.0015069169960474308
Merchant 5,Good (670-739),6,Payment Fees,Net Transaction Volume,-0.0015020182706607182
Merchant 5,Good (670-739),7,Payment Fees,Net Transaction Volume,-0.0015033860045146727
Merchant 5,Poor (300-579),0,Payment Fees,Net Transaction Volume,-0.0014790379284176616
Merchant 5,Poor (300-579),1,Payment Fees,Net Transaction Volume,-0.0015038035082230088
Merchant 5,Poor (300-579),2,Payment Fees,Net Transaction Volume,-0.0014965646470955652
Merchant 5,Poor (300-579),3,Payment Fees,Net Transaction Volume,-0.0015032348090828365
Merchant 5,Poor (300-579),4,Payment Fees,Net Transaction Volume,-0.001483469380148347
Merchant 5,Poor (300-579),5,Payment Fees,Net Transaction Volume,-0.0014984794028200165
Merchant 5,Poor (300-579),6,Payment Fees,Net Transaction Volume,-0.0014738627929169758
Merchant 5,Poor (300-579),7,Payment Fees,Net Transaction Volume,-0.001454705752700022
Merchant 5,Very Good (740-799),0,Payment Fees,Net Transaction Volume,-0.001507718581522285
Merchant 5,Very Good (740-799),1,Payment Fees,Net Transaction Volume,-0.0015179486112772297
Merchant 5,Very Good (740-799),2,Payment Fees,Net Transaction Volume,-0.0015004042037186742
Merchant 5,Very Good (740-799),3,Payment Fees,Net Transaction Volume,-0.0014910114013707816
Merchant 5,Very Good (740-799),4,Payment Fees,Net Transaction Volume,-0.0015014642615256938
Merchant 5,Very Good (740-799),5,Payment Fees,Net Transaction Volume,-0.0015097789351210594
Merchant 5,Very Good (740-799),6,Payment Fees,Net Transaction Volume,-0.0014770537963740553
Merchant 5,Very Good (740-799),7,Payment Fees,Net Transaction Volume,-0.0015158570024315795
Merchant 6,Exceptional (800-850),0,Payment Fees,Net Transaction Volume,-0.00149719348928291
Merchant 6,Exceptional (800-850),1,Payment Fees,Net Transaction Volume,-0.0014998804977396274
Merchant 6,Exceptional (800-850),2,Payment Fees,Net Transaction Volume,-0.0014834919900461017
Merchant 6,Exceptional (800-850),3,Payment Fees,Net Transaction Volume,-0.0015039414565901693
Merchant 6,Exceptional (800-850),4,Payment Fees,Net Transaction Volume,-0.0015063026605556151
Merchant 6,Exceptional (800-850),5,Payment Fees,Net Transaction Volume,-0.001521295311926692
Merchant 6,Exceptional (800-850),6,Payment Fees,Net Transaction Volume,-0.0015328739314763925
Merchant 6,Fair (580-669),0,Payment Fees,Net Transaction Volume,-0.0014823229978535265
Merchant 6,Fair (580-669),1,Payment Fees,Net Transaction Volume,-0.001501268575570859
Merchant 6,Fair (580-669),2,Payment Fees,Net Transaction Volume,-0.001494000536264915
Merchant 6,Fair (580-669),3,Payment Fees,Net Transaction Volume,-0.001491306439419971
Merchant 6,Fair (580-669),4,Payment Fees,Net Transaction Volume,-0.0015027110766847405
Merchant 6,Fair (580-669),5,Payment Fees,Net Transaction Volume,-0.0014570917759237187
Merchant 6,Fair (580-669),6,Payment Fees,Net Transaction Volume,-0.0015268546793605173
Merchant 6,Good (670-739),0,Payment Fees,Net Transaction Volume,-0.0015102899459206766
Merchant 6,Good (670-739),1,Payment Fees,Net Transaction Volume,-0.0015062295976740036
Merchant 6,Good (670-739),2,Payment Fees,Net Transaction Volume,-0.001522101096415444
Merchant 6,Good (670-739),3,Payment Fees,Net Transaction Volume,-0.0015010259973178652
Merchant 6,Good (670-739),4,Payment Fees,Net Transaction Volume,-0.0015126444389288768
Merchant 6,Good (670-739),5,Payment Fees,Net Transaction Volume,-0.0014692255005976282
Merchant 6,Good (670-739),6,Payment Fees,Net Transaction Volume,-0.0015239776404824949
Merchant 6,Poor (300-579),0,Payment Fees,Net Transaction Volume,-0.00148895197633559
Merchant 6,Poor (300-579),1,Payment Fees,Net Transaction Volume,-0.0015004077194889916
Merchant 6,Poor (300-579),2,Payment Fees,Net Transaction Volume,-0.0014880767075524564
Merchant 6,Poor (300-579),3,Payment Fees,Net Transaction Volume,-0.0015092730761031763
Merchant 6,Poor (300-579),4,Payment Fees,Net Transaction Volume,-0.001508717031738936
Merchant 6,Poor (300-579),5,Payment Fees,Net Transaction Volume,-0.0014766292883312978
Merchant 6,Poor (300-579),6,Payment Fees,Net Transaction Volume,-0.001490066225165563
Merchant 6,Very Good (740-799),0,Payment Fees,Net Transaction Volume,-0.00150684032035663
Merchant 6,Very Good (740-799),1,Payment Fees,Net Transaction Volume,-0.0014989603532462679
Merchant 6,Very Good (740-799),2,Payment Fees,Net Transaction Volume,-0.0015117918177930533
Merchant 6,Very Good (740-799),3,Payment Fees,Net Transaction Volume,-0.0015056915994335022
Merchant 6,Very Good (740-799),4,Payment Fees,Net Transaction Volume,-0.0014811629186724563
Merchant 6,Very Good (740-799),5,Payment Fees,Net Transaction Volume,-0.0015171620665251238
Merchant 6,Very Good (740-799),6,Payment Fees,Net Transaction Volume,-0.0015028665551540534
Merchant 7,Exceptional (800-850),0,Payment Fees,Net Transaction Volume,-0.0014915390350337975
Merchant 7,Exceptional (800-850),1,Payment Fees,Net Transaction Volume,-0.0015113406068682157
Merchant 7,Exceptional (800-850),2,Payment Fees,Net Transaction Volume,-0.0015009650281986539
Merchant 7,Exceptional (800-850),3,Payment Fees,Net Transaction Volume,-0.0014933554647076303
Merchant 7,Exceptional (800-850),4,Payment Fees,Net Transaction Volume,-0.0015292013907005203
Merchant 7,Exceptional (800-850),5,Payment Fees,Net Transaction Volume,-0.0014743577200774845
Merchant 7,Fair (580-669),0,Payment Fees,Net Transaction Volume,-0.001507619654202849
Merchant 7,Fair (580-669),1,Payment Fees,Net Transaction Volume,-0.001499619979342467
Merchant 7,Fair (580-669),2,Payment Fees,Net Transaction Volume,-0.0015106185263253325
Merchant 7,Fair (580-669),3,Payment Fees,Net Transaction Volume,-0.0014925373134328358
Merchant 7,Fair (580-669),4,Payment Fees,Net Transaction Volume,-0.0014865931953170599
Merchant 7,Fair (580-669),5,Payment Fees,Net Transaction Volume,-0.0015276661062787807
Merchant 7,Good (670-739),0,Payment Fees,Net Transaction Volume,-0.0014847554802476634
Merchant 7,Good (670-739),1,Payment Fees,Net Transaction Volume,-0.0014778908320781895
Merchant 7,Good (670-739),2,Payment Fees,Net Transaction Volume,-0.0015317187596452602
Merchant 7,Good (670-739),3,Payment Fees,Net Transaction Volume,-0.0014888059003597325
Merchant 7,Good (670-739),4,Payment Fees,Net Transaction Volume,-0.001515494501566726
Merchant 7,Good (670-739),5,Payment Fees,Net Transaction Volume,-0.0014751090246169244
Merchant 7,Poor (300-579),0,Payment Fees,Net Transaction Volume,-0.0015106635071090047
Merchant 7,Poor (300-579),1,Payment Fees,Net Transaction Volume,-0.001500823335685721
Merchant 7,Poor (300-579),2,Payment Fees,Net Transaction Volume,-0.001485432438632714
Merchant 7,Poor (300-579),3,Payment Fees,Net Transaction Volume,-0.001493212669683258
Merchant 7,Poor (300-579),4,Payment Fees,Net Transaction Volume,-0.0015574067366896053
Merchant 7,Poor (300-579),5,Payment Fees,Net Transaction Volume,-0.0015291607396870554
Merchant 7,Very Good (740-799),0,Payment Fees,Net Transaction Volume,-0.0015077348281090405
Merchant 7,Very Good (740-799),1,Payment Fees,Net Transaction Volume,-0.0015089702061782718
Merchant 7,Very Good (740-799),2,Payment Fees,Net Transaction Volume,-0.0014902868112661527
Merchant 7,Very Good (740-799),3,Payment Fees,Net Transaction Volume,-0.0015016042892528297
Merchant 7,Very Good (740-799),4,Payment Fees,Net Transaction Volume,-0.0015186040623562907
Merchant 7,Very Good (740-799),5,Payment Fees,Net Transaction Volume,-0.0015232780447475844
Merchant 8,Exceptional (800-850),0,Payment Fees,Net Transaction Volume,-0.0015099977016777752
Merchant 8,Exceptional (800-850),1,Payment Fees,Net Transaction Volume,-0.0015091200760501456
Merchant 8,Exceptional (800-850),2,Payment Fees,Net Transaction Volume,-0.0015107913669064749
Merchant 8,Exceptional (800-850),3,Payment Fees,Net Transaction Volume,-0.0015199937641281471
Merchant 8,Exceptional (800-850),4,Payment Fees,Net Transaction Volume,-0.0015310462149135241
Merchant 8,Fair (580-669),0,Payment Fees,Net Transaction Volume,-0.0014845526280593822
Merchant 8,Fair (580-669),1,Payment Fees,Net Transaction Volume,-0.0014935781949206718
Merchant 8,Fair (580-669),2,Payment Fees,Net Transaction Volume,-0.0015198978999883977
Merchant 8,Fair (580-669),3,Payment Fees,Net Transaction Volume,-0.0014914938242833837
Merchant 8,Fair (580-669),4,Payment Fees,Net Transaction Volume,-0.0014745498369488162
Merchant 8,Good (670-739),0,Payment Fees,Net Transaction Volume,-0.0015214861428386706
Merchant 8,Good (670-739),1,Payment Fees,Net Transaction Volume,-0.0014897966910233597
Merchant 8,Good (670-739),2,Payment Fees,Net Transaction Volume,-0.001477844486035828
Merchant 8,Good (670-739),3,Payment Fees,Net Transaction Volume,-0.001515450686148682
Merchant 8,Good (670-739),4,Payment Fees,Net Transaction Volume,-0.0014625880674217426
Merchant 8,Poor (300-579),0,Payment Fees,Net Transaction Volume,-0.0014974584420936942
Merchant 8,Poor (300-579),1,Payment Fees,Net Transaction Volume,-0.001499858503914725
Merchant 8,Poor (300-579),2,Payment Fees,Net Transaction Volume,-0.0015164591295771174
Merchant 8,Poor (300-579),3,Payment Fees,Net Transaction Volume,-0.0015307468989179203
Merchant 8,Poor (300-579),4,Payment Fees,Net Transaction Volume,-0.0015293537247163295
Merchant 8,Very Good (740-799),0,Payment Fees,Net Transaction Volume,-0.0014974286578602399
Merchant 8,Very Good (740-799),1,Payment Fees,Net Transaction Volume,-0.0014961127202247435
Merchant 8,Very Good (740-799),2,Payment Fees,Net Transaction Volume,-0.0014738773871652234
Merchant 8,Very Good (740-799),3,Payment Fees,Net Transaction Volume,-0.001503842538840051
Merchant 8,Very Good (740-799),4,Payment Fees,Net Transaction Volume,-0.0015111980865405523
Merchant 9,ALL,0,Payment Fees,Net Transaction Volume,-0.0015047258397216834
Merchant 9,ALL,1,Payment Fees,Net Transaction Volume,-0.001504268107035329
Merchant 9,ALL,2,Payment Fees,Net Transaction Volume,-0.0014880842756639287
Merchant 9,ALL,3,Payment Fees,Net Transaction Volume,-0.0015058125926503863
Merchant 1,Exceptional (800-850),0,Servicing & Collections,In-Month Active Accounts,-2.3300653594771243
Merchant 1,Exceptional (800-850),1,Servicing & Collections,In-Month Active Accounts,-2.3180373428740277
Merchant 1,Exceptional (800-850),2,Servicing & Collections,In-Month Active Accounts,-2.344787501981436
Merchant 1,Exceptional (800-850),3,Servicing & Collections,In-Month Active Accounts,-2.3474331977183978
Merchant 1,Exceptional (800-850),4,Servicing & Collections,In-Month Active Accounts,-2.3637489677952104
Merchant 1,Exceptional (800-850),5,Servicing & Collections,In-Month Active Accounts,-2.31578664805519
Merchant 1,Exceptional (800-850),6,Servicing & Collections,In-Month Active Accounts,-2.330520093842357
Merchant 1,Exceptional (800-850),7,Servicing & Collections,In-Month Active Accounts,-2.3442574549749042
Merchant 1,Exceptional (800-850),8,Servicing & Collections,In-Month Active Accounts,-2.341674948053121
Merchant 1,Exceptional (800-850),9,Servicing & Collections,In-Month Active Accounts,-2.3093854054969243
Merchant 1,Exceptional (800-850),10,Servicing & Collections,In-Month Active Accounts,-2.313271497315015
Merchant 1,Exceptional (800-850),11,Servicing & Collections,In-Month Active Accounts,-2.3293256664924202
Merchant 1,Exceptional (800-850),12,Servicing & Collections,In-Month Active Accounts,-2.3056904927133934
Merchant 1,Exceptional (800-850),13,Servicing & Collections,In-Month Active Accounts,-2.3618677042801557
Merchant 1,Fair (580-669),0,Servicing & Collections,In-Month Active Accounts,-4.609748803827751
Merchant 1,Fair (580-669),1,Servicing & Collections,In-Month Active Accounts,-4.60851376561705
Merchant 1,Fair (580-669),2,Servicing & Collections,In-Month Active Accounts,-4.6125051549662155
Merchant 1,Fair (580-669),3,Servicing & Collections,In-Month Active Accounts,-4.657488121515956
Merchant 1,Fair (580-669),4,Servicing & Collections,In-Month Active Accounts,-4.66715498298074
Merchant 1,Fair (580-669),5,Servicing & Collections,In-Month Active Accounts,-4.707526452385705
Merchant 1,Fair (580-669),6,Servicing & Collections,In-Month Active Accounts,-4.740011580775912
Merchant 1,Fair (580-669),7,Servicing & Collections,In-Month Active Accounts,-4.7043478260869565
Merchant 1,Fair (580-669),8,Servicing & Collections,In-Month Active Accounts,-4.658811115019346
Merchant 1,Fair (580-669),9,Servicing & Collections,In-Month Active Accounts,-4.679775280898877
Merchant 1,Fair (580-669),10,Servicing & Collections,In-Month Active Accounts,-4.633868903739514
Merchant 1,Fair (580-669),11,Servicing & Collections,In-Month Active Accounts,-4.688446559930766
Merchant 1,Fair (580-669),12,Servicing & Collections,In-Month Active Accounts,-4.688631426502535
Merchant 1,Fair (580-669),13,Servicing & Collections,In-Month Active Accounts,-4.60840890354493
Merchant 1,Good (670-739),0,Servicing & Collections,In-Month Active Accounts,-3.3574658002238795
Merchant 1,Good (670-739),1,Servicing & Collections,In-Month Active Accounts,-3.3191748571804878
Merchant 1,Good (670-739),2,Servicing & Collections,In-Month Active Accounts,-3.3532180385288965
Merchant 1,Good (670-739),3,Servicing & Collections,In-Month Active Accounts,-3.32657671924157
Merchant 1,Good (670-739),4,Servicing & Collections,In-Month Active Accounts,-3.3819256102285937
Merchant 1,Good (670-739),5,Servicing & Collections,In-Month Active Accounts,-3.2735185237516604
Merchant 1,Good (670-739),6,Servicing & Collections,In-Month Active Accounts,-3.3002175254050194
Merchant 1,Good (670-739),7,Servicing & Collections,In-Month Active Accounts,-3.3256258969861268
Merchant 1,Good (670-739),8,Servicing & Collections,In-Month Active Accounts,-3.3483024082116066
Merchant 1,Good (670-739),9,Servicing & Collections,In-Month Active Accounts,-3.3563865597649793
Merchant 1,Good (670-739),10,Servicing & Collections,In-Month Active Accounts,-3.3256616800920598
Merchant 1,Good (670-739),11,Servicing & Collections,In-Month Active Accounts,-3.383780036968577
Merchant 1,Good (670-739),12,Servicing & Collections,In-Month Active Accounts,-3.2684365781710913
Merchant 1,Good (670-739),13,Servicing & Collections,In-Month Active Accounts,-3.2837778749453435
Merchant 1,Poor (300-579),0,Servicing & Collections,In-Month Active Accounts,-6.669118630466765
Merchant 1,Poor (300-579),1,Servicing & Collections,In-Month Active Accounts,-6.673044543088933
Merchant 1,Poor (300-579),2,Servicing & Collections,In-Month Active Accounts,-6.608328304164152
Merchant 1,Poor (300-579),3,Servicing & Collections,In-Month Active Accounts,-6.6528382070221594
Merchant 1,Poor (300-579),4,Servicing & Collections,In-Month Active Accounts,-6.737873244423462
Merchant 1,Poor (300-579),5,Servicing & Collections,In-Month Active Accounts,-6.663421418636996
Merchant 1,Poor (300-579),6,Servicing & Collections,In-Month Active Accounts,-6.644155008843866
Merchant 1,Poor (300-579),7,Servicing & Collections,In-Month Active Accounts,-6.686270533360373
Merchant 1,Poor (300-579),8,Servicing & Collections,In-Month Active Accounts,-6.678400804626603
Merchant 1,Poor (300-579),9,Servicing & Collections,In-Month Active Accounts,-6.714331108992692
Merchant 1,Poor (300-579),10,Servicing & Collections,In-Month Active Accounts,-6.657223796033994
Merchant 1,Poor (300-579),11,Servicing & Collections,In-Month Active Accounts,-6.601226993865031
Merchant 1,Poor (300-579),12,Servicing & Collections,In-Month Active Accounts,-6.702014846235419
Merchant 1,Poor (300-579),13,Servicing & Collections,In-Month Active Accounts,-6.6028708133971294
Merchant 1,Very Good (740-799),0,Servicing & Collections,In-Month Active Accounts,-2.681444757653201
Merchant 1,Very Good (740-799),1,Servicing & Collections,In-Month Active Accounts,-2.673680301998886
Merchant 1,Very Good (740-799),2,Servicing & Collections,In-Month Active Accounts,-2.648381294964029
Merchant 1,Very Good (740-799),3,Servicing & Collections,In-Month Active Accounts,-2.6776584867075663
Merchant 1,Very Good (740-799),4,Servicing & Collections,In-Month Active Accounts,-2.6594298762255124
Merchant 1,Very Good (740-799),5,Servicing & Collections,In-Month Active Accounts,-2.6608434499386657
Merchant 1,Very Good (740-799),6,Servicing & Collections,In-Month Active Accounts,-2.654304762359913
Merchant 1,Very Good (740-799),7,Servicing & Collections,In-Month Active Accounts,-2.6859016006142578
Merchant 1,Very Good (740-799),8,Servicing & Collections,In-Month Active Accounts,-2.6540079836012516
Merchant 1,Very Good (740-799),9,Servicing & Collections,In-Month Active Accounts,-2.6805599034032466
Merchant 1,Very Good (740-799),10,Servicing & Collections,In-Month Active Accounts,-2.7284991568296797
Merchant 1,Very Good (740-799),11,Servicing & Collections,In-Month Active Accounts,-2.680438237015974
Merchant 1,Very Good (740-799),12,Servicing & Collections,In-Month Active Accounts,-2.664712451144612
Merchant 1,Very Good (740-799),13,Servicing & Collections,In-Month Active Accounts,-2.5734394124847
Merchant 10,ALL,0,Servicing & Collections,In-Month Active Accounts,-3.6743309950636527
Merchant 10,ALL,1,Servicing & Collections,In-Month Active Accounts,-3.647727272727273
Merchant 2,Exceptional (800-850),0,Servicing & Collections,In-Month Active Accounts,-2.3441072637143536
Merchant 2,Exceptional (800-850),1,Servicing & Collections,In-Month Active Accounts,-2.3109208776595747
Merchant 2,Exceptional (800-850),2,Servicing & Collections,In-Month Active Accounts,-2.335673561701927
Merchant 2,Exceptional (800-850),3,Servicing & Collections,In-Month Active Accounts,-2.3171204072598495
Merchant 2,Exceptional (800-850),4,Servicing & Collections,In-Month Active Accounts,-2.3290015847860537
Merchant 2,Exceptional (800-850),5,Servicing & Collections,In-Month Active Accounts,-2.3216995447647952
Merchant 2,Exceptional (800-850),6,Servicing & Collections,In-Month Active Accounts,-2.319175968781196
Merchant 2,Exceptional (800-850),7,Servicing & Collections,In-Month Active Accounts,-2.3851529384809256
Merchant 2,Exceptional (800-850),8,Servicing & Collections,In-Month Active Accounts,-2.3160300840583985
Merchant 2,Exceptional (800-850),9,Servicing & Collections,In-Month Active Accounts,-2.3264976260228307
Merchant 2,Exceptional (800-850),10,Servicing & Collections,In-Month Active Accounts,-2.4032525222105106
Merchant 2,Exceptional (800-850),11,Servicing & Collections,In-Month Active Accounts,-2.4105263157894736
Merchant 2,Fair (580-669),0,Servicing & Collections,In-Month Active Accounts,-4.626809155166611
Merchant 2,Fair (580-669),1,Servicing & Collections,In-Month Active Accounts,-4.658765240200126
Merchant 2,Fair (580-669),2,Servicing & Collections,In-Month Active Accounts,-4.647934251443803
Merchant 2,Fair (580-669),3,Servicing & Collections,In-Month Active Accounts,-4.686073436983129
Merchant 2,Fair (580-669),4,Servicing & Collections,In-Month Active Accounts,-4.633960539346385
Merchant 2,Fair (580-669),5,Servicing & Collections,In-Month Active Accounts,-4.723404255319149
Merchant 2,Fair (580-669),6,Servicing & Collections,In-Month Active Accounts,-4.646531695984069
Merchant 2,Fair (580-669),7,Servicing & Collections,In-Month Active Accounts,-4.610474394313071
Merchant 2,Fair (580-669),8,Servicing & Collections,In-Month Active Accounts,-4.6482035928143715
Merchant 2,Fair (580-669),9,Servicing & Collections,In-Month Active Accounts,-4.678756476683938
Merchant 2,Fair (580-669),10,Servicing & Collections,In-Month Active Accounts,-4.700239808153477
Merchant 2,Fair (580-669),11,Servicing & Collections,In-Month Active Accounts,-4.622980251346499
Merchant 2,Good (670-739),0,Servicing & Collections,In-Month Active Accounts,-3.3106591703107284
Merchant 2,Good (670-739),1,Servicing & Collections,In-Month Active Accounts,-3.319252296969057
Merchant 2,Good (670-739),2,Servicing & Collections,In-Month Active Accounts,-3.3691083087380376
Merchant 2,Good (670-739),3,Servicing & Collections,In-Month Active Accounts,-3.3625181666725745
Merchant 2,Good (670-739),4,Servicing & Collections,In-Month Active Accounts,-3.392332789559543
Merchant 2,Good (670-739),5,Servicing & Collections,In-Month Active Accounts,-3.3213032085825875
Merchant 2,Good (670-739),6,Servicing & Collections,In-Month Active Accounts,-3.3362712262765144
Merchant 2,Good (670-739),7,Servicing & Collections,In-Month Active Accounts,-3.294636638031112
Merchant 2,Good (670-739),8,Servicing & Collections,In-Month Active Accounts,-3.3323506289308176
Merchant 2,Good (670-739),9,Servicing & Collections,In-Month Active Accounts,-3.2948294829482947
Merchant 2,Good (670-739),10,Servicing & Collections,In-Month Active Accounts,-3.3414288605545437
Merchant 2,Good (670-739),11,Servicing & Collections,In-Month Active Accounts,-3.4542073454207345
Merchant 2,Poor (300-579),0,Servicing & Collections,In-Month Active Accounts,-6.669658886894076
Merchant 2,Poor (300-579),1,Servicing & Collections,In-Month Active Accounts,-6.689655172413793
Merchant 2,Poor (300-579),2,Servicing & Collections,In-Month Active Accounts,-6.602681291895186
Merchant 2,Poor (300-579),3,Servicing & Collections,In-Month Active Accounts,-6.656284353242946
Merchant 2,Poor (300-579),4,Servicing & Collections,In-Month Active Accounts,-6.625452995096994
Merchant 2,Poor (300-579),5,Servicing & Collections,In-Month Active Accounts,-6.566107030430221
Merchant 2,Poor (300-579),6,Servicing & Collections,In-Month Active Accounts,-6.602034329307057
Merchant 2,Poor (300-579),7,Servicing & Collections,In-Month Active Accounts,-6.652909616178292
Merchant 2,Poor (300-579),8,Servicing & Collections,In-Month Active Accounts,-6.62533692722372
Merchant 2,Poor (300-579),9,Servicing & Collections,In-Month Active Accounts,-6.751687921980495
Merchant 2,Poor (300-579),10,Servicing & Collections,In-Month Active Accounts,-6.701754385964913
Merchant 2,Poor (300-579),11,Servicing & Collections,In-Month Active Accounts,-6.7828418230563
Merchant 2,Very Good (740-799),0,Servicing & Collections,In-Month Active Accounts,-2.655984608215966
Merchant 2,Very Good (740-799),1,Servicing & Collections,In-Month Active Accounts,-2.656050074350728
Merchant 2,Very Good (740-799),2,Servicing & Collections,In-Month Active Accounts,-2.659775719161385
Merchant 2,Very Good (740-799),3,Servicing & Collections,In-Month Active Accounts,-2.6417191552426824
Merchant 2,Very Good (740-799),4,Servicing & Collections,In-Month Active Accounts,-2.6464765370003747
Merchant 2,Very Good (740-799),5,Servicing & Collections,In-Month Active Accounts,-2.6466136965569427
Merchant 2,Very Good (740-799),6,Servicing & Collections,In-Month Active Accounts,-2.696149447197865
Merchant 2,Very Good (740-799),7,Servicing & Collections,In-Month Active Accounts,-2.651923076923077
Merchant 2,Very Good (740-799),8,Servicing & Collections,In-Month Active Accounts,-2.6520636099251282
Merchant 2,Very Good (740-799),9,Servicing & Collections,In-Month Active Accounts,-2.699103490295065
Merchant 2,Very Good (740-799),10,Servicing & Collections,In-Month Active Accounts,-2.6463005929363237
Merchant 2,Very Good (740-799),11,Servicing & Collections,In-Month Active Accounts,-2.7231604342581424
Merchant 3,Exceptional (800-850),0,Servicing & Collections,In-Month Active Accounts,-2.337028457974851
Merchant 3,Exceptional (800-850),1,Servicing & Collections,In-Month Active Accounts,-2.317890235210264
Merchant 3,Exceptional (800-850),2,Servicing & Collections,In-Month Active Accounts,-2.340391055417522
Merchant 3,Exceptional (800-850),3,Servicing & Collections,In-Month Active Accounts,-2.3381104033970277
Merchant 3,Exceptional (800-850),4,Servicing & Collections,In-Month Active Accounts,-2.307630132557388
Merchant 3,Exceptional (800-850),5,Servicing & Collections,In-Month Active Accounts,-2.312966323855616
Merchant 3,Exceptional (800-850),6,Servicing & Collections,In-Month Active Accounts,-2.384799899002651
Merchant 3,Exceptional (800-850),7,Servicing & Collections,In-Month Active Accounts,-2.378060353008161
Merchant 3,Exceptional (800-850),8,Servicing & Collections,In-Month Active Accounts,-2.3540315106580167
Merchant 3,Exceptional (800-850),9,Servicing & Collections,In-Month Active Accounts,-2.401894451962111
Merchant 3,Fair (580-669),0,Servicing & Collections,In-Month Active Accounts,-4.6779519489884995
Merchant 3,Fair (580-669),1,Servicing & Collections,In-Month Active Accounts,-4.6084701041992755
Merchant 3,Fair (580-669),2,Servicing & Collections,In-Month Active Accounts,-4.667117797095414
Merchant 3,Fair (580-669),3,Servicing & Collections,In-Month Active Accounts,-4.6512226512226515
Merchant 3,Fair (580-669),4,Servicing & Collections,In-Month Active Accounts,-4.626817963880454
Merchant 3,Fair (580-669),5,Servicing & Collections,In-Month Active Accounts,-4.726773175943828
Merchant 3,Fair (580-669),6,Servicing & Collections,In-Month Active Accounts,-4.545223899530636
Merchant 3,Fair (580-669),7,Servicing & Collections,In-Month Active Accounts,-4.739961759082218
Merchant 3,Fair (580-669),8,Servicing & Collections,In-Month Active Accounts,-4.701591511936339
Merchant 3,Fair (580-669),9,Servicing & Collections,In-Month Active Accounts,-4.713467048710601
Merchant 3,Good (670-739),0,Servicing & Collections,In-Month Active Accounts,-3.3387551507265236
Merchant 3,Good (670-739),1,Servicing & Collections,In-Month Active Accounts,-3.3093433539265016
Merchant 3,Good (670-739),2,Servicing & Collections,In-Month Active Accounts,-3.3012275047977693
Merchant 3,Good (670-739),3,Servicing & Collections,In-Month Active Accounts,-3.3310740590122454
Merchant 3,Good (670-739),4,Servicing & Collections,In-Month Active Accounts,-3.3054623466637327
Merchant 3,Good (670-739),5,Servicing & Collections,In-Month Active Accounts,-3.3841064167068717
Merchant 3,Good (670-739),6,Servicing & Collections,In-Month Active Accounts,-3.3198658987363534
Merchant 3,Good (670-739),7,Servicing & Collections,In-Month Active Accounts,-3.3490627867348275
Merchant 3,Good (670-739),8,Servicing & Collections,In-Month Active Accounts,-3.4307383448583537
Merchant 3,Good (670-739),9,Servicing & Collections,In-Month Active Accounts,-3.388189738625363
Merchant 3,Poor (300-579),0,Servicing & Collections,In-Month Active Accounts,-6.631805297624866
Merchant 3,Poor (300-579),1,Servicing & Collections,In-Month Active Accounts,-6.711440481704493
Merchant 3,Poor (300-579),2,Servicing & Collections,In-Month Active Accounts,-6.705280172413793
Merchant 3,Poor (300-579),3,Servicing & Collections,In-Month Active Accounts,-6.552998488157232
Merchant 3,Poor (300-579),4,Servicing & Collections,In-Month Active Accounts,-6.686353090065387
Merchant 3,Poor (300-579),5,Servicing & Collections,In-Month Active Accounts,-6.60010649627263
Merchant 3,Poor (300-579),6,Servicing & Collections,In-Month Active Accounts,-6.819268875982234
Merchant 3,Poor (300-579),7,Servicing & Collections,In-Month Active Accounts,-6.726315789473684
Merchant 3,Poor (300-579),8,Servicing & Collections,In-Month Active Accounts,-6.533687943262412
Merchant 3,Poor (300-579),9,Servicing & Collections,In-Month Active Accounts,-6.4694280078895465
Merchant 3,Very Good (740-799),0,Servicing & Collections,In-Month Active Accounts,-2.651067631040544
Merchant 3,Very Good (740-799),1,Servicing & Collections,In-Month Active Accounts,-2.641124991649409
Merchant 3,Very Good (740-799),2,Servicing & Collections,In-Month Active Accounts,-2.6558338801188777
Merchant 3,Very Good (740-799),3,Servicing & Collections,In-Month Active Accounts,-2.672511848341232
Merchant 3,Very Good (740-799),4,Servicing & Collections,In-Month Active Accounts,-2.6710004026922856
Merchant 3,Very Good (740-799),5,Servicing & Collections,In-Month Active Accounts,-2.673854837542514
Merchant 3,Very Good (740-799),6,Servicing & Collections,In-Month Active Accounts,-2.6606416629010394
Merchant 3,Very Good (740-799),7,Servicing & Collections,In-Month Active Accounts,-2.673629951166576
Merchant 3,Very Good (740-799),8,Servicing & Collections,In-Month Active Accounts,-2.7266591676040495
Merchant 3,Very Good (740-799),9,Servicing & Collections,In-Month Active Accounts,-2.72
Merchant 4,Exceptional (800-850),0,Servicing & Collections,In-Month Active Accounts,-2.341289695970804
Merchant 4,Exceptional (800-850),1,Servicing & Collections,In-Month Active Accounts,-2.3191474590391556
Merchant 4,Exceptional (800-850),2,Servicing & Collections,In-Month Active Accounts,-2.312393348942418
Merchant 4,Exceptional (800-850),3,Servicing & Collections,In-Month Active Accounts,-2.3309323729491798
Merchant 4,Exceptional (800-850),4,Servicing & Collections,In-Month Active Accounts,-2.385337999631608
Merchant 4,Exceptional (800-850),5,Servicing & Collections,In-Month Active Accounts,-2.335105960790539
Merchant 4,Exceptional (800-850),6,Servicing & Collections,In-Month Active Accounts,-2.317548175481755
Merchant 4,Exceptional (800-850),7,Servicing & Collections,In-Month Active Accounts,-2.366918401178854
Merchant 4,Exceptional (800-850),8,Servicing & Collections,In-Month Active Accounts,-2.404831625183016
Merchant 4,Fair (580-669),0,Servicing & Collections,In-Month Active Accounts,-4.70167792547396
Merchant 4,Fair (580-669),1,Servicing & Collections,In-Month Active Accounts,-4.69332698563834
Merchant 4,Fair (580-669),2,Servicing & Collections,In-Month Active Accounts,-4.658307401305754
Merchant 4,Fair (580-669),3,Servicing & Collections,In-Month Active Accounts,-4.69720221933656
Merchant 4,Fair (580-669),4,Servicing & Collections,In-Month Active Accounts,-4.741217742323033
Merchant 4,Fair (580-669),5,Servicing & Collections,In-Month Active Accounts,-4.66590008943401
Merchant 4,Fair (580-669),6,Servicing & Collections,In-Month Active Accounts,-4.632163888197727
Merchant 4,Fair (580-669),7,Servicing & Collections,In-Month Active Accounts,-4.664775272510079
Merchant 4,Fair (580-669),8,Servicing & Collections,In-Month Active Accounts,-4.649546827794562
Merchant 4,Good (670-739),0,Servicing & Collections,In-Month Active Accounts,-3.3069149359433436
Merchant 4,Good (670-739),1,Servicing & Collections,In-Month Active Accounts,-3.300889506866536
Merchant 4,Good (670-739),2,Servicing & Collections,In-Month Active Accounts,-3.318276050190944
Merchant 4,Good (670-739),3,Servicing & Collections,In-Month Active Accounts,-3.353919239904988
Merchant 4,Good (670-739),4,Servicing & Collections,In-Month Active Accounts,-3.37091928024037
Merchant 4,Good (670-739),5,Servicing & Collections,In-Month Active Accounts,-3.3293418485009756
Merchant 4,Good (670-739),6,Servicing & Collections,In-Month Active Accounts,-3.3362562843446746
Merchant 4,Good (670-739),7,Servicing & Collections,In-Month Active Accounts,-3.391806831080384
Merchant 4,Good (670-739),8,Servicing & Collections,In-Month Active Accounts,-3.2172818791946307
Merchant 4,Poor (300-579),0,Servicing & Collections,In-Month Active Accounts,-6.59874027417562
Merchant 4,Poor (300-579),1,Servicing & Collections,In-Month Active Accounts,-6.622781065088757
Merchant 4,Poor (300-579),2,Servicing & Collections,In-Month Active Accounts,-6.709460623815268
Merchant 4,Poor (300-579),3,Servicing & Collections,In-Month Active Accounts,-6.641057507626257
Merchant 4,Poor (300-579),4,Servicing & Collections,In-Month Active Accounts,-6.738980240431117
Merchant 4,Poor (300-579),5,Servicing & Collections,In-Month Active Accounts,-6.7429094236047575
Merchant 4,Poor (300-579),6,Servicing & Collections,In-Month Active Accounts,-6.596618357487923
Merchant 4,Poor (300-579),7,Servicing & Collections,In-Month Active Accounts,-6.482727680574248
Merchant 4,Poor (300-579),8,Servicing & Collections,In-Month Active Accounts,-6.4171122994652405
Merchant 4,Very Good (740-799),0,Servicing & Collections,In-Month Active Accounts,-2.6733751956104035
Merchant 4,Very Good (740-799),1,Servicing & Collections,In-Month Active Accounts,-2.6450353291186315
Merchant 4,Very Good (740-799),2,Servicing & Collections,In-Month Active Accounts,-2.704204082733328
Merchant 4,Very Good (740-799),3,Servicing & Collections,In-Month Active Accounts,-2.671800336897109
Merchant 4,Very Good (740-799),4,Servicing & Collections,In-Month Active Accounts,-2.712304662951946
Merchant 4,Very Good (740-799),5,Servicing & Collections,In-Month Active Accounts,-2.6658683938387853
Merchant 4,Very Good (740-799),6,Servicing & Collections,In-Month Active Accounts,-2.6548672566371683
Merchant 4,Very Good (740-799),7,Servicing & Collections,In-Month Active Accounts,-2.7007755816862646
Merchant 4,Very Good (740-799),8,Servicing & Collections,In-Month Active Accounts,-2.592871485943775
Merchant 5,Exceptional (800-850),0,Servicing & Collections,In-Month Active Accounts,-2.336846176157788
Merchant 5,Exceptional (800-850),1,Servicing & Collections,In-Month Active Accounts,-2.3141931002546885
Merchant 5,Exceptional (800-850),2,Servicing & Collections,In-Month Active Accounts,-2.316121079304205
Merchant 5,Exceptional (800-850),3,Servicing & Collections,In-Month Active Accounts,-2.2840690978886755
Merchant 5,Exceptional (800-850),4,Servicing & Collections,In-Month Active Accounts,-2.3536036036036037
Merchant 5,Exceptional (800-850),5,Servicing & Collections,In-Month Active Accounts,-2.34533702677747
Merchant 5,Exceptional (800-850),6,Servicing & Collections,In-Month Active Accounts,-2.2790055248618786
Merchant 5,Exceptional (800-850),7,Servicing & Collections,In-Month Active Accounts,-2.2786177105831533
Merchant 5,Fair (580-669),0,Servicing & Collections,In-Month Active Accounts,-4.6530629003120385
Merchant 5,Fair (580-669),1,Servicing & Collections,In-Month Active Accounts,-4.649122807017544
Merchant 5,Fair (580-669),2,Servicing & Collections,In-Month Active Accounts,-4.611659192825112
Merchant 5,Fair (580-669),3,Servicing & Collections,In-Month Active Accounts,-4.695427497651112
Merchant 5,Fair (580-669),4,Servicing & Collections,In-Month Active Accounts,-4.689988910172397
Merchant 5,Fair (580-669),5,Servicing & Collections,In-Month Active Accounts,-4.65325643550429
Merchant 5,Fair (580-669),6,Servicing & Collections,In-Month Active Accounts,-4.671250537172325
Merchant 5,Fair (580-669),7,Servicing & Collections,In-Month Active Accounts,-4.848935116394254
Merchant 5,Good (670-739),0,Servicing & Collections,In-Month Active Accounts,-3.2701759949262725
Merchant 5,Good (670-739),1,Servicing & Collections,In-Month Active Accounts,-3.3246187363834423
Merchant 5,Good (670-739),2,Servicing & Collections,In-Month Active Accounts,-3.311112399281201
Merchant 5,Good (670-739),3,Servicing & Collections,In-Month Active Accounts,-3.331837223219629
Merchant 5,Good (670-739),4,Servicing & Collections,In-Month Active Accounts,-3.394408764639214
Merchant 5,Good (670-739),5,Servicing & Collections,In-Month Active Accounts,-3.265957446808511
Merchant 5,Good (670-739),6,Servicing & Collections,In-Month Active Accounts,-3.2609982245018743
Merchant 5,Good (670-739),7,Servicing & Collections,In-Month Active Accounts,-3.3865086599817684
Merchant 5,Poor (300-579),0,Servicing & Collections,In-Month Active Accounts,-6.649139086503763
Merchant 5,Poor (300-579),1,Servicing & Collections,In-Month Active Accounts,-6.563865651142465
Merchant 5,Poor (300-579),2,Servicing & Collections,In-Month Active Accounts,-6.708045977011494
Merchant 5,Poor (300-579),3,Servicing & Collections,In-Month Active Accounts,-6.794460056202328
Merchant 5,Poor (300-579),4,Servicing & Collections,In-Month Active Accounts,-6.63493696938513
Merchant 5,Poor (300-579),5,Servicing & Collections,In-Month Active Accounts,-6.6361974405850095
Merchant 5,Poor (300-579),6,Servicing & Collections,In-Month Active Accounts,-6.611047180667434
Merchant 5,Poor (300-579),7,Servicing & Collections,In-Month Active Accounts,-6.874172185430464
Merchant 5,Very Good (740-799),0,Servicing & Collections,In-Month Active Accounts,-2.674732695554305
Merchant 5,Very Good (740-799),1,Servicing & Collections,In-Month Active Accounts,-2.664322423586692
Merchant 5,Very Good (740-799),2,Servicing & Collections,In-Month Active Accounts,-2.680437424058323
Merchant 5,Very Good (740-799),3,Servicing & Collections,In-Month Active Accounts,-2.682416893163287
Merchant 5,Very Good (740-799),4,Servicing & Collections,In-Month Active Accounts,-2.668520725731691
Merchant 5,Very Good (740-799),5,Servicing & Collections,In-Month Active Accounts,-2.622007793653739
Merchant 5,Very Good (740-799),6,Servicing & Collections,In-Month Active Accounts,-2.693935119887165
Merchant 5,Very Good (740-799),7,Servicing & Collections,In-Month Active Accounts,-2.6725775807473084
Merchant 6,Exceptional (800-850),0,Servicing & Collections,In-Month Active Accounts,-2.351359426351957
Merchant 6,Exceptional (800-850),1,Servicing & Collections,In-Month Active Accounts,-2.317849188673242
Merchant 6,Exceptional (800-850),2,Servicing & Collections,In-Month Active Accounts,-2.3881247277027446
Merchant 6,Exceptional (800-850),3,Servicing & Collections,In-Month Active Accounts,-2.3386824324324325
Merchant 6,Exceptional (800-850),4,Servicing & Collections,In-Month Active Accounts,-2.3246376811594205
Merchant 6,Exceptional (800-850),5,Servicing & Collections,In-Month Active Accounts,-2.350332594235033
Merchant 6,Exceptional (800-850),6,Servicing & Collections,In-Month Active Accounts,-2.3371410929299166
Merchant 6,Fair (580-669),0,Servicing & Collections,In-Month Active Accounts,-4.6473834212600815
Merchant 6,Fair (580-669),1,Servicing & Collections,In-Month Active Accounts,-4.674574209245742
Merchant 6,Fair (580-669),2,Servicing & Collections,In-Month Active Accounts,-4.6294090700870365
Merchant 6,Fair (580-669),3,Servicing & Collections,In-Month Active Accounts,-4.592133552548375
Merchant 6,Fair (580-669),4,Servicing & Collections,In-Month Active Accounts,-4.624008278716799
Merchant 6,Fair (580-669),5,Servicing & Collections,In-Month Active Accounts,-4.626736111111111
Merchant 6,Fair (580-669),6,Servicing & Collections,In-Month Active Accounts,-4.604422604422604
Merchant 6,Good (670-739),0,Servicing & Collections,In-Month Active Accounts,-3.35557344990222
Merchant 6,Good (670-739),1,Servicing & Collections,In-Month Active Accounts,-3.3210508685457243
Merchant 6,Good (670-739),2,Servicing & Collections,In-Month Active Accounts,-3.2682816134339365
Merchant 6,Good (670-739),3,Servicing & Collections,In-Month Active Accounts,-3.355834885164494
Merchant 6,Good (670-739),4,Servicing & Collections,In-Month Active Accounts,-3.328506412908564
Merchant 6,Good (670-739),5,Servicing & Collections,In-Month Active Accounts,-3.365553602811951
Merchant 6,Good (670-739),6,Servicing & Collections,In-Month Active Accounts,-3.4257142857142857
Merchant 6,Poor (300-579),0,Servicing & Collections,In-Month Active Accounts,-6.754811453606634
Merchant 6,Poor (300-579),1,Servicing & Collections,In-Month Active Accounts,-6.719738722188201
Merchant 6,Poor (300-579),2,Servicing & Collections,In-Month Active Accounts,-6.730909978043425
Merchant 6,Poor (300-579),3,Servicing & Collections,In-Month Active Accounts,-6.598181205793196
Merchant 6,Poor (300-579),4,Servicing & Collections,In-Month Active Accounts,-6.654377880184332
Merchant 6,Poor (300-579),5,Servicing & Collections,In-Month Active Accounts,-6.6799046862589355
Merchant 6,Poor (300-579),6,Servicing & Collections,In-Month Active Accounts,-6.517739816031537
Merchant 6,Very Good (740-799),0,Servicing & Collections,In-Month Active Accounts,-2.6672306090577824
Merchant 6,Very Good (740-799),1,Servicing & Collections,In-Month Active Accounts,-2.685140562248996
Merchant 6,Very Good (740-799),2,Servicing & Collections,In-Month Active Accounts,-2.7101511467124397
Merchant 6,Very Good (740-799),3,Servicing & Collections,In-Month Active Accounts,-2.67435797158128
Merchant 6,Very Good (740-799),4,Servicing & Collections,In-Month Active Accounts,-2.616145557322028
Merchant 6,Very Good (740-799),5,Servicing & Collections,In-Month Active Accounts,-2.684361549497848
Merchant 6,Very Good (740-799),6,Servicing & Collections,In-Month Active Accounts,-2.572584483579248
Merchant 7,Exceptional (800-850),0,Servicing & Collections,In-Month Active Accounts,-2.3557457212713935
Merchant 7,Exceptional (800-850),1,Servicing & Collections,In-Month Active Accounts,-2.317077777358063
Merchant 7,Exceptional (800-850),2,Servicing & Collections,In-Month Active Accounts,-2.2983228707954653
Merchant 7,Exceptional (800-850),3,Servicing & Collections,In-Month Active Accounts,-2.362641268036108
Merchant 7,Exceptional (800-850),4,Servicing & Collections,In-Month Active Accounts,-2.3341494695114844
Merchant 7,Exceptional (800-850),5,Servicing & Collections,In-Month Active Accounts,-2.381445970458668
Merchant 7,Fair (580-669),0,Servicing & Collections,In-Month Active Accounts,-4.641641365350998
Merchant 7,Fair (580-669),1,Servicing & Collections,In-Month Active Accounts,-4.615384615384615
Merchant 7,Fair (580-669),2,Servicing & Collections,In-Month Active Accounts,-4.622113867775706
Merchant 7,Fair (580-669),3,Servicing & Collections,In-Month Active Accounts,-4.73017260214114
Merchant 7,Fair (580-669),4,Servicing & Collections,In-Month Active Accounts,-4.781966001478197
Merchant 7,Fair (580-669),5,Servicing & Collections,In-Month Active Accounts,-4.499151103565365
Merchant 7,Good (670-739),0,Servicing & Collections,In-Month Active Accounts,-3.369643177335485
Merchant 7,Good (670-739),1,Servicing & Collections,In-Month Active Accounts,-3.364683621793088
Merchant 7,Good (670-739),2,Servicing & Collections,In-Month Active Accounts,-3.3712255772646538
Merchant 7,Good (670-739),3,Servicing & Collections,In-Month Active Accounts,-3.267017958920314
Merchant 7,Good (670-739),4,Servicing & Collections,In-Month Active Accounts,-3.3047363717605003
Merchant 7,Good (670-739),5,Servicing & Collections,In-Month Active Accounts,-3.305978898007034
Merchant 7,Poor (300-579),0,Servicing & Collections,In-Month Active Accounts,-6.579783852511126
Merchant 7,Poor (300-579),1,Servicing & Collections,In-Month Active Accounts,-6.690968003240179
Merchant 7,Poor (300-579),2,Servicing & Collections,In-Month Active Accounts,-6.580020387359837
Merchant 7,Poor (300-579),3,Servicing & Collections,In-Month Active Accounts,-6.643026004728132
Merchant 7,Poor (300-579),4,Servicing & Collections,In-Month Active Accounts,-6.743869209809264
Merchant 7,Poor (300-579),5,Servicing & Collections,In-Month Active Accounts,-6.513761467889908
Merchant 7,Very Good (740-799),0,Servicing & Collections,In-Month Active Accounts,-2.654110965253034
Merchant 7,Very Good (740-799),1,Servicing & Collections,In-Month Active Accounts,-2.6618964781566943
Merchant 7,Very Good (740-799),2,Servicing & Collections,In-Month Active Accounts,-2.67340681196652
Merchant 7,Very Good (740-799),3,Servicing & Collections,In-Month Active Accounts,-2.6733345681299006
Merchant 7,Very Good (740-799),4,Servicing & Collections,In-Month Active Accounts,-2.6813117511036366
Merchant 7,Very Good (740-799),5,Servicing & Collections,In-Month Active Accounts,-2.7718742934659732
Merchant 8,Exceptional (800-850),0,Servicing & Collections,In-Month Active Accounts,-2.336993053999552
Merchant 8,Exceptional (800-850),1,Servicing & Collections,In-Month Active Accounts,-2.330323332362365
Merchant 8,Exceptional (800-850),2,Servicing & Collections,In-Month Active Accounts,-2.3759398496240602
Merchant 8,Exceptional (800-850),3,Servicing & Collections,In-Month Active Accounts,-2.3655913978494625
Merchant 8,Exceptional (800-850),4,Servicing & Collections,In-Month Active Accounts,-2.3465211459754434
Merchant 8,Fair (580-669),0,Servicing & Collections,In-Month Active Accounts,-4.6815672546115525
Merchant 8,Fair (580-669),1,Servicing & Collections,In-Month Active Accounts,-4.7215958369470945
Merchant 8,Fair (580-669),2,Servicing & Collections,In-Month Active Accounts,-4.638985005767013
Merchant 8,Fair (580-669),3,Servicing & Collections,In-Month Active Accounts,-4.810968009970918
Merchant 8,Fair (580-669),4,Servicing & Collections,In-Month Active Accounts,-4.781491002570694
Merchant 8,Good (670-739),0,Servicing & Collections,In-Month Active Accounts,-3.314807046979866
Merchant 8,Good (670-739),1,Servicing & Collections,In-Month Active Accounts,-3.432284541723666
Merchant 8,Good (670-739),2,Servicing & Collections,In-Month Active Accounts,-3.3321422190459176
Merchant 8,Good (670-739),3,Servicing & Collections,In-Month Active Accounts,-3.2944228274967573
Merchant 8,Good (670-739),4,Servicing & Collections,In-Month Active Accounts,-3.4038461538461537
Merchant 8,Poor (300-579),0,Servicing & Collections,In-Month Active Accounts,-6.647952443857331
Merchant 8,Poor (300-579),1,Servicing & Collections,In-Month Active Accounts,-6.669646848457756
Merchant 8,Poor (300-579),2,Servicing & Collections,In-Month Active Accounts,-6.582501467997651
Merchant 8,Poor (300-579),3,Servicing & Collections,In-Month Active Accounts,-6.453744493392071
Merchant 8,Poor (300-579),4,Servicing & Collections,In-Month Active Accounts,-6.598639455782313
Merchant 8,Very Good (740-799),0,Servicing & Collections,In-Month Active Accounts,-2.655408356383753
Merchant 8,Very Good (740-799),1,Servicing & Collections,In-Month Active Accounts,-2.6419254087819217
Merchant 8,Very Good (740-799),2,Servicing & Collections,In-Month Active Accounts,-2.723322066634476
Merchant 8,Very Good (740-799),3,Servicing & Collections,In-Month Active Accounts,-2.679324894514768
Merchant 8,Very Good (740-799),4,Servicing & Collections,In-Month Active Accounts,-2.6483613817537646
Merchant 9,ALL,0,Servicing & Collections,In-Month Active Accounts,-4.031433621554483
Merchant 9,ALL,1,Servicing & Collections,In-Month Active Accounts,-4.036778177376671
Merchant 9,ALL,2,Servicing & Collections,In-Month Active Accounts,-3.899236641221374
Merchant 9,ALL,3,Servicing & Collections,In-Month Active Accounts,-4.039641340254837
Merchant 1,Exceptional (800-850),0,Program Support,Total Accounts,-1.1822408473021433
Merchant 1,Exceptional (800-850),1,Program Support,Total Accounts,-1.1978040830331103
Merchant 1,Exceptional (800-850),2,Program Support,Total Accounts,-1.211142005460785
Merchant 1,Exceptional (800-850),3,Program Support,Total Accounts,-1.2189022734742287
Merchant 1,Exceptional (800-850),4,Program Support,Total Accounts,-1.1992794995094807
Merchant 1,Exceptional (800-850),5,Program Support,Total Accounts,-1.202015223700783
Merchant 1,Exceptional (800-850),6,Program Support,Total Accounts,-1.2080054246203793
Merchant 1,Exceptional (800-850),7,Program Support,Total Accounts,-1.2136235189132913
Merchant 1,Exceptional (800-850),8,Program Support,Total Accounts,-1.2049799911071588
Merchant 1,Exceptional (800-850),9,Program Support,Total Accounts,-1.2156305764958666
Merchant 1,Exceptional (800-850),10,Program Support,Total Accounts,-1.231643982808023
Merchant 1,Exceptional (800-850),11,Program Support,Total Accounts,-1.224313360377735
Merchant 1,Exceptional (800-850),12,Program Support,Total Accounts,-1.129737609329446
Merchant 1,Exceptional (800-850),13,Program Support,Total Accounts,-1.1546536039188244
Merchant 1,Fair (580-669),0,Program Support,Total Accounts,-1.2023452023452024
Merchant 1,Fair (580-669),1,Program Support,Total Accounts,-1.2196443367964815
Merchant 1,Fair (580-669),2,Program Support,Total Accounts,-1.2109188174233434
Merchant 1,Fair (580-669),3,Program Support,Total Accounts,-1.2049669144677722
Merchant 1,Fair (580-669),4,Program Support,Total Accounts,-1.1947737382676946
Merchant 1,Fair (580-669),5,Program Support,Total Accounts,-1.2094316419825697
Merchant 1,Fair (580-669),6,Program Support,Total Accounts,-1.1828483920367534
Merchant 1,Fair (580-669),7,Program Support,Total Accounts,-1.2045710003746721
Merchant 1,Fair (580-669),8,Program Support,Total Accounts,-1.2186396159768136
Merchant 1,Fair (580-669),9,Program Support,Total Accounts,-1.204628845611064
Merchant 1,Fair (580-669),10,Program Support,Total Accounts,-1.1899362154500355
Merchant 1,Fair (580-669),11,Program Support,Total Accounts,-1.2012233705969204
Merchant 1,Fair (580-669),12,Program Support,Total Accounts,-1.2269731282744634
Merchant 1,Fair (580-669),13,Program Support,Total Accounts,-1.2150249137600613
Merchant 1,Good (670-739),0,Program Support,Total Accounts,-1.2183223283780293
Merchant 1,Good (670-739),1,Program Support,Total Accounts,-1.1989554862374134
Merchant 1,Good (670-739),2,Program Support,Total Accounts,-1.1864634091823505
Merchant 1,Good (670-739),3,Program Support,Total Accounts,-1.1789823574533367
Merchant 1,Good (670-739),4,Program Support,Total Accounts,-1.1965936173923153
Merchant 1,Good (670-739),5,Program Support,Total Accounts,-1.1923561807444762
Merchant 1,Good (670-739),6,Program Support,Total Accounts,-1.1950648074670294
Merchant 1,Good (670-739),7,Program Support,Total Accounts,-1.1757687012391005
Merchant 1,Good (670-739),8,Program Support,Total Accounts,-1.2080183846941883
Merchant 1,Good (670-739),9,Program Support,Total Accounts,-1.1910373330600812
Merchant 1,Good (670-739),10,Program Support,Total Accounts,-1.2100933464046715
Merchant 1,Good (670-739),11,Program Support,Total Accounts,-1.155491256761857
Merchant 1,Good (670-739),12,Program Support,Total Accounts,-1.1751082469036351
Merchant 1,Good (670-739),13,Program Support,Total Accounts,-1.1974837115255
Merchant 1,Poor (300-579),0,Program Support,Total Accounts,-1.1922244804300792
Merchant 1,Poor (300-579),1,Program Support,Total Accounts,-1.1893721940089792
Merchant 1,Poor (300-579),2,Program Support,Total Accounts,-1.1965882063479045
Merchant 1,Poor (300-579),3,Program Support,Total Accounts,-1.2099728790978732
Merchant 1,Poor (300-579),4,Program Support,Total Accounts,-1.187091817134076
Merchant 1,Poor (300-579),5,Program Support,Total Accounts,-1.2003048393242728
Merchant 1,Poor (300-579),6,Program Support,Total Accounts,-1.1941939740488234
Merchant 1,Poor (300-579),7,Program Support,Total Accounts,-1.1887796518445026
Merchant 1,Poor (300-579),8,Program Support,Total Accounts,-1.1865902073224526
Merchant 1,Poor (300-579),9,Program Support,Total Accounts,-1.1746075461305425
Merchant 1,Poor (300-579),10,Program Support,Total Accounts,-1.1740041928721174
Merchant 1,Poor (300-579),11,Program Support,Total Accounts,-1.1882998171846435
Merchant 1,Poor (300-579),12,Program Support,Total Accounts,-1.213389121338912
Merchant 1,Poor (300-579),13,Program Support,Total Accounts,-1.2178877259752616
Merchant 1,Very Good (740-799),0,Program Support,Total Accounts,-1.2067983072609993
Merchant 1,Very Good (740-799),1,Program Support,Total Accounts,-1.1961496641070812
Merchant 1,Very Good (740-799),2,Program Support,Total Accounts,-1.2016184159476786
Merchant 1,Very Good (740-799),3,Program Support,Total Accounts,-1.2026265228131663
Merchant 1,Very Good (740-799),4,Program Support,Total Accounts,-1.2090958851947928
Merchant 1,Very Good (740-799),5,Program Support,Total Accounts,-1.2009997011762787
Merchant 1,Very Good (740-799),6,Program Support,Total Accounts,-1.2111225224949032
Merchant 1,Very Good (740-799),7,Program Support,Total Accounts,-1.1855018587360595
Merchant 1,Very Good (740-799),8,Program Support,Total Accounts,-1.222943241921863
Merchant 1,Very Good (740-799),9,Program Support,Total Accounts,-1.1983539094650206
Merchant 1,Very Good (740-799),10,Program Support,Total Accounts,-1.201650862951088
Merchant 1,Very Good (740-799),11,Program Support,Total Accounts,-1.1941046721475836
Merchant 1,Very Good (740-799),12,Program Support,Total Accounts,-1.2292752250118428
Merchant 1,Very Good (740-799),13,Program Support,Total Accounts,-1.2009934362249424
Merchant 10,ALL,0,Program Support,Total Accounts,-1.1978207489257213
Merchant 10,ALL,1,Program Support,Total Accounts,-1.2297623148467103
Merchant 2,Exceptional (800-850),0,Program Support,Total Accounts,-1.218888994038043
Merchant 2,Exceptional (800-850),1,Program Support,Total Accounts,-1.203624653635887
Merchant 2,Exceptional (800-850),2,Program Support,Total Accounts,-1.2014913007456505
Merchant 2,Exceptional (800-850),3,Program Support,Total Accounts,-1.221554564838147
Merchant 2,Exceptional (800-850),4,Program Support,Total Accounts,-1.2172679098024435
Merchant 2,Exceptional (800-850),5,Program Support,Total Accounts,-1.2040705352287735
Merchant 2,Exceptional (800-850),6,Program Support,Total Accounts,-1.1981677917068467
Merchant 2,Exceptional (800-850),7,Program Support,Total Accounts,-1.2339528645334354
Merchant 2,Exceptional (800-850),8,Program Support,Total Accounts,-1.2016432728517632
Merchant 2,Exceptional (800-850),9,Program Support,Total Accounts,-1.1836707688236072
Merchant 2,Exceptional (800-850),10,Program Support,Total Accounts,-1.1874477764367282
Merchant 2,Exceptional (800-850),11,Program Support,Total Accounts,-1.171132238547969
Merchant 2,Fair (580-669),0,Program Support,Total Accounts,-1.2042074718897353
Merchant 2,Fair (580-669),1,Program Support,Total Accounts,-1.199142306543984
Merchant 2,Fair (580-669),2,Program Support,Total Accounts,-1.2049220272904484
Merchant 2,Fair (580-669),3,Program Support,Total Accounts,-1.1972818466184878
Merchant 2,Fair (580-669),4,Program Support,Total Accounts,-1.1881891079184765
Merchant 2,Fair (580-669),5,Program Support,Total Accounts,-1.1723729064769528
Merchant 2,Fair (580-669),6,Program Support,Total Accounts,-1.213856118436271
Merchant 2,Fair (580-669),7,Program Support,Total Accounts,-1.1960357384188003
Merchant 2,Fair (580-669),8,Program Support,Total Accounts,-1.1662458729850456
Merchant 2,Fair (580-669),9,Program Support,Total Accounts,-1.1623886155073813
Merchant 2,Fair (580-669),10,Program Support,Total Accounts,-1.1893434823977165
Merchant 2,Fair (580-669),11,Program Support,Total Accounts,-1.1964679911699778
Merchant 2,Good (670-739),0,Program Support,Total Accounts,-1.20074360325546
Merchant 2,Good (670-739),1,Program Support,Total Accounts,-1.191526483852915
Merchant 2,Good (670-739),2,Program Support,Total Accounts,-1.192114629916948
Merchant 2,Good (670-739),3,Program Support,Total Accounts,-1.1842331130375074
Merchant 2,Good (670-739),4,Program Support,Total Accounts,-1.2175075506263306
Merchant 2,Good (670-739),5,Program Support,Total Accounts,-1.1877696164159963
Merchant 2,Good (670-739),6,Program Support,Total Accounts,-1.1823920832622419
Merchant 2,Good (670-739),7,Program Support,Total Accounts,-1.2163706699490064
Merchant 2,Good (670-739),8,Program Support,Total Accounts,-1.1901420311008815
Merchant 2,Good (670-739),9,Program Support,Total Accounts,-1.2118188795088258
Merchant 2,Good (670-739),10,Program Support,Total Accounts,-1.151047887935715
Merchant 2,Good (670-739),11,Program Support,Total Accounts,-1.2667509481668773
Merchant 2,Poor (300-579),0,Program Support,Total Accounts,-1.2205603303940171
Merchant 2,Poor (300-579),1,Program Support,Total Accounts,-1.198291796800306
Merchant 2,Poor (300-579),2,Program Support,Total Accounts,-1.2116630669546435
Merchant 2,Poor (300-579),3,Program Support,Total Accounts,-1.1926134906386252
Merchant 2,Poor (300-579),4,Program Support,Total Accounts,-1.1845536609829488
Merchant 2,Poor (300-579),5,Program Support,Total Accounts,-1.1806389622868123
Merchant 2,Poor (300-579),6,Program Support,Total Accounts,-1.2289395441030724
Merchant 2,Poor (300-579),7,Program Support,Total Accounts,-1.197868822340621
Merchant 2,Poor (300-579),8,Program Support,Total Accounts,-1.2529947292764734
Merchant 2,Poor (300-579),9,Program Support,Total Accounts,-1.1937830687830688
Merchant 2,Poor (300-579),10,Program Support,Total Accounts,-1.1323459149546107
Merchant 2,Poor (300-579),11,Program Support,Total Accounts,-1.1896745230078563
Merchant 2,Very Good (740-799),0,Program Support,Total Accounts,-1.2015735015640856
Merchant 2,Very Good (740-799),1,Program Support,Total Accounts,-1.223516700333537
Merchant 2,Very Good (740-799),2,Program Support,Total Accounts,-1.2152288502687751
Merchant 2,Very Good (740-799),3,Program Support,Total Accounts,-1.1980428917645982
Merchant 2,Very Good (740-799),4,Program Support,Total Accounts,-1.2180490808338464
Merchant 2,Very Good (740-799),5,Program Support,Total Accounts,-1.195242001640689
Merchant 2,Very Good (740-799),6,Program Support,Total Accounts,-1.220021606049694
Merchant 2,Very Good (740-799),7,Program Support,Total Accounts,-1.2191546542878084
Merchant 2,Very Good (740-799),8,Program Support,Total Accounts,-1.201108595518776
Merchant 2,Very Good (740-799),9,Program Support,Total Accounts,-1.1880192623167698
Merchant 2,Very Good (740-799),10,Program Support,Total Accounts,-1.2053604851388784
Merchant 2,Very Good (740-799),11,Program Support,Total Accounts,-1.2569832402234637
Merchant 3,Exceptional (800-850),0,Program Support,Total Accounts,-1.2041664157986633
Merchant 3,Exceptional (800-850),1,Program Support,Total Accounts,-1.216667803314465
Merchant 3,Exceptional (800-850),2,Program Support,Total Accounts,-1.2121680049413217
Merchant 3,Exceptional (800-850),3,Program Support,Total Accounts,-1.2139400707239902
Merchant 3,Exceptional (800-850),4,Program Support,Total Accounts,-1.1978150604760047
Merchant 3,Exceptional (800-850),5,Program Support,Total Accounts,-1.2353508892871916
Merchant 3,Exceptional (800-850),6,Program Support,Total Accounts,-1.2011244569384105
Merchant 3,Exceptional (800-850),7,Program Support,Total Accounts,-1.2341014985518197
Merchant 3,Exceptional (800-850),8,Program Support,Total Accounts,-1.2395376644081306
Merchant 3,Exceptional (800-850),9,Program Support,Total Accounts,-1.2626931567328918
Merchant 3,Fair (580-669),0,Program Support,Total Accounts,-1.173006560003464
Merchant 3,Fair (580-669),1,Program Support,Total Accounts,-1.2029414717397853
Merchant 3,Fair (580-669),2,Program Support,Total Accounts,-1.2068469505178365
Merchant 3,Fair (580-669),3,Program Support,Total Accounts,-1.2193059714638013
Merchant 3,Fair (580-669),4,Program Support,Total Accounts,-1.202363620793012
Merchant 3,Fair (580-669),5,Program Support,Total Accounts,-1.2234499034541944
Merchant 3,Fair (580-669),6,Program Support,Total Accounts,-1.245149203800348
Merchant 3,Fair (580-669),7,Program Support,Total Accounts,-1.2062919547139566
Merchant 3,Fair (580-669),8,Program Support,Total Accounts,-1.2000646935144752
Merchant 3,Fair (580-669),9,Program Support,Total Accounts,-1.1632947976878614
Merchant 3,Good (670-739),0,Program Support,Total Accounts,-1.188216484675307
Merchant 3,Good (670-739),1,Program Support,Total Accounts,-1.1907805463234282
Merchant 3,Good (670-739),2,Program Support,Total Accounts,-1.215393195761294
Merchant 3,Good (670-739),3,Program Support,Total Accounts,-1.1708446866485014
Merchant 3,Good (670-739),4,Program Support,Total Accounts,-1.2016253235901302
Merchant 3,Good (670-739),5,Program Support,Total Accounts,-1.199010623631498
Merchant 3,Good (670-739),6,Program Support,Total Accounts,-1.21988256732132
Merchant 3,Good (670-739),7,Program Support,Total Accounts,-1.1811616009629853
Merchant 3,Good (670-739),8,Program Support,Total Accounts,-1.1472437137330755
Merchant 3,Good (670-739),9,Program Support,Total Accounts,-1.2695840086439762
Merchant 3,Poor (300-579),0,Program Support,Total Accounts,-1.2107751826909299
Merchant 3,Poor (300-579),1,Program Support,Total Accounts,-1.1696493282042706
Merchant 3,Poor (300-579),2,Program Support,Total Accounts,-1.2008228336333249
Merchant 3,Poor (300-579),3,Program Support,Total Accounts,-1.2034247661328683
Merchant 3,Poor (300-579),4,Program Support,Total Accounts,-1.1752697579469233
Merchant 3,Poor (300-579),5,Program Support,Total Accounts,-1.1882998171846435
Merchant 3,Poor (300-579),6,Program Support,Total Accounts,-1.189522342064715
Merchant 3,Poor (300-579),7,Program Support,Total Accounts,-1.208740120874012
Merchant 3,Poor (300-579),8,Program Support,Total Accounts,-1.2303075768942235
Merchant 3,Poor (300-579),9,Program Support,Total Accounts,-1.149914821124361
Merchant 3,Very Good (740-799),0,Program Support,Total Accounts,-1.1685053168186705
Merchant 3,Very Good (740-799),1,Program Support,Total Accounts,-1.1964546117389718
Merchant 3,Very Good (740-799),2,Program Support,Total Accounts,-1.233180388719905
Merchant 3,Very Good (740-799),3,Program Support,Total Accounts,-1.1936781248036197
Merchant 3,Very Good (740-799),4,Program Support,Total Accounts,-1.2215919762593441
Merchant 3,Very Good (740-799),5,Program Support,Total Accounts,-1.1841982670269262
Merchant 3,Very Good (740-799),6,Program Support,Total Accounts,-1.179283327572301
Merchant 3,Very Good (740-799),7,Program Support,Total Accounts,-1.2113424141180502
Merchant 3,Very Good (740-799),8,Program Support,Total Accounts,-1.214122085972241
Merchant 3,Very Good (740-799),9,Program Support,Total Accounts,-1.1687917425622343
Merchant 4,Exceptional (800-850),0,Program Support,Total Accounts,-1.1928040672663278
Merchant 4,Exceptional (800-850),1,Program Support,Total Accounts,-1.1938927507447865
Merchant 4,Exceptional (800-850),2,Program Support,Total Accounts,-1.214643676208273
Merchant 4,Exceptional (800-850),3,Program Support,Total Accounts,-1.1770658849804578
Merchant 4,Exceptional (800-850),4,Program Support,Total Accounts,-1.2228990075392938
Merchant 4,Exceptional (800-850),5,Program Support,Total Accounts,-1.197109858229788
Merchant 4,Exceptional (800-850),6,Program Support,Total Accounts,-1.2408759124087592
Merchant 4,Exceptional (800-850),7,Program Support,Total Accounts,-1.2059541807186882
Merchant 4,Exceptional (800-850),8,Program Support,Total Accounts,-1.1808986120912726
Merchant 4,Fair (580-669),0,Program Support,Total Accounts,-1.2022402462252608
Merchant 4,Fair (580-669),1,Program Support,Total Accounts,-1.1909514304723885
Merchant 4,Fair (580-669),2,Program Support,Total Accounts,-1.2175286087812829
Merchant 4,Fair (580-669),3,Program Support,Total Accounts,-1.225557697603966
Merchant 4,Fair (580-669),4,Program Support,Total Accounts,-1.18864546029071
Merchant 4,Fair (580-669),5,Program Support,Total Accounts,-1.185187708659808
Merchant 4,Fair (580-669),6,Program Support,Total Accounts,-1.2078168423838722
Merchant 4,Fair (580-669),7,Program Support,Total Accounts,-1.2164979154258486
Merchant 4,Fair (580-669),8,Program Support,Total Accounts,-1.211276332094176
Merchant 4,Good (670-739),0,Program Support,Total Accounts,-1.2149786925378547
Merchant 4,Good (670-739),1,Program Support,Total Accounts,-1.193554453350885
Merchant 4,Good (670-739),2,Program Support,Total Accounts,-1.2132570261701328
Merchant 4,Good (670-739),3,Program Support,Total Accounts,-1.2043795620437956
Merchant 4,Good (670-739),4,Program Support,Total Accounts,-1.1896116684103637
Merchant 4,Good (670-739),5,Program Support,Total Accounts,-1.2059666938517797
Merchant 4,Good (670-739),6,Program Support,Total Accounts,-1.1886966315142828
Merchant 4,Good (670-739),7,Program Support,Total Accounts,-1.2071501301052154
Merchant 4,Good (670-739),8,Program Support,Total Accounts,-1.1480574028701436
Merchant 4,Poor (300-579),0,Program Support,Total Accounts,-1.1860018883440442
Merchant 4,Poor (300-579),1,Program Support,Total Accounts,-1.2039680274050815
Merchant 4,Poor (300-579),2,Program Support,Total Accounts,-1.1955353451839603
Merchant 4,Poor (300-579),3,Program Support,Total Accounts,-1.200584124335037
Merchant 4,Poor (300-579),4,Program Support,Total Accounts,-1.2140575079872205
Merchant 4,Poor (300-579),5,Program Support,Total Accounts,-1.1672400772006377
Merchant 4,Poor (300-579),6,Program Support,Total Accounts,-1.1962410171365396
Merchant 4,Poor (300-579),7,Program Support,Total Accounts,-1.2078387035990201
Merchant 4,Poor (300-579),8,Program Support,Total Accounts,-1.26821583300512
Merchant 4,Very Good (740-799),0,Program Support,Total Accounts,-1.1922965656899616
Merchant 4,Very Good (740-799),1,Program Support,Total Accounts,-1.197789283105168
Merchant 4,Very Good (740-799),2,Program Support,Total Accounts,-1.2000796192751026
Merchant 4,Very Good (740-799),3,Program Support,Total Accounts,-1.2225037558580174
Merchant 4,Very Good (740-799),4,Program Support,Total Accounts,-1.1828016034265005
Merchant 4,Very Good (740-799),5,Program Support,Total Accounts,-1.2014580120566383
Merchant 4,Very Good (740-799),6,Program Support,Total Accounts,-1.2063318777292575
Merchant 4,Very Good (740-799),7,Program Support,Total Accounts,-1.209768598778925
Merchant 4,Very Good (740-799),8,Program Support,Total Accounts,-1.136469492314858
Merchant 5,Exceptional (800-850),0,Program Support,Total Accounts,-1.1823392061133517
Merchant 5,Exceptional (800-850),1,Program Support,Total Accounts,-1.2087093302425698
Merchant 5,Exceptional (800-850),2,Program Support,Total Accounts,-1.24282982791587
Merchant 5,Exceptional (800-850),3,Program Support,Total Accounts,-1.2025549686770667
Merchant 5,Exceptional (800-850),4,Program Support,Total Accounts,-1.2079798931825323
Merchant 5,Exceptional (800-850),5,Program Support,Total Accounts,-1.1828184511214557
Merchant 5,Exceptional (800-850),6,Program Support,Total Accounts,-1.2022843402464682
Merchant 5,Exceptional (800-850),7,Program Support,Total Accounts,-1.249122807017544
Merchant 5,Fair (580-669),0,Program Support,Total Accounts,-1.1867667315821973
Merchant 5,Fair (580-669),1,Program Support,Total Accounts,-1.1898444264447114
Merchant 5,Fair (580-669),2,Program Support,Total Accounts,-1.1789459841535983
Merchant 5,Fair (580-669),3,Program Support,Total Accounts,-1.1709511568123394
Merchant 5,Fair (580-669),4,Program Support,Total Accounts,-1.2050260157201373
Merchant 5,Fair (580-669),5,Program Support,Total Accounts,-1.2196413709616403
Merchant 5,Fair (580-669),6,Program Support,Total Accounts,-1.2329508551634554
Merchant 5,Fair (580-669),7,Program Support,Total Accounts,-1.2388250319284801
Merchant 5,Good (670-739),0,Program Support,Total Accounts,-1.2060010085728694
Merchant 5,Good (670-739),1,Program Support,Total Accounts,-1.203681639461456
Merchant 5,Good (670-739),2,Program Support,Total Accounts,-1.202973564456178
Merchant 5,Good (670-739),3,Program Support,Total Accounts,-1.1909568025837707
Merchant 5,Good (670-739),4,Program Support,Total Accounts,-1.1957083022548627
Merchant 5,Good (670-739),5,Program Support,Total Accounts,-1.2044773766356613
Merchant 5,Good (670-739),6,Program Support,Total Accounts,-1.2009419152276295
Merchant 5,Good (670-739),7,Program Support,Total Accounts,-1.2121995347635048
Merchant 5,Poor (300-579),0,Program Support,Total Accounts,-1.2085631863960726
Merchant 5,Poor (300-579),1,Program Support,Total Accounts,-1.2041726965750121
Merchant 5,Poor (300-579),2,Program Support,Total Accounts,-1.2389254072592168
Merchant 5,Poor (300-579),3,Program Support,Total Accounts,-1.2118088097469542
Merchant 5,Poor (300-579),4,Program Support,Total Accounts,-1.1699914331171215
Merchant 5,Poor (300-579),5,Program Support,Total Accounts,-1.1723904584672644
Merchant 5,Poor (300-579),6,Program Support,Total Accounts,-1.217201166180758
Merchant 5,Poor (300-579),7,Program Support,Total Accounts,-1.2183908045977012
Merchant 5,Very Good (740-799),0,Program Support,Total Accounts,-1.1913626209977661
Merchant 5,Very Good (740-799),1,Program Support,Total Accounts,-1.2275531816926053
Merchant 5,Very Good (740-799),2,Program Support,Total Accounts,-1.184796011365464
Merchant 5,Very Good (740-799),3,Program Support,Total Accounts,-1.1822626179164084
Merchant 5,Very Good (740-799),4,Program Support,Total Accounts,-1.1889222085023814
Merchant 5,Very Good (740-799),5,Program Support,Total Accounts,-1.1990436341900776
Merchant 5,Very Good (740-799),6,Program Support,Total Accounts,-1.1654135338345866
Merchant 5,Very Good (740-799),7,Program Support,Total Accounts,-1.1511354737666406
Merchant 6,Exceptional (800-850),0,Program Support,Total Accounts,-1.197279343991355
Merchant 6,Exceptional (800-850),1,Program Support,Total Accounts,-1.1607377634198566
Merchant 6,Exceptional (800-850),2,Program Support,Total Accounts,-1.2056390643066797
Merchant 6,Exceptional (800-850),3,Program Support,Total Accounts,-1.1665187814256137
Merchant 6,Exceptional (800-850),4,Program Support,Total Accounts,-1.20559915850797
Merchant 6,Exceptional (800-850),5,Program Support,Total Accounts,-1.2344625883499878
Merchant 6,Exceptional (800-850),6,Program Support,Total Accounts,-1.148830469882012
Merchant 6,Fair (580-669),0,Program Support,Total Accounts,-1.18197549175407
Merchant 6,Fair (580-669),1,Program Support,Total Accounts,-1.2051649928263988
Merchant 6,Fair (580-669),2,Program Support,Total Accounts,-1.2085188182921893
Merchant 6,Fair (580-669),3,Program Support,Total Accounts,-1.2215263918519028
Merchant 6,Fair (580-669),4,Program Support,Total Accounts,-1.1945812807881773
Merchant 6,Fair (580-669),5,Program Support,Total Accounts,-1.2611446649410412
Merchant 6,Fair (580-669),6,Program Support,Total Accounts,-1.2010113780025284
Merchant 6,Good (670-739),0,Program Support,Total Accounts,-1.1980368098159508
Merchant 6,Good (670-739),1,Program Support,Total Accounts,-1.22498608303302
Merchant 6,Good (670-739),2,Program Support,Total Accounts,-1.215863628457123
Merchant 6,Good (670-739),3,Program Support,Total Accounts,-1.221277788156174
Merchant 6,Good (670-739),4,Program Support,Total Accounts,-1.1780021591414238
Merchant 6,Good (670-739),5,Program Support,Total Accounts,-1.2446601941747573
Merchant 6,Good (670-739),6,Program Support,Total Accounts,-1.233538923153859
Merchant 6,Poor (300-579),0,Program Support,Total Accounts,-1.2220824158540422
Merchant 6,Poor (300-579),1,Program Support,Total Accounts,-1.1903619084189305
Merchant 6,Poor (300-579),2,Program Support,Total Accounts,-1.2219133657632615
Merchant 6,Poor (300-579),3,Program Support,Total Accounts,-1.2105846933924893
Merchant 6,Poor (300-579),4,Program Support,Total Accounts,-1.1683472161332749
Merchant 6,Poor (300-579),5,Program Support,Total Accounts,-1.2416107382550337
Merchant 6,Poor (300-579),6,Program Support,Total Accounts,-1.1910377358490567
Merchant 6,Very Good (740-799),0,Program Support,Total Accounts,-1.1988104966857351
Merchant 6,Very Good (740-799),1,Program Support,Total Accounts,-1.1880385747859208
Merchant 6,Very Good (740-799),2,Program Support,Total Accounts,-1.19486054129695
Merchant 6,Very Good (740-799),3,Program Support,Total Accounts,-1.1747531129240016
Merchant 6,Very Good (740-799),4,Program Support,Total Accounts,-1.147196261682243
Merchant 6,Very Good (740-799),5,Program Support,Total Accounts,-1.201935767707875
Merchant 6,Very Good (740-799),6,Program Support,Total Accounts,-1.2023504595449752
Merchant 7,Exceptional (800-850),0,Program Support,Total Accounts,-1.1983169084265308
Merchant 7,Exceptional (800-850),1,Program Support,Total Accounts,-1.2049242836910339
Merchant 7,Exceptional (800-850),2,Program Support,Total Accounts,-1.2153846153846153
Merchant 7,Exceptional (800-850),3,Program Support,Total Accounts,-1.2020776651001732
Merchant 7,Exceptional (800-850),4,Program Support,Total Accounts,-1.193550911794631
Merchant 7,Exceptional (800-850),5,Program Support,Total Accounts,-1.1866480251660259
Merchant 7,Fair (580-669),0,Program Support,Total Accounts,-1.1855643451734657
Merchant 7,Fair (580-669),1,Program Support,Total Accounts,-1.2221219543638004
Merchant 7,Fair (580-669),2,Program Support,Total Accounts,-1.1857039362472832
Merchant 7,Fair (580-669),3,Program Support,Total Accounts,-1.207352234502643
Merchant 7,Fair (580-669),4,Program Support,Total Accounts,-1.1782826338082404
Merchant 7,Fair (580-669),5,Program Support,Total Accounts,-1.138353765323993
Merchant 7,Good (670-739),0,Program Support,Total Accounts,-1.181146597005702
Merchant 7,Good (670-739),1,Program Support,Total Accounts,-1.1949358307318765
Merchant 7,Good (670-739),2,Program Support,Total Accounts,-1.1479403192831354
Merchant 7,Good (670-739),3,Program Support,Total Accounts,-1.2143040905582712
Merchant 7,Good (670-739),4,Program Support,Total Accounts,-1.1499183006535947
Merchant 7,Good (670-739),5,Program Support,Total Accounts,-1.1667050956882639
Merchant 7,Poor (300-579),0,Program Support,Total Accounts,-1.197697931249028
Merchant 7,Poor (300-579),1,Program Support,Total Accounts,-1.195017516543402
Merchant 7,Poor (300-579),2,Program Support,Total Accounts,-1.213971665852467
Merchant 7,Poor (300-579),3,Program Support,Total Accounts,-1.2159174649963154
Merchant 7,Poor (300-579),4,Program Support,Total Accounts,-1.1983223487118035
Merchant 7,Poor (300-579),5,Program Support,Total Accounts,-1.1564625850340136
Merchant 7,Very Good (740-799),0,Program Support,Total Accounts,-1.201519795892146
Merchant 7,Very Good (740-799),1,Program Support,Total Accounts,-1.2247874178277356
Merchant 7,Very Good (740-799),2,Program Support,Total Accounts,-1.2039106145251397
Merchant 7,Very Good (740-799),3,Program Support,Total Accounts,-1.2032447048219919
Merchant 7,Very Good (740-799),4,Program Support,Total Accounts,-1.2201365187713311
Merchant 7,Very Good (740-799),5,Program Support,Total Accounts,-1.1855971896955504
Merchant 8,Exceptional (800-850),0,Program Support,Total Accounts,-1.2149072401904448
Merchant 8,Exceptional (800-850),1,Program Support,Total Accounts,-1.1576510208377184
Merchant 8,Exceptional (800-850),2,Program Support,Total Accounts,-1.1933821535123406
Merchant 8,Exceptional (800-850),3,Program Support,Total Accounts,-1.2097870412324423
Merchant 8,Exceptional (800-850),4,Program Support,Total Accounts,-1.1775700934579438
Merchant 8,Fair (580-669),0,Program Support,Total Accounts,-1.2263645410701982
Merchant 8,Fair (580-669),1,Program Support,Total Accounts,-1.2008605515353021
Merchant 8,Fair (580-669),2,Program Support,Total Accounts,-1.218822319362304
Merchant 8,Fair (580-669),3,Program Support,Total Accounts,-1.2132433021128295
Merchant 8,Fair (580-669),4,Program Support,Total Accounts,-1.1902614968440035
Merchant 8,Good (670-739),0,Program Support,Total Accounts,-1.2001318826244642
Merchant 8,Good (670-739),1,Program Support,Total Accounts,-1.2084210526315788
Merchant 8,Good (670-739),2,Program Support,Total Accounts,-1.1721934559876612
Merchant 8,Good (670-739),3,Program Support,Total Accounts,-1.1687592319054654
Merchant 8,Good (670-739),4,Program Support,Total Accounts,-1.2120046171604464
Merchant 8,Poor (300-579),0,Program Support,Total Accounts,-1.2281561326147314
Merchant 8,Poor (300-579),1,Program Support,Total Accounts,-1.232672211558968
Merchant 8,Poor (300-579),2,Program Support,Total Accounts,-1.2055335968379446
Merchant 8,Poor (300-579),3,Program Support,Total Accounts,-1.1965401249399328
Merchant 8,Poor (300-579),4,Program Support,Total Accounts,-1.2385786802030456
Merchant 8,Very Good (740-799),0,Program Support,Total Accounts,-1.1815533005124084
Merchant 8,Very Good (740-799),1,Program Support,Total Accounts,-1.2264984227129339
Merchant 8,Very Good (740-799),2,Program Support,Total Accounts,-1.1942988204456095
Merchant 8,Very Good (740-799),3,Program Support,Total Accounts,-1.2356478950246037
Merchant 8,Very Good (740-799),4,Program Support,Total Accounts,-1.19168071950534
Merchant 9,ALL,0,Program Support,Total Accounts,-1.2028568939987805
Merchant 9,ALL,1,Program Support,Total Accounts,-1.190064012238818
Merchant 9,ALL,2,Program Support,Total Accounts,-1.2053725175066008
Merchant 9,ALL,3,Program Support,Total Accounts,-1.212696690179056
Merchant 1,Exceptional (800-850),0,Other Credits,Total Accounts,0.0
Merchant 1,Exceptional (800-850),1,Other Credits,Total Accounts,-0.33247555326814204
Merchant 1,Exceptional (800-850),2,Other Credits,Total Accounts,-0.21041557075223566
Merchant 1,Exceptional (800-850),3,Other Credits,Total Accounts,0.0
Merchant 1,Exceptional (800-850),4,Other Credits,Total Accounts,-0.20296241496325126
Merchant 1,Exceptional (800-850),5,Other Credits,Total Accounts,-0.22014128470510924
Merchant 1,Exceptional (800-850),6,Other Credits,Total Accounts,0.0
Merchant 1,Exceptional (800-850),7,Other Credits,Total Accounts,0.0
Merchant 1,Exceptional (800-850),8,Other Credits,Total Accounts,-0.20364606491774123
Merchant 1,Exceptional (800-850),9,Other Credits,Total Accounts,0.0
Merchant 1,Exceptional (800-850),10,Other Credits,Total Accounts,-0.4374104584527221
Merchant 1,Exceptional (800-850),11,Other Credits,Total Accounts,0.0
Merchant 1,Exceptional (800-850),12,Other Credits,Total Accounts,-0.6934610578925448
Merchant 1,Exceptional (800-850),13,Other Credits,Total Accounts,0.0
Merchant 1,Fair (580-669),0,Other Credits,Total Accounts,0.0
Merchant 1,Fair (580-669),1,Other Credits,Total Accounts,-0.11823570654598764
Merchant 1,Fair (580-669),2,Other Credits,Total Accounts,0.0
Merchant 1,Fair (580-669),3,Other Credits,Total Accounts,0.0
Merchant 1,Fair (580-669),4,Other Credits,Total Accounts,-0.1048047138831311
Merchant 1,Fair (580-669),5,Other Credits,Total Accounts,-0.5413570015505534
Merchant 1,Fair (580-669),6,Other Credits,Total Accounts,-0.0330781010719755
Merchant 1,Fair (580-669),7,Other Credits,Total Accounts,0.0
Merchant 1,Fair (580-669),8,Other Credits,Total Accounts,-0.172991576849923
Merchant 1,Fair (580-669),9,Other Credits,Total Accounts,-0.18289585097375105
Merchant 1,Fair (580-669),10,Other Credits,Total Accounts,0.0
Merchant 1,Fair (580-669),11,Other Credits,Total Accounts,0.0
Merchant 1,Fair (580-669),12,Other Credits,Total Accounts,0.0
Merchant 1,Fair (580-669),13,Other Credits,Total Accounts,0.0
Merchant 1,Good (670-739),0,Other Credits,Total Accounts,0.0
Merchant 1,Good (670-739),1,Other Credits,Total Accounts,-0.12649996443776101
Merchant 1,Good (670-739),2,Other Credits,Total Accounts,-0.1579194420850284
Merchant 1,Good (670-739),3,Other Credits,Total Accounts,-0.09665047302480184
Merchant 1,Good (670-739),4,Other Credits,Total Accounts,-0.30561529965703654
Merchant 1,Good (670-739),5,Other Credits,Total Accounts,-0.14514630747793777
Merchant 1,Good (670-739),6,Other Credits,Total Accounts,-0.25318369043570266
Merchant 1,Good (670-739),7,Other Credits,Total Accounts,-0.3336392840752639
Merchant 1,Good (670-739),8,Other Credits,Total Accounts,-0.3253315613146164
Merchant 1,Good (670-739),9,Other Credits,Total Accounts,-0.10827612118728011
Merchant 1,Good (670-739),10,Other Credits,Total Accounts,0.0
Merchant 1,Good (670-739),11,Other Credits,Total Accounts,0.0
Merchant 1,Good (670-739),12,Other Credits,Total Accounts,0.0
Merchant 1,Good (670-739),13,Other Credits,Total Accounts,0.0
Merchant 1,Poor (300-579),0,Other Credits,Total Accounts,0.0
Merchant 1,Poor (300-579),1,Other Credits,Total Accounts,-0.18031942297784648
Merchant 1,Poor (300-579),2,Other Credits,Total Accounts,-0.21364717460838187
Merchant 1,Poor (300-579),3,Other Credits,Total Accounts,-0.040919255840510066
Merchant 1,Poor (300-579),4,Other Credits,Total Accounts,-0.12183744031611876
Merchant 1,Poor (300-579),5,Other Credits,Total Accounts,-0.24895211482281215
Merchant 1,Poor (300-579),6,Other Credits,Total Accounts,0.0
Merchant 1,Poor (300-579),7,Other Credits,Total Accounts,0.0
Merchant 1,Poor (300-579),8,Other Credits,Total Accounts,-0.26135862373180413
Merchant 1,Poor (300-579),9,Other Credits,Total Accounts,-0.15835857890388322
Merchant 1,Poor (300-579),10,Other Credits,Total Accounts,-0.5747728860936409
Merchant 1,Poor (300-579),11,Other Credits,Total Accounts,-0.25594149908592323
Merchant 1,Poor (300-579),12,Other Credits,Total Accounts,0.0
Merchant 1,Poor (300-579),13,Other Credits,Total Accounts,0.0
Merchant 1,Very Good (740-799),0,Other Credits,Total Accounts,0.0
Merchant 1,Very Good (740-799),1,Other Credits,Total Accounts,-0.29012382100321144
Merchant 1,Very Good (740-799),2,Other Credits,Total Accounts,-0.19897648123856856
Merchant 1,Very Good (740-799),3,Other Credits,Total Accounts,-0.10525093427358909
Merchant 1,Very Good (740-799),4,Other Credits,Total Accounts,-0.0917442109521883
Merchant 1,Very Good (740-799),5,Other Credits,Total Accounts,-0.1369155958816658
Merchant 1,Very Good (740-799),6,Other Credits,Total Accounts,-0.2024924506031853
Merchant 1,Very Good (740-799),7,Other Credits,Total Accounts,-0.4308550185873606
Merchant 1,Very Good (740-799),8,Other Credits,Total Accounts,0.0
Merchant 1,Very Good (740-799),9,Other Credits,Total Accounts,-0.42277091906721537
Merchant 1,Very Good (740-799),10,Other Credits,Total Accounts,0.0
Merchant 1,Very Good (740-799),11,Other Credits,Total Accounts,-0.11680368959294164
Merchant 1,Very Good (740-799),12,Other Credits,Total Accounts,0.0
Merchant 1,Very Good (740-799),13,Other Credits,Total Accounts,0.0
Merchant 10,ALL,0,Other Credits,Total Accounts,0.0
Merchant 10,ALL,1,Other Credits,Total Accounts,0.0
Merchant 2,Exceptional (800-850),0,Other Credits,Total Accounts,0.0
Merchant 2,Exceptional (800-850),1,Other Credits,Total Accounts,-0.07399086347637235
Merchant 2,Exceptional (800-850),2,Other Credits,Total Accounts,-0.12924606462303231
Merchant 2,Exceptional (800-850),3,Other Credits,Total Accounts,-0.2704012405504943
Merchant 2,Exceptional (800-850),4,Other Credits,Total Accounts,-0.252322564909869
Merchant 2,Exceptional (800-850),5,Other Credits,Total Accounts,-0.12403221212356612
Merchant 2,Exceptional (800-850),6,Other Credits,Total Accounts,-0.2537367405978785
Merchant 2,Exceptional (800-850),7,Other Credits,Total Accounts,-0.05250047901896915
Merchant 2,Exceptional (800-850),8,Other Credits,Total Accounts,-0.26263021470142317
Merchant 2,Exceptional (800-850),9,Other Credits,Total Accounts,-0.33677385205769483
Merchant 2,Exceptional (800-850),10,Other Credits,Total Accounts,0.0
Merchant 2,Exceptional (800-850),11,Other Credits,Total Accounts,0.0
Merchant 2,Fair (580-669),0,Other Credits,Total Accounts,0.0
Merchant 2,Fair (580-669),1,Other Credits,Total Accounts,-0.2977499117878566
Merchant 2,Fair (580-669),2,Other Credits,Total Accounts,-0.3633650097465887
Merchant 2,Fair (580-669),3,Other Credits,Total Accounts,-0.244849530794952
Merchant 2,Fair (580-669),4,Other Credits,Total Accounts,-0.09062813230872034
Merchant 2,Fair (580-669),5,Other Credits,Total Accounts,-0.29445185514549677
Merchant 2,Fair (580-669),6,Other Credits,Total Accounts,0.0
Merchant 2,Fair (580-669),7,Other Credits,Total Accounts,-0.2642841054133193
Merchant 2,Fair (580-669),8,Other Credits,Total Accounts,0.0
Merchant 2,Fair (580-669),9,Other Credits,Total Accounts,0.0
Merchant 2,Fair (580-669),10,Other Credits,Total Accounts,-0.570884871550904
Merchant 2,Fair (580-669),11,Other Credits,Total Accounts,0.0
Merchant 2,Good (670-739),0,Other Credits,Total Accounts,0.0
Merchant 2,Good (670-739),1,Other Credits,Total Accounts,-0.1873127695295783
Merchant 2,Good (670-739),2,Other Credits,Total Accounts,-0.05603723646983663
Merchant 2,Good (670-739),3,Other Credits,Total Accounts,-0.2074929190627414
Merchant 2,Good (670-739),4,Other Credits,Total Accounts,-0.19903946130613456
Merchant 2,Good (670-739),5,Other Credits,Total Accounts,-0.21394426955812054
Merchant 2,Good (670-739),6,Other Credits,Total Accounts,0.0
Merchant 2,Good (670-739),7,Other Credits,Total Accounts,0.0
Merchant 2,Good (670-739),8,Other Credits,Total Accounts,0.0
Merchant 2,Good (670-739),9,Other Credits,Total Accounts,0.0
Merchant 2,Good (670-739),10,Other Credits,Total Accounts,0.0
Merchant 2,Good (670-739),11,Other Credits,Total Accounts,0.0
Merchant 2,Poor (300-579),0,Other Credits,Total Accounts,0.0
Merchant 2,Poor (300-579),1,Other Credits,Total Accounts,0.0
Merchant 2,Poor (300-579),2,Other Credits,Total Accounts,-0.21670266378689704
Merchant 2,Poor (300-579),3,Other Credits,Total Accounts,-0.11541420877147987
Merchant 2,Poor (300-579),4,Other Credits,Total Accounts,0.0
Merchant 2,Poor (300-579),5,Other Credits,Total Accounts,0.0
Merchant 2,Poor (300-579),6,Other Credits,Total Accounts,-0.11751380433243665
Merchant 2,Poor (300-579),7,Other Credits,Total Accounts,0.0
Merchant 2,Poor (300-579),8,Other Credits,Total Accounts,0.0
Merchant 2,Poor (300-579),9,Other Credits,Total Accounts,0.0
Merchant 2,Poor (300-579),10,Other Credits,Total Accounts,-0.47778308647873863
Merchant 2,Poor (300-579),11,Other Credits,Total Accounts,0.0
Merchant 2,Very Good (740-799),0,Other Credits,Total Accounts,0.0
Merchant 2,Very Good (740-799),1,Other Credits,Total Accounts,-0.24005261427162117
Merchant 2,Very Good (740-799),2,Other Credits,Total Accounts,0.0
Merchant 2,Very Good (740-799),3,Other Credits,Total Accounts,0.0
Merchant 2,Very Good (740-799),4,Other Credits,Total Accounts,-0.1358078986718269
Merchant 2,Very Good (740-799),5,Other Credits,Total Accounts,0.0
Merchant 2,Very Good (740-799),6,Other Credits,Total Accounts,0.0
Merchant 2,Very Good (740-799),7,Other Credits,Total Accounts,-0.20919863181040801
Merchant 2,Very Good (740-799),8,Other Credits,Total Accounts,-0.2607541572331954
Merchant 2,Very Good (740-799),9,Other Credits,Total Accounts,-0.232841191723554
Merchant 2,Very Good (740-799),10,Other Credits,Total Accounts,-0.5120910384068279
Merchant 2,Very Good (740-799),11,Other Credits,Total Accounts,0.0
Merchant 3,Exceptional (800-850),0,Other Credits,Total Accounts,0.0
Merchant 3,Exceptional (800-850),1,Other Credits,Total Accounts,-0.08593057355247903
Merchant 3,Exceptional (800-850),2,Other Credits,Total Accounts,-0.21656886967263744
Merchant 3,Exceptional (800-850),3,Other Credits,Total Accounts,-0.07630746324213661
Merchant 3,Exceptional (800-850),4,Other Credits,Total Accounts,0.0
Merchant 3,Exceptional (800-850),5,Other Credits,Total Accounts,-0.6790293671584172
Merchant 3,Exceptional (800-850),6,Other Credits,Total Accounts,-0.7556009881591277
Merchant 3,Exceptional (800-850),7,Other Credits,Total Accounts,0.0
Merchant 3,Exceptional (800-850),8,Other Credits,Total Accounts,-0.6396970904742926
Merchant 3,Exceptional (800-850),9,Other Credits,Total Accounts,-0.7328918322295805
Merchant 3,Fair (580-669),0,Other Credits,Total Accounts,0.0
Merchant 3,Fair (580-669),1,Other Credits,Total Accounts,0.0
Merchant 3,Fair (580-669),2,Other Credits,Total Accounts,-0.12859608745684695
Merchant 3,Fair (580-669),3,Other Credits,Total Accounts,0.0
Merchant 3,Fair (580-669),4,Other Credits,Total Accounts,-0.07707459107647512
Merchant 3,Fair (580-669),5,Other Credits,Total Accounts,0.0
Merchant 3,Fair (580-669),6,Other Credits,Total Accounts,0.0
Merchant 3,Fair (580-669),7,Other Credits,Total Accounts,0.0
Merchant 3,Fair (580-669),8,Other Credits,Total Accounts,-0.284651463690765
Merchant 3,Fair (580-669),9,Other Credits,Total Accounts,0.0
Merchant 3,Good (670-739),0,Other Credits,Total Accounts,0.0
Merchant 3,Good (670-739),1,Other Credits,Total Accounts,-0.14631556176129323
Merchant 3,Good (670-739),2,Other Credits,Total Accounts,-0.15527049637479085
Merchant 3,Good (670-739),3,Other Credits,Total Accounts,-0.12942779291553133
Merchant 3,Good (670-739),4,Other Credits,Total Accounts,0.0
Merchant 3,Good (670-739),5,Other Credits,Total Accounts,0.0
Merchant 3,Good (670-739),6,Other Credits,Total Accounts,0.0
Merchant 3,Good (670-739),7,Other Credits,Total Accounts,-0.3084562142642191
Merchant 3,Good (670-739),8,Other Credits,Total Accounts,0.0
Merchant 3,Good (670-739),9,Other Credits,Total Accounts,0.0
Merchant 3,Poor (300-579),0,Other Credits,Total Accounts,0.0
Merchant 3,Poor (300-579),1,Other Credits,Total Accounts,0.0
Merchant 3,Poor (300-579),2,Other Credits,Total Accounts,-0.2346361532527642
Merchant 3,Poor (300-579),3,Other Credits,Total Accounts,-0.5866497542413192
Merchant 3,Poor (300-579),4,Other Credits,Total Accounts,-0.3392631476620978
Merchant 3,Poor (300-579),5,Other Credits,Total Accounts,0.0
Merchant 3,Poor (300-579),6,Other Credits,Total Accounts,-0.28197226502311246
Merchant 3,Poor (300-579),7,Other Credits,Total Accounts,-0.38354253835425384
Merchant 3,Poor (300-579),8,Other Credits,Total Accounts,-0.5851462865716429
Merchant 3,Poor (300-579),9,Other Credits,Total Accounts,0.0
Merchant 3,Very Good (740-799),0,Other Credits,Total Accounts,0.0
Merchant 3,Very Good (740-799),1,Other Credits,Total Accounts,-0.3169431279620853
Merchant 3,Very Good (740-799),2,Other Credits,Total Accounts,-0.34464092385420425
Merchant 3,Very Good (740-799),3,Other Credits,Total Accounts,0.0
Merchant 3,Very Good (740-799),4,Other Credits,Total Accounts,-0.27421960106682697
Merchant 3,Very Good (740-799),5,Other Credits,Total Accounts,-0.1672412186713873
Merchant 3,Very Good (740-799),6,Other Credits,Total Accounts,0.0
Merchant 3,Very Good (740-799),7,Other Credits,Total Accounts,-0.12764499271823868
Merchant 3,Very Good (740-799),8,Other Credits,Total Accounts,0.0
Merchant 3,Very Good (740-799),9,Other Credits,Total Accounts,0.0
Merchant 4,Exceptional (800-850),0,Other Credits,Total Accounts,0.0
Merchant 4,Exceptional (800-850),1,Other Credits,Total Accounts,-0.12611717974180736
Merchant 4,Exceptional (800-850),2,Other Credits,Total Accounts,0.0
Merchant 4,Exceptional (800-850),3,Other Credits,Total Accounts,0.0
Merchant 4,Exceptional (800-850),4,Other Credits,Total Accounts,-0.15717510755207223
Merchant 4,Exceptional (800-850),5,Other Credits,Total Accounts,0.0
Merchant 4,Exceptional (800-850),6,Other Credits,Total Accounts,0.0
Merchant 4,Exceptional (800-850),7,Other Credits,Total Accounts,0.0
Merchant 4,Exceptional (800-850),8,Other Credits,Total Accounts,0.0
Merchant 4,Fair (580-669),0,Other Credits,Total Accounts,0.0
Merchant 4,Fair (580-669),1,Other Credits,Total Accounts,-0.2624380867893842
Merchant 4,Fair (580-669),2,Other Credits,Total Accounts,-0.36537743217087165
Merchant 4,Fair (580-669),3,Other Credits,Total Accounts,0.0
Merchant 4,Fair (580-669),4,Other Credits,Total Accounts,-0.23409521803244154
Merchant 4,Fair (580-669),5,Other Credits,Total Accounts,0.0
Merchant 4,Fair (580-669),6,Other Credits,Total Accounts,0.0
Merchant 4,Fair (580-669),7,Other Credits,Total Accounts,-0.3990470518165575
Merchant 4,Fair (580-669),8,Other Credits,Total Accounts,-1.248451053283767
Merchant 4,Good (670-739),0,Other Credits,Total Accounts,0.0
Merchant 4,Good (670-739),1,Other Credits,Total Accounts,-0.4449824874826638
Merchant 4,Good (670-739),2,Other Credits,Total Accounts,0.0
Merchant 4,Good (670-739),3,Other Credits,Total Accounts,-0.052828050528280504
Merchant 4,Good (670-739),4,Other Credits,Total Accounts,-0.10892978029417195
Merchant 4,Good (670-739),5,Other Credits,Total Accounts,-0.4048827970850543
Merchant 4,Good (670-739),6,Other Credits,Total Accounts,-0.26313095116207635
Merchant 4,Good (670-739),7,Other Credits,Total Accounts,0.0
Merchant 4,Good (670-739),8,Other Credits,Total Accounts,0.0
Merchant 4,Poor (300-579),0,Other Credits,Total Accounts,0.0
Merchant 4,Poor (300-579),1,Other Credits,Total Accounts,-0.21624322009705965
Merchant 4,Poor (300-579),2,Other Credits,Total Accounts,0.0
Merchant 4,Poor (300-579),3,Other Credits,Total Accounts,-0.20861583394179617
Merchant 4,Poor (300-579),4,Other Credits,Total Accounts,-0.14018386907478647
Merchant 4,Poor (300-579),5,Other Credits,Total Accounts,-0.1829319459595536
Merchant 4,Poor (300-579),6,Other Credits,Total Accounts,-0.1791044776119403
Merchant 4,Poor (300-579),7,Other Credits,Total Accounts,-0.742415677407198
Merchant 4,Poor (300-579),8,Other Credits,Total Accounts,0.0
Merchant 4,Very Good (740-799),0,Other Credits,Total Accounts,0.0
Merchant 4,Very Good (740-799),1,Other Credits,Total Accounts,-0.17676206206524156
Merchant 4,Very Good (740-799),2,Other Credits,Total Accounts,-0.6393065884950148
Merchant 4,Very Good (740-799),3,Other Credits,Total Accounts,0.0
Merchant 4,Very Good (740-799),4,Other Credits,Total Accounts,0.0
Merchant 4,Very Good (740-799),5,Other Credits,Total Accounts,-0.12862750595822234
Merchant 4,Very Good (740-799),6,Other Credits,Total Accounts,0.0
Merchant 4,Very Good (740-799),7,Other Credits,Total Accounts,0.0
Merchant 4,Very Good (740-799),8,Other Credits,Total Accounts,0.0
Merchant 5,Exceptional (800-850),0,Other Credits,Total Accounts,0.0
Merchant 5,Exceptional (800-850),1,Other Credits,Total Accounts,-0.2400860998427022
Merchant 5,Exceptional (800-850),2,Other Credits,Total Accounts,0.0
Merchant 5,Exceptional (800-850),3,Other Credits,Total Accounts,0.0
Merchant 5,Exceptional (800-850),4,Other Credits,Total Accounts,0.0
Merchant 5,Exceptional (800-850),5,Other Credits,Total Accounts,-0.3914515446466356
Merchant 5,Exceptional (800-850),6,Other Credits,Total Accounts,0.0
Merchant 5,Exceptional (800-850),7,Other Credits,Total Accounts,0.0
Merchant 5,Fair (580-669),0,Other Credits,Total Accounts,0.0
Merchant 5,Fair (580-669),1,Other Credits,Total Accounts,0.0
Merchant 5,Fair (580-669),2,Other Credits,Total Accounts,-0.07462931913074926
Merchant 5,Fair (580-669),3,Other Credits,Total Accounts,-0.06383890317052271
Merchant 5,Fair (580-669),4,Other Credits,Total Accounts,-0.3243662127753792
Merchant 5,Fair (580-669),5,Other Credits,Total Accounts,0.0
Merchant 5,Fair (580-669),6,Other Credits,Total Accounts,0.0
Merchant 5,Fair (580-669),7,Other Credits,Total Accounts,0.0
Merchant 5,Good (670-739),0,Other Credits,Total Accounts,0.0
Merchant 5,Good (670-739),1,Other Credits,Total Accounts,-0.14774216609078994
Merchant 5,Good (670-739),2,Other Credits,Total Accounts,0.0
Merchant 5,Good (670-739),3,Other Credits,Total Accounts,0.0
Merchant 5,Good (670-739),4,Other Credits,Total Accounts,0.0
Merchant 5,Good (670-739),5,Other Credits,Total Accounts,-0.4579851805139524
Merchant 5,Good (670-739),6,Other Credits,Total Accounts,0.0
Merchant 5,Good (670-739),7,Other Credits,Total Accounts,0.0
Merchant 5,Poor (300-579),0,Other Credits,Total Accounts,0.0
Merchant 5,Poor (300-579),1,Other Credits,Total Accounts,-0.16823444283646888
Merchant 5,Poor (300-579),2,Other Credits,Total Accounts,0.0
Merchant 5,Poor (300-579),3,Other Credits,Total Accounts,-0.11808809746954077
Merchant 5,Poor (300-579),4,Other Credits,Total Accounts,0.0
Merchant 5,Poor (300-579),5,Other Credits,Total Accounts,0.0
Merchant 5,Poor (300-579),6,Other Credits,Total Accounts,0.0
Merchant 5,Poor (300-579),7,Other Credits,Total Accounts,0.0
Merchant 5,Very Good (740-799),0,Other Credits,Total Accounts,0.0
Merchant 5,Very Good (740-799),1,Other Credits,Total Accounts,-0.10912607054056543
Merchant 5,Very Good (740-799),2,Other Credits,Total Accounts,-0.4278132203935024
Merchant 5,Very Good (740-799),3,Other Credits,Total Accounts,-0.4888797080493011
Merchant 5,Very Good (740-799),4,Other Credits,Total Accounts,0.0
Merchant 5,Very Good (740-799),5,Other Credits,Total Accounts,0.0
Merchant 5,Very Good (740-799),6,Other Credits,Total Accounts,0.0
Merchant 5,Very Good (740-799),7,Other Credits,Total Accounts,0.0
Merchant 6,Exceptional (800-850),0,Other Credits,Total Accounts,0.0
Merchant 6,Exceptional (800-850),1,Other Credits,Total Accounts,0.0
Merchant 6,Exceptional (800-850),2,Other Credits,Total Accounts,0.0
Merchant 6,Exceptional (800-850),3,Other Credits,Total Accounts,0.0
Merchant 6,Exceptional (800-850),4,Other Credits,Total Accounts,-0.5437333117566147
Merchant 6,Exceptional (800-850),5,Other Credits,Total Accounts,-0.8847184986595175
Merchant 6,Exceptional (800-850),6,Other Credits,Total Accounts,0.0
Merchant 6,Fair (580-669),0,Other Credits,Total Accounts,0.0
Merchant 6,Fair (580-669),1,Other Credits,Total Accounts,0.0
Merchant 6,Fair (580-669),2,Other Credits,Total Accounts,-0.22662889518413598
Merchant 6,Fair (580-669),3,Other Credits,Total Accounts,-0.9627692519441194
Merchant 6,Fair (580-669),4,Other Credits,Total Accounts,-0.09378552482000758
Merchant 6,Fair (580-669),5,Other Credits,Total Accounts,0.0
Merchant 6,Fair (580-669),6,Other Credits,Total Accounts,0.0
Merchant 6,Good (670-739),0,Other Credits,Total Accounts,0.0
Merchant 6,Good (670-739),1,Other Credits,Total Accounts,0.0
Merchant 6,Good (670-739),2,Other Credits,Total Accounts,0.0
Merchant 6,Good (670-739),3,Other Credits,Total Accounts,0.0
Merchant 6,Good (670-739),4,Other Credits,Total Accounts,-0.49914269384644694
Merchant 6,Good (670-739),5,Other Credits,Total Accounts,0.0
Merchant 6,Good (670-739),6,Other Credits,Total Accounts,0.0
Merchant 6,Poor (300-579),0,Other Credits,Total Accounts,0.0
Merchant 6,Poor (300-579),1,Other Credits,Total Accounts,0.0
Merchant 6,Poor (300-579),2,Other Credits,Total Accounts,-0.13898540653231412
Merchant 6,Poor (300-579),3,Other Credits,Total Accounts,0.0
Merchant 6,Poor (300-579),4,Other Credits,Total Accounts,0.0
Merchant 6,Poor (300-579),5,Other Credits,Total Accounts,0.0
Merchant 6,Poor (300-579),6,Other Credits,Total Accounts,0.0
Merchant 6,Very Good (740-799),0,Other Credits,Total Accounts,0.0
Merchant 6,Very Good (740-799),1,Other Credits,Total Accounts,-0.17531537858937302
Merchant 6,Very Good (740-799),2,Other Credits,Total Accounts,-0.38736761759374105
Merchant 6,Very Good (740-799),3,Other Credits,Total Accounts,0.0
Merchant 6,Very Good (740-799),4,Other Credits,Total Accounts,0.0
Merchant 6,Very Good (740-799),5,Other Credits,Total Accounts,-0.3044434667839859
Merchant 6,Very Good (740-799),6,Other Credits,Total Accounts,0.0
Merchant 7,Exceptional (800-850),0,Other Credits,Total Accounts,0.0
Merchant 7,Exceptional (800-850),1,Other Credits,Total Accounts,0.0
Merchant 7,Exceptional (800-850),2,Other Credits,Total Accounts,-0.43411371237458196
Merchant 7,Exceptional (800-850),3,Other Credits,Total Accounts,0.0
Merchant 7,Exceptional (800-850),4,Other Credits,Total Accounts,-0.4648978633482038
Merchant 7,Exceptional (800-850),5,Other Credits,Total Accounts,0.0
Merchant 7,Fair (580-669),0,Other Credits,Total Accounts,0.0
Merchant 7,Fair (580-669),1,Other Credits,Total Accounts,-0.21980146964032488
Merchant 7,Fair (580-669),2,Other Credits,Total Accounts,-0.5650808983337358
Merchant 7,Fair (580-669),3,Other Credits,Total Accounts,-0.1489668428640077
Merchant 7,Fair (580-669),4,Other Credits,Total Accounts,0.0
Merchant 7,Fair (580-669),5,Other Credits,Total Accounts,-0.8143607705779334
Merchant 7,Good (670-739),0,Other Credits,Total Accounts,0.0
Merchant 7,Good (670-739),1,Other Credits,Total Accounts,-0.3433922996878252
Merchant 7,Good (670-739),2,Other Credits,Total Accounts,0.0
Merchant 7,Good (670-739),3,Other Credits,Total Accounts,0.0
Merchant 7,Good (670-739),4,Other Credits,Total Accounts,0.0
Merchant 7,Good (670-739),5,Other Credits,Total Accounts,0.0
Merchant 7,Poor (300-579),0,Other Credits,Total Accounts,0.0
Merchant 7,Poor (300-579),1,Other Credits,Total Accounts,0.0
Merchant 7,Poor (300-579),2,Other Credits,Total Accounts,0.0
Merchant 7,Poor (300-579),3,Other Credits,Total Accounts,0.0
Merchant 7,Poor (300-579),4,Other Credits,Total Accounts,0.0
Merchant 7,Poor (300-579),5,Other Credits,Total Accounts,0.0
Merchant 7,Very Good (740-799),0,Other Credits,Total Accounts,0.0
Merchant 7,Very Good (740-799),1,Other Credits,Total Accounts,0.0
Merchant 7,Very Good (740-799),2,Other Credits,Total Accounts,0.0
Merchant 7,Very Good (740-799),3,Other Credits,Total Accounts,0.0
Merchant 7,Very Good (740-799),4,Other Credits,Total Accounts,0.0
Merchant 7,Very Good (740-799),5,Other Credits,Total Accounts,0.0
Merchant 8,Exceptional (800-850),0,Other Credits,Total Accounts,0.0
Merchant 8,Exceptional (800-850),1,Other Credits,Total Accounts,0.0
Merchant 8,Exceptional (800-850),2,Other Credits,Total Accounts,0.0
Merchant 8,Exceptional (800-850),3,Other Credits,Total Accounts,-0.4259175351155415
Merchant 8,Exceptional (800-850),4,Other Credits,Total Accounts,0.0
Merchant 8,Fair (580-669),0,Other Credits,Total Accounts,0.0
Merchant 8,Fair (580-669),1,Other Credits,Total Accounts,-0.26598865636612556
Merchant 8,Fair (580-669),2,Other Credits,Total Accounts,0.0
Merchant 8,Fair (580-669),3,Other Credits,Total Accounts,0.0
Merchant 8,Fair (580-669),4,Other Credits,Total Accounts,0.0
Merchant 8,Good (670-739),0,Other Credits,Total Accounts,0.0
Merchant 8,Good (670-739),1,Other Credits,Total Accounts,0.0
Merchant 8,Good (670-739),2,Other Credits,Total Accounts,0.0
Merchant 8,Good (670-739),3,Other Credits,Total Accounts,0.0
Merchant 8,Good (670-739),4,Other Credits,Total Accounts,0.0
Merchant 8,Poor (300-579),0,Other Credits,Total Accounts,0.0
Merchant 8,Poor (300-579),1,Other Credits,Total Accounts,-0.2473875026658136
Merchant 8,Poor (300-579),2,Other Credits,Total Accounts,0.0
Merchant 8,Poor (300-579),3,Other Credits,Total Accounts,-0.16338298894762135
Merchant 8,Poor (300-579),4,Other Credits,Total Accounts,0.0
Merchant 8,Very Good (740-799),0,Other Credits,Total Accounts,0.0
Merchant 8,Very Good (740-799),1,Other Credits,Total Accounts,0.0
Merchant 8,Very Good (740-799),2,Other Credits,Total Accounts,0.0
Merchant 8,Very Good (740-799),3,Other Credits,Total Accounts,-0.3471842536905413
Merchant 8,Very Good (740-799),4,Other Credits,Total Accounts,0.0
Merchant 9,ALL,0,Other Credits,Total Accounts,0.0
Merchant 9,ALL,1,Other Credits,Total Accounts,-0.12882966302991264
Merchant 9,ALL,2,Other Credits,Total Accounts,-0.04993686143955918
Merchant 9,ALL,3,Other Credits,Total Accounts,-0.32555615843733043
